id,year,date,component,regions,states,title,url,pdf,matched_on
1,2026,2026-09-24,Mobility Tracking – IDP & Returnee Atlas,North East,Adamawa; Borno; Yobe,Nigeria — Site Assessment Dashboard 14 (19 December 2016—25 January 2017),https://dtm.iom.int/reports/nigeria-%E2%80%94-site-assessment-dashboard-14-19-december-2016%E2%80%9425-january-2017-0,https://dtm.iom.int/sites/g/files/tmzbdl1461/files/public/reports/02b%20DTM%20Nigeria%20Round%20XIV%20Dashboard%20of%20Site%20Assessment.pdf,title:site assessment
2,2026,2026-09-24,Mobility Tracking – IDP & Returnee Atlas,North East,Adamawa; Borno; Yobe,Nigeria — Site Assessment Dashboard 14 (19 December 2016—25 January 2017),https://dtm.iom.int/reports/nigeria-%E2%80%94-site-assessment-dashboard-14-19-december-2016%E2%80%9425-january-2017-1,https://dtm.iom.int/sites/g/files/tmzbdl1461/files/public/reports/02c%20DTM%20Nigeria%20Round%20XIV%20Dashboard%20of%20Return%20Assessment.pdf,title:site assessment
3,2026,2026-09-24,Incident / Flash Report,North East,Borno,"Nigeria — Rann, Kala—Balge LGA Flash Report (13 January 2017)",https://dtm.iom.int/reports/nigeria-%E2%80%94-rann-kala%E2%80%94balge-lga-flash-report-13-january-2017,https://dtm.iom.int/sites/g/files/tmzbdl1461/files/public/reports/18%20DTM%20Nigeria%20Rann%20Flash%20Report%20Jan%202017.pdf,title:flash report
4,2026,2026-09-24,Incident / Flash Report,,,Nigeria — Kukawa LGA Flash Report (13 January 2017),https://dtm.iom.int/reports/nigeria-%E2%80%94-kukawa-lga-flash-report-13-january-2017-0,https://dtm.iom.int/sites/g/files/tmzbdl1461/files/public/reports/17%20DTM%20Nigeria%20Kukawa%20Flash%20Report%20Jan%202017.pdf,title:flash report
5,2026,2026-09-24,Mobility Tracking – IDP & Returnee Atlas,,,Nigeria — Displacement Report 14 (19 December 2016—25 January 2017),https://dtm.iom.int/reports/nigeria-%E2%80%94-displacement-report-14-19-december-2016%E2%80%9425-january-2017-0,https://dtm.iom.int/sites/g/files/tmzbdl1461/files/public/reports/01%20DTM%20Nigeria%20Round%20XIV%20Report%20January%202017.pdf,title:displacement report
6,2026,2026-09-24,Mobility Tracking – IDP & Returnee Atlas,North East,Adamawa; Borno; Yobe; Gombe; Taraba; Bauchi,Nigeria — Displacement Dashboard 13 (1 July 2014—31 December 2016),https://dtm.iom.int/reports/nigeria-%E2%80%94-displacement-dashboard-13-1-july-2014%E2%80%9431-december-2016,https://dtm.iom.int/sites/g/files/tmzbdl1461/files/public/reports/13%20DTM%20Nigeria%20Round%20XIII%20Location%20Assessment%20Report%20December%202016.pdf,title:displacement dashboard
7,2026,2026-09-24,Mobility Tracking – IDP & Returnee Atlas,North East; North Central; North West,,NIGERIA — MULTI-SECTORAL LOCATION ASSESSMENT: ENERGY ACCESS,https://dtm.iom.int/reports/nigeria-multi-sectoral-location-assessment-energy-access,https://dtm.iom.int/sites/g/files/tmzbdl1461/files/reports/DTM%20MSLA%20R7%20and%20R38%20-%20SUMMARY%20REPORT%20ON%20ENERGY%20ACCESS%20-%20Nigeria%2011_2021.pdf,title:location assessment
8,2026,2026-09-15,Incident / Flash Report,North West,Zamfara,Nigeria — North-west Nigeria — Zamfara State Flash Report 299 (24 August 2026),https://dtm.iom.int/reports/nigeria-north-west-nigeria-zamfara-state-flash-report-299-24-august-2026,https://dtm.iom.int/sites/g/files/tmzbdl1461/files/reports/IOM%20Nigeria%20Flash%20Report%20North-west%20Zamfara%20299.pdf,title:flash report
9,2026,2026-09-15,Incident / Flash Report,North West,Katsina,Nigeria — North-west Nigeria — Katsina State Flash Report 298 (23 August 2026),https://dtm.iom.int/reports/nigeria-north-west-nigeria-katsina-state-flash-report-298-23-august-2026,https://dtm.iom.int/sites/g/files/tmzbdl1461/files/reports/IOM%20Nigeria%20Flash%20Report%20North-west%20Katsina%20298.pdf,title:flash report
10,2026,2026-09-11,Incident / Flash Report,North West,Zamfara,Nigeria — North-west Nigeria — Zamfara State Flash Report 297 (17 August 2026),https://dtm.iom.int/reports/nigeria-north-west-nigeria-zamfara-state-flash-report-297-17-august-2026,https://dtm.iom.int/sites/g/files/tmzbdl1461/files/reports/IOM%20Nigeria%20Flash%20Report%20North-west%20Zamfara%20297.pdf,title:flash report
11,2026,2026-09-11,Incident / Flash Report,North West,Katsina,Nigeria — North-west Nigeria — Katsina State Flash Report 296 (14 August 2026),https://dtm.iom.int/reports/nigeria-north-west-nigeria-katsina-state-flash-report-296-14-august-2026,https://dtm.iom.int/sites/g/files/tmzbdl1461/files/reports/IOM%20Nigeria%20Flash%20Report%20North-west%20Katsina%20296.pdf,title:flash report
12,2026,2026-09-10,Transhumance Flow Monitoring Report,North West,Katsina; Zamfara,Nigeria — Transhumance Tracking Tool — Flow Monitoring Dashboard 22 — Katsina and Zamfara States (July 2026),https://dtm.iom.int/reports/nigeria-transhumance-tracking-tool-flow-monitoring-dashboard-22-katsina-and-zamfara-states,https://dtm.iom.int/sites/g/files/tmzbdl1461/files/reports/TTT__Transhumance_Flow_Monitoring%20Report%20No%2022_July%202026.pdf,title:transhumance
13,2026,2026-09-07,Early Warning & Early Response Dashboard,North West,Katsina; Zamfara,Nigeria — Transhumance Tracking Tool Report — Early Warning Dashboard 26 — Katsina and Zamfara States (July 2026),https://dtm.iom.int/reports/nigeria-transhumance-tracking-tool-report-early-warning-dashboard-26-katsina-and-zamfara,https://dtm.iom.int/sites/g/files/tmzbdl1461/files/reports/Nigeria%20%E2%80%94%20Transhumance%20Tracking%20Tool%20Report%20%E2%80%94%20Early%20Warning%20Dashboard%2026%20%28July%202026%29%20-%20Katsina%20and%20Zamfara%20states.pdf,title:early warning dashboard
14,2026,2026-08-14,Incident / Flash Report,North West,Katsina,Nigeria — North-west Nigeria — Katsina State Flash Report 295 (7–9 August 2026),https://dtm.iom.int/reports/nigeria-north-west-nigeria-katsina-state-flash-report-295-7-9-august-2026,https://dtm.iom.int/sites/g/files/tmzbdl1461/files/reports/IOM%20Nigeria%20Flash%20Report%20North-west%20Katsina%20295%20v2.pdf,title:flash report
15,2026,2026-08-06,Incident / Flash Report,North West,Zamfara,Nigeria — North-west Nigeria — Zamfara State Flash Report 294 (30 July 2026),https://dtm.iom.int/reports/nigeria-north-west-nigeria-zamfara-state-flash-report-294-30-july-2026,https://dtm.iom.int/sites/g/files/tmzbdl1461/files/reports/IOM%20Nigeria%20Flash%20Report%20North-west%20Zamfara%20294%20v3.pdf,title:flash report
16,2026,2026-08-06,Mobility Tracking – IDP & Returnee Atlas,North Central; North West,,Nigeria — North-central and North-west — Displacement Report 19 (January – February 2026),https://dtm.iom.int/reports/nigeria-north-central-and-north-west-displacement-report-19-january-february-2026,https://dtm.iom.int/sites/g/files/tmzbdl1461/files/reports/DTM%20Nigeria_NWNC_Needs%20Monitoring%20Round%2019_V7.pdf,title:displacement report
17,2026,2026-08-06,Mobility Tracking – Needs Monitoring,North Central; North West,,Nigeria — Needs Monitoring — DTM Nigeria NWNC Needs Monitoring Round 19,https://dtm.iom.int/reports/nigeria-north-central-and-north-west-displacement-report-19-january-february-2026#needs-monitoring-1,https://dtm.iom.int/sites/g/files/tmzbdl1461/files/reports/DTM%20Nigeria_NWNC_Needs%20Monitoring%20Round%2019_V7.pdf,attached file: DTM Nigeria_NWNC_Needs Monitoring Round 19
18,2026,2026-08-04,Incident / Flash Report,North West,Katsina,Nigeria — North-west Nigeria — Katsina State Flash Report 293 (29–30 July 2026),https://dtm.iom.int/reports/nigeria-north-west-nigeria-katsina-state-flash-report-293-29-30-july-2026,https://dtm.iom.int/sites/g/files/tmzbdl1461/files/reports/IOM%20Nigeria%20Flash%20Report%20North-west%20Katsina%20293%20v3.pdf,title:flash report
19,2026,2026-07-30,Mobility Tracking – IDP & Returnee Atlas,North East,,Nigeria — North-east — Displacement Report 52 (March 2026),https://dtm.iom.int/reports/nigeria-north-east-displacement-report-52-march-2026,https://dtm.iom.int/sites/g/files/tmzbdl1461/files/reports/Nigeria%20-%20North-east%20-%20Mobility%20Tracking%20Round%2052%20IDP%20and%20Returnee%20Atlas%20%28June%202026%29%20v8.pdf,title:displacement report
20,2026,2026-07-27,Transhumance Flow Monitoring Report,North West,Katsina; Zamfara,Nigeria — Transhumance Tracking Tool — Flow Monitoring Dashboard 21 — Katsina and Zamfara States (June 2026),https://dtm.iom.int/reports/nigeria-transhumance-tracking-tool-flow-monitoring-dashboard-21-katsina-and-zamfara-states,https://dtm.iom.int/sites/g/files/tmzbdl1461/files/reports/TTT__Transhumance_Flow_Monitoring%20Report%20No%2021_June%202026.pdf,title:transhumance
21,2026,2026-07-27,Early Warning & Early Response Dashboard,North West,Katsina; Zamfara,Nigeria — Transhumance Tracking Tool Report — Early Warning Dashboard 25 — Katsina and Zamfara States (June 2026),https://dtm.iom.int/reports/nigeria-transhumance-tracking-tool-report-early-warning-dashboard-25-katsina-and-zamfara,https://dtm.iom.int/sites/g/files/tmzbdl1461/files/reports/Nigeria%20%E2%80%94%20Transhumance%20Tracking%20Tool%20Report%20%E2%80%94%20Early%20Warning%20Dashboard%2025%20%28June%202026%29.pdf,title:early warning dashboard
22,2026,2026-06-24,Incident / Flash Report,North West,Zamfara,Nigeria — North-west Nigeria — Zamfara State Flash Report 292 (19 June 2026),https://dtm.iom.int/reports/nigeria-north-west-nigeria-zamfara-state-flash-report-292-19-june-2026,https://dtm.iom.int/sites/g/files/tmzbdl1461/files/reports/IOM%20Nigeria%20Flash%20Report%20North-west%20Zamfara%20292.pdf,title:flash report
23,2026,2026-06-22,Early Warning & Early Response Dashboard,North West,Katsina; Zamfara,Nigeria — Transhumance Tracking Tool Report — Early Warning Dashboard 24 — Katsina and Zamfara States (May 2026),https://dtm.iom.int/reports/nigeria-transhumance-tracking-tool-report-early-warning-dashboard-24-katsina-and-zamfara,https://dtm.iom.int/sites/g/files/tmzbdl1461/files/reports/Nigeria%20%E2%80%94%20TTT%20Report%20%E2%80%94%20Early%20Warning%20Dashboard%2024%20%28May%202026%29.pdf,title:early warning dashboard
24,2026,2026-06-19,Incident / Flash Report,North West,Zamfara,Nigeria — North-west Nigeria — Zamfara State Flash Report 291 (16 June 2026),https://dtm.iom.int/reports/nigeria-north-west-nigeria-zamfara-state-flash-report-291-16-june-2026,https://dtm.iom.int/sites/g/files/tmzbdl1461/files/reports/IOM%20Nigeria%20Flash%20Report%20North-west%20Zamfara%20291.pdf,title:flash report
25,2026,2026-06-16,Transhumance Flow Monitoring Report,North West,Katsina; Zamfara,Nigeria — Transhumance Tracking Tool — Flow Monitoring Dashboard 20 — Katsina and Zamfara States (May 2026),https://dtm.iom.int/reports/nigeria-transhumance-tracking-tool-flow-monitoring-dashboard-20-katsina-and-zamfara-states,https://dtm.iom.int/sites/g/files/tmzbdl1461/files/reports/TTT__Transhumance_Flow_Monitoring%20Report%20No%2020_May%202026.pdf,title:transhumance
26,2026,2026-06-04,Solutions Mobility Index / Stability Index,North East,Borno,Nigeria — Solution and Mobility Index Round 1 — Borno State (September 2025),https://dtm.iom.int/reports/nigeria-solution-and-mobility-index-round-1-borno-state-september-2025,https://dtm.iom.int/sites/g/files/tmzbdl1461/files/reports/Borno%20State%20Solutions%20and%20Mobility%20Index%20Report.pdf,title:mobility index
27,2026,2026-06-04,Incident / Flash Report,North West,Katsina,Nigeria — North-west Nigeria — Katsina State Flash Report 290 (01 June 2026),https://dtm.iom.int/reports/nigeria-north-west-nigeria-katsina-state-flash-report-290-01-june-2026,https://dtm.iom.int/sites/g/files/tmzbdl1461/files/reports/IOM%20Nigeria%20Flash%20Report%20North-west%20Katsina%20290.pdf,title:flash report
28,2026,2026-05-29,Solutions Mobility Index / Stability Index,North Central,Benue,Nigeria — Solutions and Mobility Index Round 1 — Benue State (August 2025),https://dtm.iom.int/reports/nigeria-solutions-and-mobility-index-round-1-benue-state-august-2025,https://dtm.iom.int/sites/g/files/tmzbdl1461/files/reports/R1%20Solutions%20and%20Mobility%20Index%20Report%20Benue%20State.pdf,title:mobility index
29,2026,2026-05-29,Solutions Mobility Index / Stability Index,North East,Adamawa,Nigeria — Solutions and Mobility Index Round 1 — Adamawa State (August 2025),https://dtm.iom.int/reports/nigeria-solutions-and-mobility-index-round-1-adamawa-state-august-2025,https://dtm.iom.int/sites/g/files/tmzbdl1461/files/reports/R1%20Solutions%20and%20Mobility%20Index%20Report%20Adamawa%20State.pdf,title:mobility index
30,2026,2026-05-21,Transhumance Flow Monitoring Report,North West,Katsina; Zamfara,Nigeria — Transhumance Tracking Tool — Flow Monitoring Dashboard 19 — Katsina and Zamfara States (April 2026),https://dtm.iom.int/reports/nigeria-transhumance-tracking-tool-flow-monitoring-dashboard-19-katsina-and-zamfara-states,https://dtm.iom.int/sites/g/files/tmzbdl1461/files/reports/TTT__Transhumance_Flow_Monitoring%20Report%20No%2019_April%202026.pdf,title:transhumance
31,2026,2026-05-20,Solutions Mobility Index / Stability Index,North East,Yobe,Nigeria — Solutions and Mobility Index Round 1 — Yobe State (August 2025),https://dtm.iom.int/reports/nigeria-solutions-and-mobility-index-round-1-yobe-state-august-2025,https://dtm.iom.int/sites/g/files/tmzbdl1461/files/reports/Solutions%20and%20Mobility%20Index%20Report%20Yobe%20State%20R1%20%28Aug%202025%29.pdf,title:mobility index
32,2026,2026-05-20,Incident / Flash Report,North West,Zamfara,Nigeria — North-west Nigeria — Zamfara State Flash Report 289 (16 May 2026),https://dtm.iom.int/reports/nigeria-north-west-nigeria-zamfara-state-flash-report-289-16-may-2026,https://dtm.iom.int/sites/g/files/tmzbdl1461/files/reports/IOM%20Nigeria%20Flash%20Report%20North-west%20Zamfara%20289.pdf,title:flash report
33,2026,2026-05-19,Early Warning & Early Response Dashboard,North West,Katsina; Zamfara,Nigeria — Transhumance Tracking Tool Report — Early Warning Dashboard 23 — Katsina and Zamfara States (April 2026),https://dtm.iom.int/reports/nigeria-transhumance-tracking-tool-report-early-warning-dashboard-23-katsina-and-zamfara,https://dtm.iom.int/sites/g/files/tmzbdl1461/files/reports/Nigeria%20%E2%80%94%20Early%20Warning%20Dashboard%2023%20%28April%202026%29%20-%20Katsina%20and%20Zamfara%20states.pdf,title:early warning dashboard
34,2026,2026-04-30,Incident / Flash Report,North West,Zamfara,Nigeria — North-west Nigeria — Zamfara State Flash Report 288 (25 April 2026),https://dtm.iom.int/reports/nigeria-north-west-nigeria-zamfara-state-flash-report-288-25-april-2026,https://dtm.iom.int/sites/g/files/tmzbdl1461/files/reports/IOM%20Nigeria%20Flash%20Report%20North-west%20Zamfara%20288.pdf,title:flash report
35,2026,2026-04-29,Early Warning & Early Response Dashboard,North West,Katsina; Zamfara,Nigeria — Transhumance Tracking Tool Report — Early Warning Dashboard 22 — Katsina and Zamfara States (March 2026),https://dtm.iom.int/reports/nigeria-transhumance-tracking-tool-report-early-warning-dashboard-22-katsina-and-zamfara,https://dtm.iom.int/sites/g/files/tmzbdl1461/files/reports/Nigeria%20%E2%80%94%20Transhumance%20Tracking%20Tool%20Report%20%E2%80%94%20Early%20Warning%20Dashboard%2022%20%28March%202026%29%20-%20Katsina%20and%20Zamfara%20states.pdf,title:early warning dashboard
36,2026,2026-04-27,Transhumance Flow Monitoring Report,North West,Katsina; Zamfara,Nigeria — Transhumance Tracking Tool — Flow Monitoring Dashboard 18 — Katsina and Zamfara States (March 2026),https://dtm.iom.int/reports/nigeria-transhumance-tracking-tool-flow-monitoring-dashboard-18-katsina-and-zamfara-states,https://dtm.iom.int/sites/g/files/tmzbdl1461/files/reports/TTT__Transhumance_Flow_Monitoring%20Report%20No%2018_March%202026.pdf,title:transhumance
37,2026,2026-04-27,Incident / Flash Report,North West,Katsina,Nigeria — North-west Nigeria — Katsina State Flash Report 287 (21 April 2026),https://dtm.iom.int/reports/nigeria-north-west-nigeria-katsina-state-flash-report-287-21-april-2026,https://dtm.iom.int/sites/g/files/tmzbdl1461/files/reports/IOM%20Nigeria%20Flash%20Report%20North-west%20Katsina%20287.pdf,title:flash report
38,2026,2026-04-24,Incident / Flash Report,North West,Zamfara,Nigeria — North-west Nigeria — Zamfara State Flash Report 286 (21 April 2026),https://dtm.iom.int/reports/nigeria-north-west-nigeria-zamfara-state-flash-report-286-21-april-2026,https://dtm.iom.int/sites/g/files/tmzbdl1461/files/reports/IOM%20Nigeria%20Flash%20Report%20North-west%20Zamfara%20286.pdf,title:flash report
39,2026,2026-04-22,Incident / Flash Report,North West,Zamfara,Nigeria — North-west Nigeria — Zamfara State Flash Report 285 (20 April 2026),https://dtm.iom.int/reports/nigeria-north-west-nigeria-zamfara-state-flash-report-285-20-april-2026,https://dtm.iom.int/sites/g/files/tmzbdl1461/files/reports/IOM%20Nigeria%20Flash%20Report%20North-west%20Zamfara%20285.pdf,title:flash report
40,2026,2026-04-20,Incident / Flash Report,North West,Zamfara,Nigeria — North-west Nigeria — Zamfara State Flash Report 284 (15 April 2026),https://dtm.iom.int/reports/nigeria-north-west-nigeria-zamfara-state-flash-report-284-15-april-2026,https://dtm.iom.int/sites/g/files/tmzbdl1461/files/reports/IOM%20Nigeria%20Flash%20Report%20North-west%20Zamfara%20284.pdf,title:flash report
41,2026,2026-04-09,Incident / Flash Report,North West,Katsina,Nigeria — North-west Nigeria — Katsina State Flash Report 283 (07 April 2026),https://dtm.iom.int/reports/nigeria-north-west-nigeria-katsina-state-flash-report-283-07-april-2026,https://dtm.iom.int/sites/g/files/tmzbdl1461/files/reports/IOM%20Nigeria%20Flash%20Report%20North-west%20Katsina%20283.pdf,title:flash report
42,2026,2026-04-07,Incident / Flash Report,North West,Zamfara,Nigeria — North-west Nigeria — Zamfara State Flash Report 282 (30 March 2026),https://dtm.iom.int/reports/nigeria-north-west-nigeria-zamfara-state-flash-report-282-30-march-2026,https://dtm.iom.int/sites/g/files/tmzbdl1461/files/reports/IOM%20Nigeria%20Flash%20Report%20North-west%20Zamfara%20282.pdf,title:flash report
43,2026,2026-03-27,Incident / Flash Report,North East; North West,Zamfara,Nigeria — North-east Nigeria — Zamfara State Flash Report 281 (13 March 2026),https://dtm.iom.int/reports/nigeria-north-east-nigeria-zamfara-state-flash-report-281-13-march-2026,https://dtm.iom.int/sites/g/files/tmzbdl1461/files/reports/IOM%20Nigeria%20Flash%20Report%20North-west%20Zamfara%20281.pdf,title:flash report
44,2026,2026-03-19,Transhumance Flow Monitoring Report,North West,Katsina; Zamfara,Nigeria — Transhumance Tracking Tool — Flow Monitoring Dashboard 17 — Katsina and Zamfara States (February 2026),https://dtm.iom.int/reports/nigeria-transhumance-tracking-tool-flow-monitoring-dashboard-17-katsina-and-zamfara-states,https://dtm.iom.int/sites/g/files/tmzbdl1461/files/reports/TTT__Transhumance_Flow_Monitoring%20Report%20No%2017_February%202026.pdf,title:transhumance
45,2026,2026-03-19,Early Warning & Early Response Dashboard,North West,Katsina; Zamfara,Nigeria — Transhumance Tracking Tool Report — Early Warning Dashboard 21 — Katsina and Zamfara States (February 2026),https://dtm.iom.int/reports/nigeria-transhumance-tracking-tool-report-early-warning-dashboard-21-katsina-and-zamfara,https://dtm.iom.int/sites/g/files/tmzbdl1461/files/reports/Nigeria%20%E2%80%94%20Early%20Warning%20Dashboard%2021%20%28February%202026%29.pdf,title:early warning dashboard
46,2026,2026-03-11,Incident / Flash Report,North West,Zamfara,Nigeria — North-west Nigeria — Zamfara State Flash Report 280 (10 March 2026),https://dtm.iom.int/reports/nigeria-north-west-nigeria-zamfara-state-flash-report-280-10-march-2026,https://dtm.iom.int/sites/g/files/tmzbdl1461/files/reports/IOM%20Nigeria%20Flash%20Report%20North-west%20Zamfara%20280.pdf,title:flash report
47,2026,2026-03-11,Incident / Flash Report,North East,Bauchi,Nigeria — North-east Nigeria — Bauchi State Flash Report 171 (10 March 2026),https://dtm.iom.int/reports/nigeria-north-east-nigeria-bauchi-state-flash-report-171-10-march-2026,https://dtm.iom.int/sites/g/files/tmzbdl1461/files/reports/IOM%20Nigeria%20Flash%20Report%20North-east%20Bauchi%20171.pdf,title:flash report
48,2026,2026-03-10,Biometric Registration Report,North Central,Benue,Nigeria — Biometric Registration Update Report 9 Benue State (March 2026),https://dtm.iom.int/reports/nigeria-biometric-registration-update-report-9-benue-state-march-2026,https://dtm.iom.int/sites/g/files/tmzbdl1461/files/reports/BENUE%20BIOMETRIC%20UPDATE%20REPORT_Round%209.pdf,title:biometric
49,2026,2026-03-09,Incident / Flash Report,North East,Bauchi,Nigeria — North-east Nigeria — Bauchi State Flash Report 170 (3 March 2026),https://dtm.iom.int/reports/nigeria-north-east-nigeria-bauchi-state-flash-report-170-3-march-2026,https://dtm.iom.int/sites/g/files/tmzbdl1461/files/reports/IOM%20Nigeria%20Flash%20Report%20North-east%20Bauchi%20170%20v3.pdf,title:flash report
50,2026,2026-03-06,Transhumance Flow Monitoring Report,North West,Katsina; Zamfara,Nigeria — Transhumance Tracking Tool — Flow Monitoring Dashboard 14 — Katsina and Zamfara States (November 2025),https://dtm.iom.int/reports/nigeria-transhumance-tracking-tool-flow-monitoring-dashboard-14-katsina-and-zamfara-states,https://dtm.iom.int/sites/g/files/tmzbdl1461/files/reports/TTT__Transhumance_Flow_Monitoring_November%202025_v8.pdf,title:transhumance
51,2026,2026-03-06,Early Warning & Early Response Dashboard,North West,Katsina; Zamfara,Nigeria — Transhumance Tracking Tool Report — Early Warning Dashboard 20 — Katsina and Zamfara States (January 2026),https://dtm.iom.int/reports/nigeria-transhumance-tracking-tool-report-early-warning-dashboard-20-katsina-and-zamfara,https://dtm.iom.int/sites/g/files/tmzbdl1461/files/reports/Nigeria%20%E2%80%94%20Transhumance%20Tracking%20Tool%20Report%20%E2%80%94%20Early%20Warning%20Dashboard%2020%20%28January%202026%29%20-%20Katsina%20and%20Zamfara%20states%20EU_V2.pdf,title:early warning dashboard
52,2026,2026-03-06,Early Warning & Early Response Dashboard,North West,Katsina; Zamfara,Nigeria — Transhumance Tracking Tool Report — Early Warning Dashboard 18 — Katsina and Zamfara States (October – November 2025),https://dtm.iom.int/reports/nigeria-transhumance-tracking-tool-report-early-warning-dashboard-18-katsina-and-zamfara,https://dtm.iom.int/sites/g/files/tmzbdl1461/files/reports/Nigeria%20%E2%80%94%20Transhumance%20Tracking%20Tool%20Report%20%E2%80%94%20Early%20Warning%20Dashboard%2018%20%28October%20and%20November%202025%29%20-%20Katsina%20and%20Zamfara%20states%20EU_V11.pdf,title:early warning dashboard
53,2026,2026-03-05,Transhumance Flow Monitoring Report,North West,Katsina; Zamfara,Nigeria — Transhumance Tracking Tool — Flow Monitoring Dashboard 16 — Katsina and Zamfara states (January 2026),https://dtm.iom.int/reports/nigeria-transhumance-tracking-tool-flow-monitoring-dashboard-16-katsina-and-zamfara-states,https://dtm.iom.int/sites/g/files/tmzbdl1461/files/reports/TTT__Transhumance_Flow_Monitoring%20Report%20No%2016_January%202026.pdf,title:transhumance
54,2026,2026-03-05,Incident / Flash Report,North West,Zamfara,Nigeria — North-west Nigeria — Zamfara State Flash Report 279 (4 March 2026),https://dtm.iom.int/reports/nigeria-north-west-nigeria-zamfara-state-flash-report-279-4-march-2026,https://dtm.iom.int/sites/g/files/tmzbdl1461/files/reports/IOM%20Nigeria%20Flash%20Report%20North-west%20Zamfara%20279%20v4.pdf,title:flash report
55,2026,2026-03-03,Early Warning & Early Response Dashboard,North West,Katsina; Zamfara,Nigeria — Transhumance Tracking Tool Report — Early Warning Dashboard 19 — Katsina and Zamfara State (December 2025),https://dtm.iom.int/reports/nigeria-transhumance-tracking-tool-report-early-warning-dashboard-19-katsina-and-zamfara,https://dtm.iom.int/sites/g/files/tmzbdl1461/files/reports/Nigeria%20%E2%80%94%20Transhumance%20Tracking%20Tool%20Report%20%E2%80%94%20Early%20Warning%20Dashboard%2019%20%28December%202025%29%20-%20Katsina%20and%20Zamfara%20states%20EU_V3.pdf,title:early warning dashboard
56,2026,2026-03-02,Transhumance Flow Monitoring Report,North West,Kaduna; Katsina,Nigeria — Transhumance Tracking Tool — Flow Monitoring Dashboard 15 — Kaduna and Katsina states (December 2025),https://dtm.iom.int/reports/nigeria-transhumance-tracking-tool-flow-monitoring-dashboard-15-kaduna-and-katsina-states,https://dtm.iom.int/sites/g/files/tmzbdl1461/files/reports/TTT__Transhumance_Flow_Monitoring_December%202025_v4.pdf,title:transhumance
57,2026,2026-03-02,Mobility Tracking – IDP & Returnee Atlas,North East,,Nigeria — North-East Displacement Report Round 51 (October 2025),https://dtm.iom.int/reports/nigeria-north-east-displacement-report-round-51-october-2025,https://dtm.iom.int/sites/g/files/tmzbdl1461/files/reports/NE%20Needs%20Monitoring%20Report%20R51.pdf,title:displacement report
58,2026,2026-03-02,Mobility Tracking – Needs Monitoring,North East,,Nigeria — Needs Monitoring — NE Needs Monitoring Report R51,https://dtm.iom.int/reports/nigeria-north-east-displacement-report-round-51-october-2025#needs-monitoring-1,https://dtm.iom.int/sites/g/files/tmzbdl1461/files/reports/NE%20Needs%20Monitoring%20Report%20R51.pdf,attached file: NE Needs Monitoring Report R51
59,2026,2026-02-27,Incident / Flash Report,North West,Zamfara,Nigeria — North-west Nigeria — Zamfara State Flash Report 278 (24 February 2026),https://dtm.iom.int/reports/nigeria-north-west-nigeria-zamfara-state-flash-report-278-24-february-2026,https://dtm.iom.int/sites/g/files/tmzbdl1461/files/reports/IOM%20Nigeria%20Flash%20Report%20North-west%20Zamfara%20278%20v3.pdf,title:flash report
60,2026,2026-02-18,Incident / Flash Report,North West,Zamfara,Nigeria — North-west Nigeria — Zamfara State Flash Report 277 (02 February 2026),https://dtm.iom.int/reports/nigeria-north-west-nigeria-zamfara-state-flash-report-277-02-february-2026,https://dtm.iom.int/sites/g/files/tmzbdl1461/files/reports/IOM%20Nigeria%20Flash%20Report%20North-west%20Zamfara%20277.pdf,title:flash report
61,2026,2026-02-12,Mobility Tracking – IDP & Returnee Atlas,North Central; North West,Benue; Nasarawa; Kogi; Niger; Kano; Kaduna; Katsina,Nigeria — North-Central and North-West — Round 18 IDP Atlas (October 2025),https://dtm.iom.int/reports/nigeria-north-central-and-north-west-round-18-idp-atlas-october-2025,https://dtm.iom.int/sites/g/files/tmzbdl1461/files/reports/IDP%20and%20Returnee%20Atlas%20NCNW%20R18%20-%20Published.pdf,title:atlas
62,2026,2026-02-02,Emergency Tracking Tool (ETT),North East,Adamawa,Nigeria — Emergency Tracking Tool Report 524 — Adamawa State (19–25 January 2026),https://dtm.iom.int/reports/nigeria-emergency-tracking-tool-report-524-adamawa-state-19-25-january-2026,https://dtm.iom.int/sites/g/files/tmzbdl1461/files/reports/IOM%20Nigeria%20DTM%20Emergency%20Tracking%20Tool%20%28ETT%29%20Report%20No.%20524_Adamawa.pdf,title:emergency tracking tool
63,2026,2026-01-30,Emergency Tracking Tool (ETT),North Central,Benue,Nigeria — Emergency Tracking Tool Report 54 — Benue State (19–25 January 2026),https://dtm.iom.int/reports/nigeria-emergency-tracking-tool-report-54-benue-state-19-25-january-2026,https://dtm.iom.int/sites/g/files/tmzbdl1461/files/reports/IOM%20Nigeria%20DTM%20Emergency%20Tracking%20Tool%20%28ETT%29%20Report%20No.%2054%20Benue%20State.pdf,title:emergency tracking tool
64,2026,2026-01-28,Incident / Flash Report,North West,Katsina,Nigeria — North-west Nigeria — Katsina State Flash Report 277 (21 January 2026),https://dtm.iom.int/reports/nigeria-north-west-nigeria-katsina-state-flash-report-277-21-january-2026,https://dtm.iom.int/sites/g/files/tmzbdl1461/files/reports/IOM%20Nigeria%20Flash%20Report%20North-west%20Katsina%20277.pdf,title:flash report
65,2026,2026-01-28,Emergency Tracking Tool (ETT),North Central,Benue,Nigeria — Emergency Tracking Tool Report 53 — Benue State (12–18 January 2026),https://dtm.iom.int/reports/nigeria-emergency-tracking-tool-report-53-benue-state-12-18-january-2026,https://dtm.iom.int/sites/g/files/tmzbdl1461/files/reports/IOM%20Nigeria%20DTM%20Emergency%20Tracking%20Tool%20%28ETT%29%20Report%20No.%2053%20Benue%20State.pdf,title:emergency tracking tool
66,2026,2026-01-28,Emergency Tracking Tool (ETT),North East,Borno,Nigeria — Emergency Tracking Tool Report 523 — Borno State (19–25 January 2026),https://dtm.iom.int/reports/nigeria-emergency-tracking-tool-report-523-borno-state-19-25-january-2026,https://dtm.iom.int/sites/g/files/tmzbdl1461/files/reports/IOM%20Nigeria%20DTM%20Emergency%20Tracking%20Tool%20%28ETT%29%20Report%20No.%20523%20Borno%20State.pdf,title:emergency tracking tool
67,2026,2026-01-28,Emergency Tracking Tool (ETT),North East,Adamawa,Nigeria — Emergency Tracking Tool Report 519 — Adamawa State (05–11 January 2026),https://dtm.iom.int/reports/nigeria-emergency-tracking-tool-report-519-adamawa-state-05-11-january-2026,https://dtm.iom.int/sites/g/files/tmzbdl1461/files/reports/IOM%20Nigeria%20DTM%20Emergency%20Tracking%20Tool%20%28ETT%29%20Report%20No.%20519_Adamawa.pdf,title:emergency tracking tool
68,2026,2026-01-26,Incident / Flash Report,North Central,Benue,Nigeria — North-central Nigeria — Benue State Flash Report 276 (20–21 January 2026),https://dtm.iom.int/reports/nigeria-north-central-nigeria-benue-state-flash-report-276-20-21-january-2026,https://dtm.iom.int/sites/g/files/tmzbdl1461/files/reports/IOM%20Nigeria%20Flash%20Report%20North-central%20Benue%20State%20276.pdf,title:flash report
69,2026,2026-01-26,Emergency Tracking Tool (ETT),North East,Adamawa,Nigeria — Emergency Tracking Tool Report 521 — Adamawa State (12–18 January 2026),https://dtm.iom.int/reports/nigeria-emergency-tracking-tool-report-521-adamawa-state-12-18-january-2026,https://dtm.iom.int/sites/g/files/tmzbdl1461/files/reports/IOM%20Nigeria%20DTM%20Emergency%20Tracking%20Tool%20%28ETT%29%20Report%20No.%20521_Adamawa.pdf,title:emergency tracking tool
70,2026,2026-01-23,Incident / Flash Report,North West,Kaduna,Nigeria — North-west Nigeria — Kaduna State Flash Report 275 (18 January 2026),https://dtm.iom.int/reports/nigeria-north-west-nigeria-kaduna-state-flash-report-275-18-january-2026,https://dtm.iom.int/sites/g/files/tmzbdl1461/files/reports/IOM%20Nigeria%20Flash%20Report%20North-west%20Kaduna%20State%20275.pdf,title:flash report
71,2026,2026-01-22,Incident / Flash Report,North West,Sokoto,Nigeria — North-west Nigeria — Sokoto State Flash Report 274 (19 January 2026),https://dtm.iom.int/reports/nigeria-north-west-nigeria-sokoto-state-flash-report-274-19-january-2026,https://dtm.iom.int/sites/g/files/tmzbdl1461/files/reports/IOM%20Nigeria%20Flash%20Report%20North-west%20Sokoto%20State%20274.pdf,title:flash report
72,2026,2026-01-22,Emergency Tracking Tool (ETT),North East,Borno,Nigeria — Emergency Tracking Tool Report 522 — Borno State (12–18 January 2026),https://dtm.iom.int/reports/nigeria-emergency-tracking-tool-report-522-borno-state-12-18-january-2026,https://dtm.iom.int/sites/g/files/tmzbdl1461/files/reports/IOM%20Nigeria%20DTM%20Emergency%20Tracking%20Tool%20%28ETT%29%20Report%20No.%20522%20Borno%20State.pdf,title:emergency tracking tool
73,2026,2026-01-22,Emergency Tracking Tool (ETT),North East,Yobe,Nigeria — Emergency Tracking Tool Report 520 — Yobe State (12–18 January 2026),https://dtm.iom.int/reports/nigeria-emergency-tracking-tool-report-520-yobe-state-12-18-january-2026,https://dtm.iom.int/sites/g/files/tmzbdl1461/files/reports/IOM%20Nigeria%20DTM%20Emergency%20Tracking%20Tool%20%28ETT%29%20Report%20No.%20520%20%20Yobe%20State.pdf,title:emergency tracking tool
74,2026,2026-01-20,Transhumance Flow Monitoring Report,North West,Katsina; Zamfara,Nigeria — Transhumance Tracking Tool — Katsina and Zamfara State (January 2026),https://dtm.iom.int/reports/nigeria-transhumance-tracking-tool-katsina-and-zamfara-state-january-2026,https://dtm.iom.int/sites/g/files/tmzbdl1461/files/reports/Transhumance%20Baseline%20Report%20%28CPCRR%20Jan%202026%29_final.pdf,title:transhumance
75,2026,2026-01-20,Incident / Flash Report,North West,Zamfara,Nigeria — North-west Nigeria — Zamfara State Flash Report 272 (15–18 January 2026),https://dtm.iom.int/reports/nigeria-north-west-nigeria-zamfara-state-flash-report-272-15-18-january-2026,https://dtm.iom.int/sites/g/files/tmzbdl1461/files/reports/IOM%20Nigeria%20Flash%20Report%20North-west%20Zamfara%20State%20273.pdf,title:flash report
76,2026,2026-01-16,Incident / Flash Report,North West,Sokoto,Nigeria — North-west Nigeria — Sokoto State Flash Report 272 (09–12 January 2026),https://dtm.iom.int/reports/nigeria-north-west-nigeria-sokoto-state-flash-report-272-09-12-january-2026,https://dtm.iom.int/sites/g/files/tmzbdl1461/files/reports/IOM%20Nigeria%20Flash%20Report%20North-west%20Sokoto%20State%20272.pdf,title:flash report
77,2026,2026-01-15,Emergency Tracking Tool (ETT),North East,Borno,Nigeria — Emergency Tracking Tool Report 518 — Borno State (5–11 January 2026),https://dtm.iom.int/reports/nigeria-emergency-tracking-tool-report-518-borno-state-5-11-january-2026,https://dtm.iom.int/sites/g/files/tmzbdl1461/files/reports/IOM%20Nigeria%20DTM%20Emergency%20Tracking%20Tool%20%28ETT%29%20Report%20No.%20518%20Borno%20State.pdf,title:emergency tracking tool
78,2026,2026-01-15,Emergency Tracking Tool (ETT),North East,Adamawa,Nigeria — Emergency Tracking Tool Report 517 — Adamawa State (29 December–4 January 2025),https://dtm.iom.int/reports/nigeria-emergency-tracking-tool-report-517-adamawa-state-29-december-4-january-2025,https://dtm.iom.int/sites/g/files/tmzbdl1461/files/reports/IOM%20Nigeria%20DTM%20Emergency%20Tracking%20Tool%20%28ETT%29%20Report%20No.%20517_Adamawa.pdf,title:emergency tracking tool
79,2026,2026-01-13,Emergency Tracking Tool (ETT),North East,Adamawa,Nigeria — Emergency Tracking Tool Report 516 — Adamawa State (15–21 December 2025),https://dtm.iom.int/reports/nigeria-emergency-tracking-tool-report-516-adamawa-state-15-21-december-2025,https://dtm.iom.int/sites/g/files/tmzbdl1461/files/reports/IOM%20Nigeria%20DTM%20Emergency%20Tracking%20Tool%20%28ETT%29%20Report%20No.%20516_Adamawa.pdf,title:emergency tracking tool
80,2025,2025-12-30,Emergency Tracking Tool (ETT),,,Nigeria — Emergency Tracking Tool Report #513 (08–14 December 2025),https://dtm.iom.int/reports/nigeria-emergency-tracking-tool-report-513-08-14-december-2025,https://dtm.iom.int/sites/g/files/tmzbdl1461/files/reports/IOM%20Nigeria%20DTM%20Emergency%20Tracking%20Tool%20%28ETT%29%20Report%20No.%20513_Adamawa.pdf,title:emergency tracking tool
81,2025,2025-12-30,Emergency Tracking Tool (ETT),,,Nigeria — Emergency Tracking Tool Report #510 (01–07 December 2025),https://dtm.iom.int/reports/nigeria-emergency-tracking-tool-report-510-01-07-december-2025,https://dtm.iom.int/sites/g/files/tmzbdl1461/files/reports/IOM%20Nigeria%20DTM%20Emergency%20Tracking%20Tool%20%28ETT%29%20Report%20No.%20510_Adamawa.pdf,title:emergency tracking tool
82,2025,2025-12-23,Emergency Tracking Tool (ETT),North East,Borno,Nigeria — Emergency Tracking Tool Report #512 (08–14 December 2025),https://dtm.iom.int/reports/nigeria-emergency-tracking-tool-report-512-08-14-december-2025,https://dtm.iom.int/sites/g/files/tmzbdl1461/files/reports/IOM%20Nigeria%20DTM%20Emergency%20Tracking%20Tool%20%28ETT%29%20Report%20No.%20512%20Borno%20State%20v3.pdf,title:emergency tracking tool
83,2025,2025-12-18,Emergency Tracking Tool (ETT),North East,Yobe,Nigeria — Emergency Tracking Tool Report #511 (08–14 December 2025),https://dtm.iom.int/reports/nigeria-emergency-tracking-tool-report-511-08-14-december-2025,https://dtm.iom.int/sites/g/files/tmzbdl1461/files/reports/IOM%20Nigeria%20DTM%20Emergency%20Tracking%20Tool%20%28ETT%29%20Report%20No.%20511%20Yobe%20State.pdf,title:emergency tracking tool
84,2025,2025-12-17,Emergency Tracking Tool (ETT),North East,Borno,Nigeria — Emergency Tracking Tool Report #509 (1–7 December 2025),https://dtm.iom.int/reports/nigeria-emergency-tracking-tool-report-509-1-7-december-2025,https://dtm.iom.int/sites/g/files/tmzbdl1461/files/reports/IOM%20Nigeria%20DTM%20Emergency%20Tracking%20Tool%20%28ETT%29%20Report%20No.%20509%20Borno%20State.pdf,title:emergency tracking tool
85,2025,2025-12-15,Emergency Tracking Tool (ETT),North East,Yobe,Nigeria — Emergency Tracking Tool Report #508 (24–30 November 2025),https://dtm.iom.int/reports/nigeria-emergency-tracking-tool-report-508-24-30-november-2025,https://dtm.iom.int/sites/g/files/tmzbdl1461/files/reports/IOM%20Nigeria%20DTM%20Emergency%20Tracking%20Tool%20%28ETT%29%20Report%20No.%20508%20Yobe%20State.pdf,title:emergency tracking tool
86,2025,2025-12-15,Emergency Tracking Tool (ETT),North East,Adamawa,Nigeria — Emergency Tracking Tool Report #507 (24–30 November 2025),https://dtm.iom.int/reports/nigeria-emergency-tracking-tool-report-507-24-30-november-2025,https://dtm.iom.int/sites/g/files/tmzbdl1461/files/reports/IOM%20Nigeria%20DTM%20Emergency%20Tracking%20Tool%20%28ETT%29%20Report%20No.%20507_Adamawa_V4.pdf,title:emergency tracking tool
87,2025,2025-12-10,Emergency Tracking Tool (ETT),North East,Borno,Nigeria — Emergency Tracking Tool Report #506 (24–30 November 2025),https://dtm.iom.int/reports/nigeria-emergency-tracking-tool-report-506-24-30-november-2025,https://dtm.iom.int/sites/g/files/tmzbdl1461/files/reports/IOM%20Nigeria%20DTM%20Emergency%20Tracking%20Tool%20%28ETT%29%20Report%20No.%20506%20Borno%20State%20v2.pdf,title:emergency tracking tool
88,2025,2025-12-01,Incident / Flash Report,North West,Zamfara,Nigeria — North-west Nigeria — Kebbi State Flash Report 271 (22 November 2025),https://dtm.iom.int/reports/nigeria-north-west-nigeria-kebbi-state-flash-report-271-22-november-2025,https://dtm.iom.int/sites/g/files/tmzbdl1461/files/reports/IOM%20Nigeria%20Flash%20Report%20North-west%20Kebbi%20State%20271%20v3.pdf,title:flash report
89,2025,2025-12-01,Emergency Tracking Tool (ETT),North East,Adamawa,Nigeria — Emergency Tracking Tool Report 505 — Adamawa State (17–23 November 2025),https://dtm.iom.int/reports/nigeria-emergency-tracking-tool-report-505-adamawa-state-17-23-november-2025,https://dtm.iom.int/sites/g/files/tmzbdl1461/files/reports/IOM%20Nigeria%20DTM%20Emergency%20Tracking%20Tool%20%28ETT%29%20Report%20No.%20505_Adamawa_V2_1.pdf,title:emergency tracking tool
90,2025,2025-11-27,Emergency Tracking Tool (ETT),North East,Borno,Nigeria — Emergency Tracking Tool Report 504 — Borno State (17–23 November 2025),https://dtm.iom.int/reports/nigeria-emergency-tracking-tool-report-504-borno-state-17-23-november-2025,https://dtm.iom.int/sites/g/files/tmzbdl1461/files/reports/IOM%20Nigeria%20DTM%20Emergency%20Tracking%20Tool%20%28ETT%29%20Report%20No.%20504%20Borno%20State%20v2.pdf,title:emergency tracking tool
91,2025,2025-11-26,Emergency Tracking Tool (ETT),North East,Borno,Nigeria — Emergency Tracking Tool Report 503 — Borno State (10–16 November 2025),https://dtm.iom.int/reports/nigeria-emergency-tracking-tool-report-503-borno-state-10-16-november-2025,https://dtm.iom.int/sites/g/files/tmzbdl1461/files/reports/IOM%20Nigeria%20DTM%20Emergency%20Tracking%20Tool%20%28ETT%29%20Report%20No.%20503%20Borno%20State%20v4.pdf,title:emergency tracking tool
92,2025,2025-11-25,Emergency Tracking Tool (ETT),North East,Adamawa,Nigeria — Emergency Tracking Tool Report 502 — Adamawa State (10–16 November 2025),https://dtm.iom.int/reports/nigeria-emergency-tracking-tool-report-502-adamawa-state-10-16-november-2025,https://dtm.iom.int/sites/g/files/tmzbdl1461/files/reports/IOM%20Nigeria%20DTM%20Emergency%20Tracking%20Tool%20%28ETT%29%20Report%20No.%20502_Adamawa_V1%20%281%29.pdf,title:emergency tracking tool
93,2025,2025-11-24,Emergency Tracking Tool (ETT),North East,Yobe,Nigeria — Emergency Tracking Tool Report 501 — Yobe State (10–16 November 2025),https://dtm.iom.int/reports/nigeria-emergency-tracking-tool-report-501-yobe-state-10-16-november-2025,https://dtm.iom.int/sites/g/files/tmzbdl1461/files/reports/IOM%20Nigeria%20DTM%20Emergency%20Tracking%20Tool%20%28ETT%29%20Report%20No.%20501%20Yobe%20State.pdf,title:emergency tracking tool
94,2025,2025-11-21,Emergency Tracking Tool (ETT),North Central,Benue,Nigeria — Emergency Tracking Tool Report 52 — Benue State (03–09 November 2025),https://dtm.iom.int/reports/nigeria-emergency-tracking-tool-report-52-benue-state-03-09-november-2025,https://dtm.iom.int/sites/g/files/tmzbdl1461/files/reports/IOM%20Nigeria%20DTM%20Emergency%20Tracking%20Tool%20%28ETT%29%20Report%20No.%2052_Benue%20%28v3%29.pdf,title:emergency tracking tool
95,2025,2025-11-18,Emergency Tracking Tool (ETT),North East,Adamawa,Nigeria — Emergency Tracking Tool Report 500 — Adamawa State (3–9 November 2025),https://dtm.iom.int/reports/nigeria-emergency-tracking-tool-report-500-adamawa-state-3-9-november-2025,https://dtm.iom.int/sites/g/files/tmzbdl1461/files/reports/IOM%20Nigeria%20DTM%20Emergency%20Tracking%20Tool%20%28ETT%29%20Report%20No.%20500_Adamawa_V2.pdf,title:emergency tracking tool
96,2025,2025-11-18,Biometric Registration Report,North Central,Benue,Nigeria — Biometric Registration Update Report 8 Benue State (7 November 2025),https://dtm.iom.int/reports/nigeria-biometric-registration-update-report-8-benue-state-7-november-2025,https://dtm.iom.int/sites/g/files/tmzbdl1461/files/reports/DTM%20Nigeria%20Benue%20Biometric%20Update%20Report_Round%208_V3.pdf,title:biometric
97,2025,2025-11-14,Emergency Tracking Tool (ETT),North East,Borno,Nigeria — Emergency Tracking Tool Report 499 — Borno State (3–9 November 2025),https://dtm.iom.int/reports/nigeria-emergency-tracking-tool-report-499-borno-state-3-9-november-2025,https://dtm.iom.int/sites/g/files/tmzbdl1461/files/reports/IOM%20Nigeria%20DTM%20Emergency%20Tracking%20Tool%20%28ETT%29%20Report%20No.%20499%20Borno%20State.pdf,title:emergency tracking tool
98,2025,2025-11-10,Emergency Tracking Tool (ETT),North East,Adamawa,Nigeria — Emergency Tracking Tool Report 498 — Adamawa State (27 October – 2 November 2025),https://dtm.iom.int/reports/nigeria-emergency-tracking-tool-report-498-adamawa-state-27-october-2-november-2025,https://dtm.iom.int/sites/g/files/tmzbdl1461/files/reports/IOM%20Nigeria%20DTM%20Emergency%20Tracking%20Tool%20%28ETT%29%20Report%20No.%20498_Adamawa_V2.pdf,title:emergency tracking tool
99,2025,2025-11-10,Emergency Tracking Tool (ETT),North East,Borno,Nigeria — Emergency Tracking Tool Report 497 — Borno State (27 October – 2 November 2025),https://dtm.iom.int/reports/nigeria-emergency-tracking-tool-report-497-borno-state-27-october-2-november-2025,https://dtm.iom.int/sites/g/files/tmzbdl1461/files/reports/IOM%20Nigeria%20DTM%20Emergency%20Tracking%20Tool%20%28ETT%29%20Report%20No.%20497%20Borno%20State%20v3.pdf,title:emergency tracking tool
100,2025,2025-11-05,Emergency Tracking Tool (ETT),North East,Adamawa,Nigeria — Emergency Tracking Tool Report 496 — Adamawa State (20–26 October 2025),https://dtm.iom.int/reports/nigeria-emergency-tracking-tool-report-496-adamawa-state-20-26-october-2025,https://dtm.iom.int/sites/g/files/tmzbdl1461/files/reports/IOM%20Nigeria%20DTM%20Emergency%20Tracking%20Tool%20%28ETT%29%20Report%20No.%20496_Adamawa_V2%20%281%29.pdf,title:emergency tracking tool
101,2025,2025-11-05,Emergency Tracking Tool (ETT),North East,Borno,Nigeria — Emergency Tracking Tool Report 495 — Borno State (20–26 October 2025),https://dtm.iom.int/reports/nigeria-emergency-tracking-tool-report-495-borno-state-20-26-october-2025,https://dtm.iom.int/sites/g/files/tmzbdl1461/files/reports/IOM%20Nigeria%20DTM%20Emergency%20Tracking%20Tool%20%28ETT%29%20Report%20No.%20495%20Borno%20State%20v3.pdf,title:emergency tracking tool
102,2025,2025-10-31,Incident / Flash Report,North West,Zamfara,Nigeria — North-west Nigeria — Zamfara State Flash Report 270 (25–26 October 2025),https://dtm.iom.int/reports/nigeria-north-west-nigeria-zamfara-state-flash-report-270-25-26-october-2025,https://dtm.iom.int/sites/g/files/tmzbdl1461/files/reports/IOM%20Nigeria%20Flash%20Report%20North-west%20Zamfara%20270%20v5.pdf,title:flash report
103,2025,2025-10-27,Incident / Flash Report,North West,Zamfara,Nigeria — North-west Nigeria — Zamfara State Flash Report 269 (16–20 October 2025),https://dtm.iom.int/reports/nigeria-north-west-nigeria-zamfara-state-flash-report-269-16-20-october-2025,https://dtm.iom.int/sites/g/files/tmzbdl1461/files/reports/IOM%20Nigeria%20Flash%20Report%20North-west%20Zamfara%20269%20v2%20%281%29.pdf,title:flash report
104,2025,2025-10-27,Emergency Tracking Tool (ETT),North East,Adamawa,Nigeria — Emergency Tracking Tool Report 494 — Adamawa State (13–19 October 2025),https://dtm.iom.int/reports/nigeria-emergency-tracking-tool-report-494-adamawa-state-13-19-october-2025,https://dtm.iom.int/sites/g/files/tmzbdl1461/files/reports/IOM%20Nigeria%20DTM%20Emergency%20Tracking%20Tool%20%28ETT%29%20Report%20No.%20494_Adamawa_V1.pdf,title:emergency tracking tool
105,2025,2025-10-24,Emergency Tracking Tool (ETT),North East,Borno,Nigeria — Emergency Tracking Tool Report 493 — Borno State (13–19 October 2025),https://dtm.iom.int/reports/nigeria-emergency-tracking-tool-report-493-borno-state-13-19-october-2025,https://dtm.iom.int/sites/g/files/tmzbdl1461/files/reports/IOM%20Nigeria%20DTM%20Emergency%20Tracking%20Tool%20%28ETT%29%20Report%20No.%20493%20Borno%20State.pdf,title:emergency tracking tool
106,2025,2025-10-20,Incident / Flash Report,North West,Zamfara,Nigeria — North-west Nigeria — Zamfara State Flash Report 268 (4 October 2025),https://dtm.iom.int/reports/nigeria-north-west-nigeria-zamfara-state-flash-report-268-4-october-2025,https://dtm.iom.int/sites/g/files/tmzbdl1461/files/reports/IOM%20Nigeria%20Flash%20Report%20North-west%20Zamfara%20268%20v3.pdf,title:flash report
107,2025,2025-10-20,Emergency Tracking Tool (ETT),North East,Yobe,Nigeria — Emergency Tracking Tool Report 492 — Yobe State (6–12 October 2025),https://dtm.iom.int/reports/nigeria-emergency-tracking-tool-report-492-yobe-state-6-12-october-2025,https://dtm.iom.int/sites/g/files/tmzbdl1461/files/reports/IOM%20Nigeria%20DTM%20Emergency%20Tracking%20Tool%20%28ETT%29%20Report%20No.%20492%20Yobe%20State%20%281%29.pdf,title:emergency tracking tool
108,2025,2025-10-20,Emergency Tracking Tool (ETT),North East,Adamawa,Nigeria — Emergency Tracking Tool Report 491 — Adamawa State (6–12 October 2025),https://dtm.iom.int/reports/nigeria-emergency-tracking-tool-report-491-adamawa-state-6-12-october-2025,https://dtm.iom.int/sites/g/files/tmzbdl1461/files/reports/IOM%20Nigeria%20DTM%20Emergency%20Tracking%20Tool%20%28ETT%29%20Report%20No.%20491_Adamawa_V1%20%281%29.pdf,title:emergency tracking tool
109,2025,2025-10-16,Emergency Tracking Tool (ETT),North East,Borno,Nigeria — Emergency Tracking Tool Report 490 — Borno State (6–12 October 2025),https://dtm.iom.int/reports/nigeria-emergency-tracking-tool-report-490-borno-state-6-12-october-2025,https://dtm.iom.int/sites/g/files/tmzbdl1461/files/reports/IOM%20Nigeria%20DTM%20Emergency%20Tracking%20Tool%20%28ETT%29%20Report%20No.%20490%20Borno%20State%20v3.pdf,title:emergency tracking tool
110,2025,2025-10-14,Post-Flood Situation Report (Ad-Hoc),North Central,Kogi,Nigeria — Joint Flood Situation Report — Kogi State (27 September 2025),https://dtm.iom.int/reports/nigeria-joint-flood-situation-report-kogi-state-27-september-2025,https://dtm.iom.int/sites/g/files/tmzbdl1461/files/reports/2025%20KOGI%20State%20Joint%20Flood%20Assesment%20October%202025_V3.pdf,title:flood situation report
111,2025,2025-10-10,Socio Economic Survey,North Central,Benue,Nigeria — IDP Socio-economic Assessment in Benue State (August 2025),https://dtm.iom.int/reports/nigeria-idp-socio-economic-assessment-benue-state-august-2025,https://dtm.iom.int/sites/g/files/tmzbdl1461/files/reports/IDP%20Socio-economic%20Survey%20State%20%28August%202025%29%20Benue%20State_final.pdf,title:socio-economic
112,2025,2025-10-10,Socio Economic Survey,North East,Adamawa,Nigeria — IDP Socio-economic Assessment in Adamawa State (June 2025),https://dtm.iom.int/reports/nigeria-idp-socio-economic-assessment-adamawa-state-june-2025,https://dtm.iom.int/sites/g/files/tmzbdl1461/files/reports/IDP%20Socio-economic%20Survey%20State%20%28June%202025%29%20Adamawa%20State_final.pdf,title:socio-economic
113,2025,2025-10-10,Other / Unclassified,,,Nigeria — Compendium 2024 (March 2025),https://dtm.iom.int/reports/nigeria-compendium-2024-march-2025,https://dtm.iom.int/sites/g/files/tmzbdl1461/files/reports/DTM%20Compendium%202024.pdf,
114,2025,2025-10-10,Intention Surveys,North Central,Benue,Nigeria — Benue State - IDP Intention Survey (August 2025),https://dtm.iom.int/reports/nigeria-benue-state-idp-intention-survey-august-2025,https://dtm.iom.int/sites/g/files/tmzbdl1461/files/reports/IDP%20Intention%20Survey%20State%20%28August%202025%29%20Benue%20State_final.pdf,title:intention survey
115,2025,2025-10-10,Intention Surveys,North East,Adamawa,Nigeria — Adamawa State - IDP Intention Survey (June 2025),https://dtm.iom.int/reports/nigeria-adamawa-state-idp-intention-survey-june-2025,https://dtm.iom.int/sites/g/files/tmzbdl1461/files/reports/IDP%20Intention%20Survey%20State%20%28June%202025%29%20Adamawa%20State_final.pdf,title:intention survey
116,2025,2025-10-09,Emergency Tracking Tool (ETT),North East,Adamawa,Nigeria — Emergency Tracking Tool Report 489 — Adamawa State (29 September – 5 October 2025),https://dtm.iom.int/reports/nigeria-emergency-tracking-tool-report-489-adamawa-state-29-september-5-october-2025,https://dtm.iom.int/sites/g/files/tmzbdl1461/files/reports/IOM%20Nigeria%20DTM%20Emergency%20Tracking%20Tool%20%28ETT%29%20Report%20No.%20489_Adamawa.pdf,title:emergency tracking tool
117,2025,2025-10-09,Emergency Tracking Tool (ETT),North East,Borno,Nigeria — Emergency Tracking Tool Report 488 — Borno State (29 September – 5 October 2025),https://dtm.iom.int/reports/nigeria-emergency-tracking-tool-report-488-borno-state-29-september-5-october-2025,https://dtm.iom.int/sites/g/files/tmzbdl1461/files/reports/IOM%20Nigeria%20DTM%20Emergency%20Tracking%20Tool%20%28ETT%29%20Report%20No.%20488%20Borno%20State%20Final.pdf,title:emergency tracking tool
118,2025,2025-10-08,Incident / Flash Report,North West,Kaduna,Nigeria — North-west Nigeria — Kaduna State Flash Report 267 (4 October 2025),https://dtm.iom.int/reports/nigeria-north-west-nigeria-kaduna-state-flash-report-267-4-october-2025,https://dtm.iom.int/sites/g/files/tmzbdl1461/files/reports/IOM%20Nigeria%20Flash%20Report%20267-%20North-West-%20Kaduna%20State%20-%2003%20October%20%202025.pdf,title:flash report
119,2025,2025-10-07,Incident / Flash Report,North West,Zamfara,Nigeria — North-west Nigeria — Zamfara State Flash Report 266 (3 October 2025),https://dtm.iom.int/reports/nigeria-north-west-nigeria-zamfara-state-flash-report-266-3-october-2025,https://dtm.iom.int/sites/g/files/tmzbdl1461/files/reports/IOM%20Nigeria%20Flash%20Report%20North-west%20Zamfara%20266.pdf,title:flash report
120,2025,2025-10-07,Emergency Tracking Tool (ETT),North East,Adamawa,Nigeria — Emergency Tracking Tool Report 486 — Adamawa State (22–28 September 2025),https://dtm.iom.int/reports/nigeria-emergency-tracking-tool-report-486-adamawa-state-22-28-september-2025,https://dtm.iom.int/sites/g/files/tmzbdl1461/files/reports/IOM%20Nigeria%20DTM%20Emergency%20Tracking%20Tool%20%28ETT%29%20Report%20No.%20486_Adamawa_Final.pdf,title:emergency tracking tool
121,2025,2025-10-06,Mobility Tracking – IDP & Returnee Atlas,North Central; North West,,Nigeria — North-west and North-central Displacement Report Round 17 (July 2025),https://dtm.iom.int/reports/nigeria-north-west-and-north-central-displacement-report-round-17-july-2025,https://dtm.iom.int/sites/g/files/tmzbdl1461/files/reports/DTM%20Nigeria%20-%20Round%2017%20NWNC%20-%20Needs%20Monitoring%20Assessment%20Report_Final_0.pdf,title:displacement report
122,2025,2025-10-06,Mobility Tracking – Needs Monitoring,North Central; North West,,Nigeria — Needs Monitoring — Round 17 NWNC - Needs Monitoring Assessment Report,https://dtm.iom.int/reports/nigeria-north-west-and-north-central-displacement-report-round-17-july-2025#needs-monitoring-1,https://dtm.iom.int/sites/g/files/tmzbdl1461/files/reports/DTM%20Nigeria%20-%20Round%2017%20NWNC%20-%20Needs%20Monitoring%20Assessment%20Report_Final_0.pdf,attached file: Round 17 NWNC - Needs Monitoring Assessment Report
123,2025,2025-10-06,Emergency Tracking Tool (ETT),North East,Yobe,Nigeria — Emergency Tracking Tool Report 487 — Yobe State (22–28 September 2025),https://dtm.iom.int/reports/nigeria-emergency-tracking-tool-report-487-yobe-state-22-28-september-2025,https://dtm.iom.int/sites/g/files/tmzbdl1461/files/reports/IOM%20Nigeria%20DTM%20Emergency%20Tracking%20Tool%20%28ETT%29%20Report%20No.%20487%20Yobe%20State.pdf,title:emergency tracking tool
124,2025,2025-10-06,Emergency Tracking Tool (ETT),North East,Borno,Nigeria — Emergency Tracking Tool Report 485 — Borno State (22–28 September 2025),https://dtm.iom.int/reports/nigeria-emergency-tracking-tool-report-485-borno-state-22-28-september-2025,https://dtm.iom.int/sites/g/files/tmzbdl1461/files/reports/IOM%20Nigeria%20DTM%20Emergency%20Tracking%20Tool%20%28ETT%29%20Report%20No.%20485%20Borno%20State.pdf,title:emergency tracking tool
125,2025,2025-10-02,Incident / Flash Report,North West,Katsina,Nigeria — North-west Nigeria — Katsina State Flash Report 263 (29 September 2025),https://dtm.iom.int/reports/nigeria-north-west-nigeria-katsina-state-flash-report-263-29-september-2025,https://dtm.iom.int/sites/g/files/tmzbdl1461/files/reports/IOM%20Nigeria%20Flash%20Report%20North-west%20Katsina%20263%20%28v3%29.pdf,title:flash report
126,2025,2025-10-02,Mobility Tracking – IDP & Returnee Atlas,North East,,Nigeria — North-east — Mobility Tracking Round 50 IDP and Returnee Atlas (July 2025),https://dtm.iom.int/reports/nigeria-north-east-mobility-tracking-round-50-idp-and-returnee-atlas-july-2025,https://dtm.iom.int/sites/g/files/tmzbdl1461/files/reports/Nigeria%20-%20North-east%20Mobility%20Tracking%20Round%2050%20IDP%20and%20Returnee%20Atlas%20-%20July%202025%202.pdf,title:atlas
127,2025,2025-10-02,Socio Economic Survey,North East,Borno,Nigeria — IDP Socio-economic Assessment in Borno State (June 2025),https://dtm.iom.int/reports/nigeria-idp-socio-economic-assessment-borno-state-june-2025,https://dtm.iom.int/sites/g/files/tmzbdl1461/files/reports/IDP%20Socio-economic%20Survey%20State%20%28June%202025%29%20Borno%20State%20Final.pdf,title:socio-economic
128,2025,2025-10-02,Intention Surveys,North East,Borno,Nigeria — Borno State - IDP Intention Survey (June 2025),https://dtm.iom.int/reports/nigeria-borno-state-idp-intention-survey-june-2025,https://dtm.iom.int/sites/g/files/tmzbdl1461/files/reports/IDP%20Intention%20Survey%20State%20%28June%202025%29%20-%20Borno%20State%20FINAL.pdf,title:intention survey
129,2025,2025-09-30,Incident / Flash Report,North West,Kano,Nigeria — North-west Nigeria — Kano State Flash Report 264 (30 September 2025),https://dtm.iom.int/reports/nigeria-north-west-nigeria-kano-state-flash-report-264-30-september-2025,https://dtm.iom.int/sites/g/files/tmzbdl1461/files/reports/IOM%20Nigeria%20Flash%20Report%20North-west%20Kano%20264_final.pdf,title:flash report
130,2025,2025-09-30,Incident / Flash Report,North West,,Nigeria — North-west Nigeria — Jigawa State Flash Report 261 (30 September 2025),https://dtm.iom.int/reports/nigeria-north-west-nigeria-jigawa-state-flash-report-261-30-september-2025,https://dtm.iom.int/sites/g/files/tmzbdl1461/files/reports/IOM%20Nigeria%20Flash%20Report%20261-%20North-West-%20JIGAWA%20State%20-%2030%20September%202025.pdf,title:flash report
131,2025,2025-09-26,Incident / Flash Report,North West,Zamfara,Nigeria — North-west Nigeria — Zamfara State Flash Report 262 (26 September 2025),https://dtm.iom.int/reports/nigeria-north-west-nigeria-zamfara-state-flash-report-262-26-september-2025,https://dtm.iom.int/sites/g/files/tmzbdl1461/files/reports/IOM%20Nigeria%20Flash%20Report%20North-west%20Zamfara%20262_Final.pdf,title:flash report
132,2025,2025-09-25,Incident / Flash Report,North Central,Benue,Nigeria — North-central Nigeria — Benue State Flash Report 259 (19 September 2025),https://dtm.iom.int/reports/nigeria-north-central-nigeria-benue-state-flash-report-259-19-september-2025,https://dtm.iom.int/sites/g/files/tmzbdl1461/files/reports/IOM%20Nigeria%20Flash%20Report%20North-central%20Benue%20259%20v3.pdf,title:flash report
133,2025,2025-09-25,Emergency Tracking Tool (ETT),North East,Adamawa,Nigeria — Emergency Tracking Tool Report 484 — Adamawa State (15–21 September 2025),https://dtm.iom.int/reports/nigeria-emergency-tracking-tool-report-484-adamawa-state-15-21-september-2025,https://dtm.iom.int/sites/g/files/tmzbdl1461/files/reports/IOM%20Nigeria%20DTM%20Emergency%20Tracking%20Tool%20%28ETT%29%20Report%20No.%20484_Adamawa_V2.pdf,title:emergency tracking tool
134,2025,2025-09-25,Emergency Tracking Tool (ETT),North East,Borno,Nigeria — Emergency Tracking Tool Report 483 — Borno State (15–21 September 2025),https://dtm.iom.int/reports/nigeria-emergency-tracking-tool-report-483-borno-state-15-21-september-2025,https://dtm.iom.int/sites/g/files/tmzbdl1461/files/reports/IOM%20Nigeria%20DTM%20Emergency%20Tracking%20Tool%20%28ETT%29%20Report%20No.%20483%20Borno%20State.pdf,title:emergency tracking tool
135,2025,2025-09-24,Intention Surveys,North East,Yobe,Nigeria — Yobe State - IDP Intention Survey (August 2025),https://dtm.iom.int/reports/nigeria-yobe-state-idp-intention-survey-august-2025,https://dtm.iom.int/sites/g/files/tmzbdl1461/files/reports/Yobe_State_IDP_Intention_Survey_Edited%20v5.pdf,title:intention survey
136,2025,2025-09-22,Emergency Tracking Tool (ETT),North East,Adamawa,Nigeria — Emergency Tracking Tool Report 481 — Adamawa State (8–14 September 2025),https://dtm.iom.int/reports/nigeria-emergency-tracking-tool-report-481-adamawa-state-8-14-september-2025,https://dtm.iom.int/sites/g/files/tmzbdl1461/files/reports/IOM%20Nigeria%20DTM%20Emergency%20Tracking%20Tool%20%28ETT%29%20Report%20No.%20481_Adamawa_V2.pdf,title:emergency tracking tool
137,2025,2025-09-22,Emergency Tracking Tool (ETT),North East,Adamawa,Nigeria — Emergency Tracking Tool Report 479 — Adamawa State (1–7 September 2025),https://dtm.iom.int/reports/nigeria-emergency-tracking-tool-report-479-adamawa-state-1-7-september-2025,https://dtm.iom.int/sites/g/files/tmzbdl1461/files/reports/IOM%20Nigeria%20DTM%20Emergency%20Tracking%20Tool%20%28ETT%29%20Report%20No.%20479_Adamawa_V2.pdf,title:emergency tracking tool
138,2025,2025-09-19,Incident / Flash Report,North West,Kano,Nigeria — North-west Nigeria — Kano State Flash Report 260 (19 September 2025),https://dtm.iom.int/reports/nigeria-north-west-nigeria-kano-state-flash-report-260-19-september-2025,https://dtm.iom.int/sites/g/files/tmzbdl1461/files/reports/IOM%20Nigeria%20Flash%20Report%20North-west%20Kano%20260%20Final.pdf,title:flash report
139,2025,2025-09-18,Emergency Tracking Tool (ETT),North East,Yobe,Nigeria — Emergency Tracking Tool Report 482 — Yobe State (8–14 September 2025),https://dtm.iom.int/reports/nigeria-emergency-tracking-tool-report-482-yobe-state-8-14-september-2025,https://dtm.iom.int/sites/g/files/tmzbdl1461/files/reports/IOM%20Nigeria%20DTM%20Emergency%20Tracking%20Tool%20%28ETT%29%20Report%20No.%20482%20Yobe%20State.pdf,title:emergency tracking tool
140,2025,2025-09-17,Emergency Tracking Tool (ETT),North East,Borno,Nigeria — Emergency Tracking Tool Report 480 — Borno State (8–14 September 2025),https://dtm.iom.int/reports/nigeria-emergency-tracking-tool-report-480-borno-state-8-14-september-2025,https://dtm.iom.int/sites/g/files/tmzbdl1461/files/reports/IOM%20Nigeria%20DTM%20Emergency%20Tracking%20Tool%20%28ETT%29%20Report%20No.%20480%20Borno%20State_Final.pdf,title:emergency tracking tool
141,2025,2025-09-16,Incident / Flash Report,North West,Kaduna,Nigeria — North-west Nigeria — Kaduna State Flash Report 258 (16 September 2025),https://dtm.iom.int/reports/nigeria-north-west-nigeria-kaduna-state-flash-report-258-16-september-2025,https://dtm.iom.int/sites/g/files/tmzbdl1461/files/reports/IOM%20Nigeria%20Flash%20Report%20258-%20North-West-%20Kaduna%20State%20-%2015%20September%20%202025.pdf,title:flash report
142,2025,2025-09-16,Incident / Flash Report,North East,Borno,Nigeria — North-east Nigeria — Borno State Flash Report 169 (15 September 2025),https://dtm.iom.int/reports/nigeria-north-east-nigeria-borno-state-flash-report-169-15-september-2025,https://dtm.iom.int/sites/g/files/tmzbdl1461/files/reports/IOM%20Nigeria%20Flash%20Report%20North-east%20Borno%20169%20Final.pdf,title:flash report
143,2025,2025-09-15,Solutions Mobility Index / Stability Index,North East,Adamawa; Borno; Yobe,Nigeria — Solutions and Mobility Index Round 4 (December 2024),https://dtm.iom.int/reports/nigeria-solutions-and-mobility-index-round-4-december-2024,https://dtm.iom.int/sites/g/files/tmzbdl1461/files/reports/R4%20NGA%20Solutions%20and%20Mobility%20Index%20Report%20%28August%202025%29_final.pdf,title:mobility index
144,2025,2025-09-15,Post-Flood Situation Report (Ad-Hoc),North East,Yobe,Nigeria — Joint Flood Situation Report — Yobe State (22-23 August 2025),https://dtm.iom.int/reports/nigeria-joint-flood-situation-report-yobe-state-22-23-august-2025,https://dtm.iom.int/sites/g/files/tmzbdl1461/files/reports/2025%20Yobe%20State%20Joint%20Flood%20Assesment%20August%202025_Final.pdf,title:flood situation report
145,2025,2025-09-15,Socio Economic Survey,North East,Yobe,Nigeria — IDP Socio-economic Assessment in Yobe State (August 2025),https://dtm.iom.int/reports/nigeria-idp-socio-economic-assessment-yobe-state-august-2025,https://dtm.iom.int/sites/g/files/tmzbdl1461/files/reports/IDP%20Socio-economic%20Survey%20State%20%28August%202025%29%20Yobe%20State_Final.pdf,title:socio-economic
146,2025,2025-09-09,Incident / Flash Report,North West,Kaduna,Nigeria — North-west Nigeria — Kaduna State Flash Report 257 (9 September 2025),https://dtm.iom.int/reports/nigeria-north-west-nigeria-kaduna-state-flash-report-257-9-september-2025,https://dtm.iom.int/sites/g/files/tmzbdl1461/files/reports/IOM%20Nigeria%20Flash%20Report%20257-%20North-West-%20Kaduna%20State%20-%208%20September%20%202025_Final.pdf,title:flash report
147,2025,2025-09-08,Incident / Flash Report,North West,Zamfara,Nigeria — North-west Nigeria — Zamfara State Flash Report 256 (4 September 2025),https://dtm.iom.int/reports/nigeria-north-west-nigeria-zamfara-state-flash-report-256-4-september-2025,https://dtm.iom.int/sites/g/files/tmzbdl1461/files/reports/IOM%20Nigeria%20Flash%20Report%20North-west%20256-Zamfara_Final.pdf,title:flash report
148,2025,2025-09-08,Emergency Tracking Tool (ETT),North East,Borno,Nigeria — Emergency Tracking Tool Report 476 — Borno State (25–31 August 2025),https://dtm.iom.int/reports/nigeria-emergency-tracking-tool-report-476-borno-state-25-31-august-2025,https://dtm.iom.int/sites/g/files/tmzbdl1461/files/reports/IOM%20Nigeria%20DTM%20Emergency%20Tracking%20Tool%20%28ETT%29%20Report%20No.%20476%20Borno%20State_Final.pdf,title:emergency tracking tool
149,2025,2025-09-05,Incident / Flash Report,North Central,Benue,Nigeria — North-central Nigeria — Benue State Flash Report 255 (29 August 2025),https://dtm.iom.int/reports/nigeria-north-central-nigeria-benue-state-flash-report-255-29-august-2025,https://dtm.iom.int/sites/g/files/tmzbdl1461/files/reports/IOM%20Nigeria%20Flash%20Report%20North-central%20Benue%20255_Final.pdf,title:flash report
150,2025,2025-09-05,Emergency Tracking Tool (ETT),North East,Yobe,Nigeria — Emergency Tracking Tool Report 475 — Yobe State (18–24 August 2025),https://dtm.iom.int/reports/nigeria-emergency-tracking-tool-report-475-yobe-state-18-24-august-2025,https://dtm.iom.int/sites/g/files/tmzbdl1461/files/reports/IOM%20Nigeria%20DTM%20Emergency%20Tracking%20Tool%20%28ETT%29%20Report%20No.%20475%20Yobe%20State_Final.pdf,title:emergency tracking tool
151,2025,2025-09-01,Incident / Flash Report,North West,Katsina,Nigeria — North-west Nigeria — Katsina State Flash Report 252 (20 August 2025),https://dtm.iom.int/reports/nigeria-north-west-nigeria-katsina-state-flash-report-252-20-august-2025,https://dtm.iom.int/sites/g/files/tmzbdl1461/files/reports/IOM%20Nigeria%20Flash%20Report%20North-west%20Katsina%20252_Final.pdf,title:flash report
152,2025,2025-09-01,Incident / Flash Report,North East,Bauchi,Nigeria — North-east Nigeria — Bauchi State Flash Report 168 (28 August 2025),https://dtm.iom.int/reports/nigeria-north-east-nigeria-bauchi-state-flash-report-168-28-august-2025,https://dtm.iom.int/sites/g/files/tmzbdl1461/files/reports/IOM%20Nigeria%20Flash%20Report%20North-east%20-%20Bauchi%20State%20-%20168%20-%2028%20August%202025_V1_Final.pdf,title:flash report
153,2025,2025-09-01,Incident / Flash Report,North East,Bauchi,Nigeria — North-east Nigeria — Bauchi State Flash Report 166 (08 August 2025),https://dtm.iom.int/reports/nigeria-north-east-nigeria-bauchi-state-flash-report-166-08-august-2025,https://dtm.iom.int/sites/g/files/tmzbdl1461/files/reports/IOM%20Nigeria%20Flash%20Report%20North-east%20-%20Bauchi%20State%20166%20-%2008%20August%202025_final.pdf,title:flash report
154,2025,2025-09-01,Incident / Flash Report,North Central,Plateau,Nigeria — North-central Nigeria — Plateau State Flash Report 251 (19 August 2025),https://dtm.iom.int/reports/nigeria-north-central-nigeria-plateau-state-flash-report-251-19-august-2025,https://dtm.iom.int/sites/g/files/tmzbdl1461/files/reports/IOM%20Nigeria%20Flash%20Report%20North-central%20-%20Plateau%20State%20251%20-%2019%20August%202025_final.pdf,title:flash report
155,2025,2025-09-01,Emergency Tracking Tool (ETT),North East,Adamawa,Nigeria — Emergency Tracking Tool Report 474 — Adamawa State (18–24 August 2025),https://dtm.iom.int/reports/nigeria-emergency-tracking-tool-report-474-adamawa-state-18-24-august-2025,https://dtm.iom.int/sites/g/files/tmzbdl1461/files/reports/IOM%20Nigeria%20DTM%20Emergency%20Tracking%20Tool%20%28ETT%29%20Report%20No.%20474_Adamawa_Final.pdf,title:emergency tracking tool
156,2025,2025-08-26,Incident / Flash Report,North West,Katsina,Nigeria — North-west Nigeria — Katsina State Flash Report 250 (13 August 2025),https://dtm.iom.int/reports/nigeria-north-west-nigeria-katsina-state-flash-report-250-13-august-2025,https://dtm.iom.int/sites/g/files/tmzbdl1461/files/reports/IOM%20Nigeria%20Flash%20Report%20North-west%20Katsina%20250_Final.pdf,title:flash report
157,2025,2025-08-26,Emergency Tracking Tool (ETT),North East,Borno,Nigeria — Emergency Tracking Tool Report 470 — Borno State (11–17 August 2025),https://dtm.iom.int/reports/nigeria-emergency-tracking-tool-report-470-borno-state-11-17-august-2025,https://dtm.iom.int/sites/g/files/tmzbdl1461/files/reports/IOM%20Nigeria%20DTM%20Emergency%20Tracking%20Tool%20%28ETT%29%20Report%20No.%20470%20Borno%20State_Final.pdf,title:emergency tracking tool
158,2025,2025-08-26,Emergency Tracking Tool (ETT),North East,Borno,Nigeria — Emergency Tracking Tool Report 467 — Borno State (4–10 August 2025),https://dtm.iom.int/reports/nigeria-emergency-tracking-tool-report-467-borno-state-4-10-august-2025,https://dtm.iom.int/sites/g/files/tmzbdl1461/files/reports/IOM%20Nigeria%20DTM%20Emergency%20Tracking%20Tool%20%28ETT%29%20Report%20No.%20467%20Borno%20State_Final.pdf,title:emergency tracking tool
159,2025,2025-08-26,Emergency Tracking Tool (ETT),North East,Adamawa,Nigeria — Emergency Tracking Tool Report 466 — Adamawa State (28 July – 03 August 2025),https://dtm.iom.int/reports/nigeria-emergency-tracking-tool-report-466-adamawa-state-28-july-03-august-2025,https://dtm.iom.int/sites/g/files/tmzbdl1461/files/reports/IOM%20Nigeria%20DTM%20Emergency%20Tracking%20Tool%20%28ETT%29%20Report%20No.%20466_Adamawa_V1_Final.pdf,title:emergency tracking tool
160,2025,2025-08-19,Post-Flood Situation Report (Ad-Hoc),North East,Adamawa,Nigeria — Joint Flood Situation Report — Adamawa State (2–3 August 2025),https://dtm.iom.int/reports/nigeria-joint-flood-situation-report-adamawa-state-2-3-august-2025,https://dtm.iom.int/sites/g/files/tmzbdl1461/files/reports/Nigeria%20-%20Joint%20-%20Flood%20Assessment%20-%20Adamawa%20state%20%2819%20August%202025%29%20%281%29%20%281%29.pdf,title:flood situation report
161,2025,2025-08-14,Emergency Tracking Tool (ETT),North East,Borno,Nigeria — Emergency Tracking Tool Report 465 — Borno State (28 July - 3 August 2025),https://dtm.iom.int/reports/nigeria-emergency-tracking-tool-report-465-borno-state-28-july-3-august-2025,https://dtm.iom.int/sites/g/files/tmzbdl1461/files/reports/IOM%20Nigeria%20DTM%20Emergency%20Tracking%20Tool%20%28ETT%29%20Report%20No.%20465%20Borno%20State%20Final_0.pdf,title:emergency tracking tool
162,2025,2025-08-08,Intention Surveys,North Central,Benue,Nigeria — Joint Intention Survey International Market IDPs Camp — Benue State (August 2025),https://dtm.iom.int/reports/nigeria-joint-intention-survey-international-market-idps-camp-benue-state-august-2025,https://dtm.iom.int/sites/g/files/tmzbdl1461/files/reports/Joint%20Intention%20Survey%20-%20International%20Market%20IDPs%20Camp%20%28August%202025%29%20v2.pdf,title:intention survey
163,2025,2025-08-07,Incident / Flash Report,North East,Yobe,Nigeria — North-east Nigeria — Yobe State Flash Report 165 (2 August 2025),https://dtm.iom.int/reports/nigeria-north-east-nigeria-yobe-state-flash-report-165-2-august-2025,https://dtm.iom.int/sites/g/files/tmzbdl1461/files/reports/IOM%20Nigeria%20Flash%20Report%20165-%20North-West-%20Yobe%20State%20-%201%20August%202025_v2.pdf,title:flash report
164,2025,2025-08-04,Incident / Flash Report,North Central,Benue,Nigeria — North-central Nigeria — Benue State Flash Report 248 (1 August 2025),https://dtm.iom.int/reports/nigeria-north-central-nigeria-benue-state-flash-report-248-1-august-2025,https://dtm.iom.int/sites/g/files/tmzbdl1461/files/reports/IOM%20Nigeria%20Flash%20Report%20North-central%20Benue%20248_v2.pdf,title:flash report
165,2025,2025-08-04,Emergency Tracking Tool (ETT),North Central,Benue,Nigeria — Emergency Tracking Tool Report 51 — Benue State (21 - 27 July 2025),https://dtm.iom.int/reports/nigeria-emergency-tracking-tool-report-51-benue-state-21-27-july-2025,https://dtm.iom.int/sites/g/files/tmzbdl1461/files/reports/IOM%20Nigeria%20DTM%20Emergency%20Tracking%20Tool%20%28ETT%29%20NC%20Report%20No%2051_v3.pdf,title:emergency tracking tool
166,2025,2025-08-01,Incident / Flash Report,North West,Sokoto,Nigeria — North-west — Sokoto State Flash Report 247 (30 July 2025),https://dtm.iom.int/reports/nigeria-north-west-sokoto-state-flash-report-247-30-july-2025,https://dtm.iom.int/sites/g/files/tmzbdl1461/files/reports/IOM%20Nigeria%20Flash%20Report%20247-%20North-West-%20Sokoto%20State%20-%2030%20July%202025_FINAL.pdf,title:flash report
167,2025,2025-08-01,Emergency Tracking Tool (ETT),North East,Yobe,Nigeria — Emergency Tracking Tool Report 462 — Yobe State (21 - 27 July 2025),https://dtm.iom.int/reports/nigeria-emergency-tracking-tool-report-462-yobe-state-21-27-july-2025,https://dtm.iom.int/sites/g/files/tmzbdl1461/files/reports/IOM%20Nigeria%20DTM%20Emergency%20Tracking%20Tool%20%28ETT%29%20Report%20No.%20462%20Yobe%20State_FINAL.pdf,title:emergency tracking tool
168,2025,2025-07-31,Incident / Flash Report,North West,Zamfara,Nigeria — North-west — Zamfara State Flash Report 246 (30 July 2025),https://dtm.iom.int/reports/nigeria-north-west-zamfara-state-flash-report-246-30-july-2025,https://dtm.iom.int/sites/g/files/tmzbdl1461/files/reports/IOM%20Nigeria%20Flash%20Report%20North-west_Zamfara%20246v3_FINAL.pdf,title:flash report
169,2025,2025-07-31,Incident / Flash Report,North East; North West,Yobe,Nigeria — North-west — Yobe State Flash Report 164 (21 July 2025),https://dtm.iom.int/reports/nigeria-north-west-yobe-state-flash-report-164-21-july-2025,https://dtm.iom.int/sites/g/files/tmzbdl1461/files/reports/IOM%20Nigeria%20Flash%20Report%20164-%20North-West-%20Yobe%20State%20-%2021%20July%202025_FINAL.pdf,title:flash report
170,2025,2025-07-31,Incident / Flash Report,North West,Katsina,Nigeria — North-west — Katsina State Flash Report 244 (28 July 2025),https://dtm.iom.int/reports/nigeria-north-west-katsina-state-flash-report-244-28-july-2025,https://dtm.iom.int/sites/g/files/tmzbdl1461/files/reports/IOM%20Nigeria%20Flash%20Report%20North-west%20Katsina%20244%20%28v3%29_FINAL.pdf,title:flash report
171,2025,2025-07-31,Incident / Flash Report,North Central,Benue,Nigeria — North-central — Benue State Flash Report 243 (25 July 2025),https://dtm.iom.int/reports/nigeria-north-central-benue-state-flash-report-243-25-july-2025,https://dtm.iom.int/sites/g/files/tmzbdl1461/files/reports/IOM%20Nigeria%20Flash%20Report%20North-central%20Benue%20243%20v3_FINAL.pdf,title:flash report
172,2025,2025-07-31,Incident / Flash Report,North Central,Benue,Nigeria — North-central — Benue State Flash Report 242 (23 July 2025),https://dtm.iom.int/reports/nigeria-north-central-benue-state-flash-report-242-23-july-2025,https://dtm.iom.int/sites/g/files/tmzbdl1461/files/reports/IOM%20Nigeria%20Flash%20Report%20North-central%20Benue%20242%20v4_FINAL.pdf,title:flash report
173,2025,2025-07-31,Emergency Tracking Tool (ETT),North East,Borno,Nigeria — Emergency Tracking Tool Report 461 — Borno State (21 - 27 July 2025),https://dtm.iom.int/reports/nigeria-emergency-tracking-tool-report-461-borno-state-21-27-july-2025,https://dtm.iom.int/sites/g/files/tmzbdl1461/files/reports/IOM%20Nigeria%20DTM%20Emergency%20Tracking%20Tool%20%28ETT%29%20Report%20No.%20461%20Borno%20State_FINAL.pdf,title:emergency tracking tool
174,2025,2025-07-30,Emergency Tracking Tool (ETT),North East,Yobe,Nigeria — Emergency Tracking Tool Report 459 — Yobe State (14 - 20 July 2025),https://dtm.iom.int/reports/nigeria-emergency-tracking-tool-report-459-yobe-state-14-20-july-2025,https://dtm.iom.int/sites/g/files/tmzbdl1461/files/reports/IOM%20Nigeria%20DTM%20Emergency%20Tracking%20Tool%20%28ETT%29%20Report%20No.%20459%20Yobe%20State_FINAL.pdf,title:emergency tracking tool
175,2025,2025-07-28,Incident / Flash Report,North West,Katsina,Nigeria — North-west — Katsina State Flash Report 241 (23 July 2025),https://dtm.iom.int/reports/nigeria-north-west-katsina-state-flash-report-241-23-july-2025,https://dtm.iom.int/sites/g/files/tmzbdl1461/files/reports/IOM%20Nigeria%20Flash%20Report%20North-west%20Katsina%20241_Upload.pdf,title:flash report
176,2025,2025-07-24,Emergency Tracking Tool (ETT),North East,Borno,Nigeria — Emergency Tracking Tool Report 458 — Borno State (14 - 20 July 2025),https://dtm.iom.int/reports/nigeria-emergency-tracking-tool-report-458-borno-state-14-20-july-2025,https://dtm.iom.int/sites/g/files/tmzbdl1461/files/reports/IOM%20Nigeria%20DTM%20Emergency%20Tracking%20Tool%20%28ETT%29%20Report%20No.%20458%20Borno%20State_Final.pdf,title:emergency tracking tool
177,2025,2025-07-22,Incident / Flash Report,North West,Kaduna,Nigeria — North-west — Kaduna State Flash Report 240 (17 July 2025),https://dtm.iom.int/reports/nigeria-north-west-kaduna-state-flash-report-240-17-july-2025,https://dtm.iom.int/sites/g/files/tmzbdl1461/files/reports/IOM%20Nigeria%20Flash%20Report%20240-%20North-West-%20Kaduna%20State%20-%2017%20July%202025_v3.pdf,title:flash report
178,2025,2025-07-22,Emergency Tracking Tool (ETT),North East,Borno,Nigeria — Emergency Tracking Tool Report 456 — Borno State (07 July - 13 July 2025),https://dtm.iom.int/reports/nigeria-emergency-tracking-tool-report-456-borno-state-07-july-13-july-2025,https://dtm.iom.int/sites/g/files/tmzbdl1461/files/reports/IOM%20Nigeria%20DTM%20Emergency%20Tracking%20Tool%20%28ETT%29%20Report%20No.%20456%20Borno%20State%20v3.pdf,title:emergency tracking tool
179,2025,2025-07-21,Incident / Flash Report,North West,Kaduna,Nigeria — North-west — Kaduna State Flash Report 238 (14 July 2025),https://dtm.iom.int/reports/nigeria-north-west-kaduna-state-flash-report-238-14-july-2025,https://dtm.iom.int/sites/g/files/tmzbdl1461/files/reports/IOM%20Nigeria%20Flash%20Report%20238-%20North-West-%20Kaduna%20State%20-%2014%20July%202025.pdf,title:flash report
180,2025,2025-07-21,Emergency Tracking Tool (ETT),North East,Yobe,Nigeria — Emergency Tracking Tool Report 451 — Yobe State (23 June - 29 June 2025),https://dtm.iom.int/reports/nigeria-emergency-tracking-tool-report-451-yobe-state-23-june-29-june-2025,https://dtm.iom.int/sites/g/files/tmzbdl1461/files/reports/IOM%20Nigeria%20DTM%20Emergency%20Tracking%20Tool%20%28ETT%29%20Report%20No.%20451%20Yobe%20State.pdf,title:emergency tracking tool
181,2025,2025-07-18,Emergency Tracking Tool (ETT),North East,Yobe,Nigeria — Emergency Tracking Tool Report 453 — Yobe State (30 June - 6 July 2025),https://dtm.iom.int/reports/nigeria-emergency-tracking-tool-report-453-yobe-state-30-june-6-july-2025,https://dtm.iom.int/sites/g/files/tmzbdl1461/files/reports/IOM%20Nigeria%20DTM%20Emergency%20Tracking%20Tool%20%28ETT%29%20Report%20No.%20453%20Yobe%20State_v4.pdf,title:emergency tracking tool
182,2025,2025-07-17,Incident / Flash Report,North West,Zamfara,Nigeria — North-west — Zamfara State Flash Report 237 (14 July 2025),https://dtm.iom.int/reports/nigeria-north-west-zamfara-state-flash-report-237-14-july-2025,https://dtm.iom.int/sites/g/files/tmzbdl1461/files/reports/IOM%20Nigeria%20Flash%20Report%20North-west%20Zamfara%20237_v3%20-%20ready%20to%20upload.pdf,title:flash report
183,2025,2025-07-17,Incident / Flash Report,North West,Katsina,Nigeria — North-west — Katsina State Flash Report 236 (09 July 2025),https://dtm.iom.int/reports/nigeria-north-west-katsina-state-flash-report-236-09-july-2025,https://dtm.iom.int/sites/g/files/tmzbdl1461/files/reports/IOM%20Nigeria%20Flash%20Report%20North-west%20Katsina%20236%20%28v3%29%20-%20ready%20to%20upload.pdf,title:flash report
184,2025,2025-07-15,Emergency Tracking Tool (ETT),North East,Borno,Nigeria — Emergency Tracking Tool Report 452 — Borno State (30 June - 6 July 2025),https://dtm.iom.int/reports/nigeria-emergency-tracking-tool-report-452-borno-state-30-june-6-july-2025,https://dtm.iom.int/sites/g/files/tmzbdl1461/files/reports/IOM%20Nigeria%20DTM%20Emergency%20Tracking%20Tool%20%28ETT%29%20Report%20No.%20452%20Borno%20State_Final.pdf,title:emergency tracking tool
185,2025,2025-07-09,Incident / Flash Report,North West,Sokoto,Nigeria — North-west — Sokoto State Flash Report 233 (8 July 2025),https://dtm.iom.int/reports/nigeria-north-west-sokoto-state-flash-report-233-8-july-2025,https://dtm.iom.int/sites/g/files/tmzbdl1461/files/reports/IOM%20Nigeria%20Flash%20Report%20233%20North-West-%20Sokoto%20State%20-%2008%20July%202025_draft.pdf,title:flash report
186,2025,2025-07-09,Incident / Flash Report,North East,Borno,Nigeria — North-east — Borno State Flash Report 162 (8 July 2025),https://dtm.iom.int/reports/nigeria-north-east-borno-state-flash-report-162-8-july-2025,https://dtm.iom.int/sites/g/files/tmzbdl1461/files/reports/IOM%20Nigeria%20Flash%20Report%20162%20Northeast%20Borno%20State%20-%208%20July%202025.pdf,title:flash report
187,2025,2025-07-08,Incident / Flash Report,North East; North West,Yobe,Nigeria — North-west — Yobe State Flash Report 160 (30 June 2025),https://dtm.iom.int/reports/nigeria-north-west-yobe-state-flash-report-160-30-june-2025,https://dtm.iom.int/sites/g/files/tmzbdl1461/files/reports/IOM%20Nigeria%20Flash%20Report%20160%20Northeast%20Yobe%20State%20-%2027%20June%202025.pdf,title:flash report
188,2025,2025-07-08,Incident / Flash Report,North West,Katsina,Nigeria — North-west — Katsina State Flash Report 230 (30 June 2025),https://dtm.iom.int/reports/nigeria-north-west-katsina-state-flash-report-230-30-june-2025,https://dtm.iom.int/sites/g/files/tmzbdl1461/files/reports/IOM%20Nigeria%20Flash%20Report%20North-west%20Katsina%20230%20%28v5%29.pdf,title:flash report
189,2025,2025-07-08,Incident / Flash Report,North East,Borno,Nigeria — North-east — Borno State Flash Report 161 (1 July 2025),https://dtm.iom.int/reports/nigeria-north-east-borno-state-flash-report-161-1-july-2025,https://dtm.iom.int/sites/g/files/tmzbdl1461/files/reports/IOM%20Nigeria%20Flash%20Report%20161%20Northeast%20Borno%20State%20-%201%20July%202025.pdf,title:flash report
190,2025,2025-07-08,Emergency Tracking Tool (ETT),North East,Borno,Nigeria — Emergency Tracking Tool Report 449 — Borno State (23 - 29 June 2025),https://dtm.iom.int/reports/nigeria-emergency-tracking-tool-report-449-borno-state-23-29-june-2025,https://dtm.iom.int/sites/g/files/tmzbdl1461/files/reports/IOM%20Nigeria%20DTM%20Emergency%20Tracking%20Tool%20%28ETT%29%20Report%20No.%20449%20Borno%20State%20v2.pdf,title:emergency tracking tool
191,2025,2025-07-03,Incident / Flash Report,North West,Zamfara,Nigeria — North-west — Zamfara State Flash Report 231 (30 June 2025),https://dtm.iom.int/reports/nigeria-north-west-zamfara-state-flash-report-231-30-june-2025,https://dtm.iom.int/sites/g/files/tmzbdl1461/files/reports/IOM%20Nigeria%20Flash%20Report%20North-west%20231v3.pdf,title:flash report
192,2025,2025-07-01,Incident / Flash Report,North West,Sokoto,Nigeria — North-west — Sokoto State Flash Report 224 (16 June 2025),https://dtm.iom.int/reports/nigeria-north-west-sokoto-state-flash-report-224-16-june-2025,https://dtm.iom.int/sites/g/files/tmzbdl1461/files/reports/IOM%20Nigeria%20Flash%20Report%20224%20North-West-%20Sokoto%20State%20-%2016%20June%202025_v4_Final.pdf,title:flash report
193,2025,2025-06-19,Incident / Flash Report,North West,Sokoto,Nigeria — North-west — Sokoto State Flash Report (05 June 2025),https://dtm.iom.int/reports/nigeria-north-west-sokoto-state-flash-report-05-june-2025,https://dtm.iom.int/sites/g/files/tmzbdl1461/files/reports/IOM%20Nigeria%20Flash%20Report%20218%20North-West-%20Sokoto%20State%20-%205%20June%2025.%20Reviewed.pdf,title:flash report
194,2025,2025-06-19,Incident / Flash Report,North West,Kaduna,Nigeria — North-west — Kaduna State Flash Report 212 (27 May 2025),https://dtm.iom.int/reports/nigeria-north-west-kaduna-state-flash-report-212-27-may-2025,https://dtm.iom.int/sites/g/files/tmzbdl1461/files/reports/IOM%20Nigeria%20Flash%20Report%20212%20North-West-%20Kaduna%20State%20-%2025th%20May%202025-Reviewed%20copy.pdf,title:flash report
195,2025,2025-06-19,Incident / Flash Report,North Central,Plateau,Nigeria — North-central — Plateau State Flash Report (03 - 04 June 2024),https://dtm.iom.int/reports/nigeria-north-central-plateau-state-flash-report-03-04-june-2024,https://dtm.iom.int/sites/g/files/tmzbdl1461/files/reports/IOM%20Nigeria%20Flash%20Report%20North-central%20-%20Plateau%20State%20-%2030%20May%202025_final_.pdf,title:flash report
196,2025,2025-06-19,Incident / Flash Report,North Central,Benue,Nigeria — North-central — Benue State Flash Report 217 (5 June 2025),https://dtm.iom.int/reports/nigeria-north-central-benue-state-flash-report-217-5-june-2025-0,https://dtm.iom.int/sites/g/files/tmzbdl1461/files/reports/IOM%20Nigeria%20Flash%20Report%20North-central%20Benue%20217%20v4.pdf,title:flash report
197,2025,2025-06-19,Incident / Flash Report,North Central,Benue,Nigeria — North-central — Benue State Flash Report 216 (2 June 2025),https://dtm.iom.int/reports/nigeria-north-central-benue-state-flash-report-216-2-june-2025,https://dtm.iom.int/sites/g/files/tmzbdl1461/files/reports/IOM%20Nigeria%20Flash%20Report%20North-central%20Benue%20216%20v4_0.pdf,title:flash report
198,2025,2025-06-19,Emergency Tracking Tool (ETT),North East,Adamawa,Nigeria — Emergency Tracking Tool Report 442 — Adamawa State (02 - 08 June 2025),https://dtm.iom.int/reports/nigeria-emergency-tracking-tool-report-442-adamawa-state-02-08-june-2025,https://dtm.iom.int/sites/g/files/tmzbdl1461/files/reports/IOM%20Nigeria%20DTM%20Emergency%20Tracking%20Tool%20%28ETT%29%20Report%20No.%20442_Adamawa_final_.pdf,title:emergency tracking tool
199,2025,2025-06-19,Emergency Tracking Tool (ETT),North Central,Benue,Nigeria — Emergency Tracking Tool Report 44 — Benue State (26 May - 1 June 2025),https://dtm.iom.int/reports/nigeria-emergency-tracking-tool-report-44-benue-state-26-may-1-june-2025,https://dtm.iom.int/sites/g/files/tmzbdl1461/files/reports/IOM%20Nigeria%20DTM%20Emergency%20Tracking%20Tool%20%28ETT%29%20NC%20Benue%20Report%20No%2044_0.pdf,title:emergency tracking tool
200,2025,2025-06-18,Incident / Flash Report,North Central,Benue,Nigeria — North-central — Benue State Flash Report 222 (16 June 2025),https://dtm.iom.int/reports/nigeria-north-central-benue-state-flash-report-222-16-june-2025,https://dtm.iom.int/sites/g/files/tmzbdl1461/files/reports/IOM%20Nigeria%20Flash%20Report%20North-central%20Benue%20222%20v4.pdf,title:flash report
201,2025,2025-06-18,Emergency Tracking Tool (ETT),North Central,Benue,Nigeria — Emergency Tracking Tool Report 45 — Benue State (02 - 08 June 2025),https://dtm.iom.int/reports/nigeria-emergency-tracking-tool-report-45-benue-state-02-08-june-2025,https://dtm.iom.int/sites/g/files/tmzbdl1461/files/reports/IOM%20Nigeria%20DTM%20Emergency%20Tracking%20Tool%20%28ETT%29%20NC%20Benue%20Report%20No%2045.pdf,title:emergency tracking tool
202,2025,2025-06-18,Emergency Tracking Tool (ETT),North East,Adamawa,Nigeria — Emergency Tracking Tool Report 444 — Adamawa State (02 - 08 June 2025),https://dtm.iom.int/reports/nigeria-emergency-tracking-tool-report-444-adamawa-state-02-08-june-2025,https://dtm.iom.int/sites/g/files/tmzbdl1461/files/reports/IOM%20Nigeria%20DTM%20Emergency%20Tracking%20Tool%20%28ETT%29%20Report%20No.%20444_Adamawa_Final.pdf,title:emergency tracking tool
203,2025,2025-06-18,Emergency Tracking Tool (ETT),North East,Borno,Nigeria — Emergency Tracking Tool Report 443 — Borno State (02 June - 8 June 2025),https://dtm.iom.int/reports/nigeria-emergency-tracking-tool-report-443-borno-state-02-june-8-june-2025,https://dtm.iom.int/sites/g/files/tmzbdl1461/files/reports/IOM%20Nigeria%20DTM%20Emergency%20Tracking%20Tool%20%28ETT%29%20Report%20No.%20443%20Borno%20State%20v6.pdf,title:emergency tracking tool
204,2025,2025-06-16,Incident / Flash Report,North West,Zamfara,Nigeria — North-west — Zamfara State Flash Report 220 (5 June 2025),https://dtm.iom.int/reports/nigeria-north-west-zamfara-state-flash-report-220-5-june-2025,https://dtm.iom.int/sites/g/files/tmzbdl1461/files/reports/IOM%20Nigeria%20Flash%20Report%20220%20North-west%20-%20Zamfara%20State.pdf,title:flash report
205,2025,2025-06-16,Incident / Flash Report,North West,Katsina,Nigeria — North-west — Katsina State Flash Report 221 (5 June 2025),https://dtm.iom.int/reports/nigeria-north-west-katsina-state-flash-report-221-5-june-2025,https://dtm.iom.int/sites/g/files/tmzbdl1461/files/reports/IOM%20Nigeria%20Flash%20Report%20221%20North-west%20-%20Katsina%20State_Final.pdf,title:flash report
206,2025,2025-06-04,Emergency Tracking Tool (ETT),North East,Borno,Nigeria — Emergency Tracking Tool Report 441 — Borno State (26 May - 1 June 2025),https://dtm.iom.int/reports/nigeria-emergency-tracking-tool-report-441-borno-state-26-may-1-june-2025,https://dtm.iom.int/sites/g/files/tmzbdl1461/files/reports/IOM%20Nigeria%20DTM%20Emergency%20Tracking%20Tool%20%28ETT%29%20Report%20No.%20441%20Borno%20State_final_0.pdf,title:emergency tracking tool
207,2025,2025-06-04,Emergency Tracking Tool (ETT),North East,Yobe,Nigeria — Emergency Tracking Tool Report 440 — Yobe State (26 May - 1 June 2025),https://dtm.iom.int/reports/nigeria-emergency-tracking-tool-report-440-yobe-state-26-may-1-june-2025,https://dtm.iom.int/sites/g/files/tmzbdl1461/files/reports/IOM%20Nigeria%20DTM%20Emergency%20Tracking%20Tool%20%28ETT%29%20Report%20No.%20440%20Yobe%20State_final_0.pdf,title:emergency tracking tool
208,2025,2025-06-02,Post-Flood Situation Report (Ad-Hoc),North Central,Niger,Nigeria — Joint Flood Situation Report — Niger State (02 June 2025),https://dtm.iom.int/reports/nigeria-joint-flood-situation-report-niger-state-02-june-2025,https://dtm.iom.int/sites/g/files/tmzbdl1461/files/reports/Nigeria%20-%20Joint%20-%20Flood%20Assessment%20-%20Niger%20state%20%282%20June%202025%29_Updated_Final.pdf,title:flood situation report
209,2025,2025-06-02,Emergency Tracking Tool (ETT),North East,Adamawa,Nigeria — Emergency Tracking Tool Report 439 — Adamawa State (19 - 25 May 2025),https://dtm.iom.int/reports/nigeria-emergency-tracking-tool-report-439-adamawa-state-19-25-may-2025,https://dtm.iom.int/sites/g/files/tmzbdl1461/files/reports/IOM%20Nigeria%20DTM%20Emergency%20Tracking%20Tool%20%28ETT%29%20Report%20No.%20439_Adamawa_Final.pdf,title:emergency tracking tool
210,2025,2025-05-30,Incident / Flash Report,North West,Zamfara,Nigeria — North-west — Zamfara State Flash Report 215 (30 May 2025),https://dtm.iom.int/reports/nigeria-north-west-zamfara-state-flash-report-215-30-may-2025,https://dtm.iom.int/sites/g/files/tmzbdl1461/files/reports/IOM%20Nigeria%20Flash%20Report%20North-west%20Zamfara%20215_final.pdf,title:flash report
211,2025,2025-05-30,Incident / Flash Report,North West,Katsina,Nigeria — North-west — Katsina State Flash Report 214 (29 May 2025),https://dtm.iom.int/reports/nigeria-north-west-katsina-state-flash-report-214-29-may-2025,https://dtm.iom.int/sites/g/files/tmzbdl1461/files/reports/IOM%20Nigeria%20Flash%20Report%20North-West-%20Katsina%20State%20-%20214_final.pdf,title:flash report
212,2025,2025-05-30,Emergency Tracking Tool (ETT),North Central,Benue,Nigeria — Emergency Tracking Tool Report 43 — Benue State (19 - 25 May 2025),https://dtm.iom.int/reports/nigeria-emergency-tracking-tool-report-43-benue-state-19-25-may-2025,https://dtm.iom.int/sites/g/files/tmzbdl1461/files/reports/IOM%20Nigeria%20DTM%20Emergency%20Tracking%20Tool%20%28ETT%29%20NC%20Benue%20Report%20No%2043_final.pdf,title:emergency tracking tool
213,2025,2025-05-29,Incident / Flash Report,North West,Zamfara,Nigeria — North-west — Zamfara State Flash Report 211 (29 May 2025),https://dtm.iom.int/reports/nigeria-north-west-zamfara-state-flash-report-211-29-may-2025,https://dtm.iom.int/sites/g/files/tmzbdl1461/files/reports/IOM%20Nigeria%20Flash%20Report%20211%20North-west%20-%20Zamfara%20State_final.pdf,title:flash report
214,2025,2025-05-29,Incident / Flash Report,North Central,Niger,Nigeria — North-central — Niger State Flash Report 213 (29 May 2025),https://dtm.iom.int/reports/nigeria-north-central-niger-state-flash-report-213-29-may-2025,https://dtm.iom.int/sites/g/files/tmzbdl1461/files/reports/IOM%20Nigeria%20Flash%20Report%20213%20North-central%20-%20Niger%20State%20-%2028%20May%202025_final_.pdf,title:flash report
215,2025,2025-05-29,Emergency Tracking Tool (ETT),North East,Yobe,Nigeria — Emergency Tracking Tool Report 438 — Yobe State (19 - 25 May 2025),https://dtm.iom.int/reports/nigeria-emergency-tracking-tool-report-438-yobe-state-19-25-may-2025,https://dtm.iom.int/sites/g/files/tmzbdl1461/files/reports/IOM%20Nigeria%20DTM%20Emergency%20Tracking%20Tool%20%28ETT%29%20Report%20No.%20438%20-%20Yobe%20State_final.pdf,title:emergency tracking tool
216,2025,2025-05-29,Emergency Tracking Tool (ETT),North East,Borno,Nigeria — Emergency Tracking Tool Report 437 — Borno State (19 - 25 May 2025),https://dtm.iom.int/reports/nigeria-emergency-tracking-tool-report-437-borno-state-19-25-may-2025,https://dtm.iom.int/sites/g/files/tmzbdl1461/files/reports/IOM%20Nigeria%20DTM%20Emergency%20Tracking%20Tool%20%28ETT%29%20Report%20No.%20437%20Borno%20State_final.pdf,title:emergency tracking tool
217,2025,2025-05-27,Incident / Flash Report,North Central,Benue,Nigeria — North-central — Benue State Flash Report 210 (27 May 2025),https://dtm.iom.int/reports/nigeria-north-central-benue-state-flash-report-210-27-may-2025,https://dtm.iom.int/sites/g/files/tmzbdl1461/files/reports/IOM%20Nigeria%20Flash%20Report%20North-central%20Benue%20210_final.pdf,title:flash report
218,2025,2025-05-23,Incident / Flash Report,North West,Katsina,Nigeria — North-west — Katsina State Flash Report 209 (22 May 2025),https://dtm.iom.int/reports/nigeria-north-west-katsina-state-flash-report-209-22-may-2025,https://dtm.iom.int/sites/g/files/tmzbdl1461/files/reports/IOM%20Nigeria%20Flash%20Report%20North-west%20Katsina%20209_final_0.pdf,title:flash report
219,2025,2025-05-23,Incident / Flash Report,North East,Yobe,Nigeria — North-east — Yobe State Flash Report 159 (22 May 2025),https://dtm.iom.int/reports/nigeria-north-east-yobe-state-flash-report-159-22-may-2025,https://dtm.iom.int/sites/g/files/tmzbdl1461/files/reports/IOM%20Nigeria%20Flash%20Report%20159%20North-east%20-%20Yobe%20State%20-%2022%20May%202025_final.pdf,title:flash report
220,2025,2025-05-23,Incident / Flash Report,North East,Borno,Nigeria — North-east — Borno State Flash Report 158 (22 May 2025),https://dtm.iom.int/reports/nigeria-north-east-borno-state-flash-report-158-22-may-2025,https://dtm.iom.int/sites/g/files/tmzbdl1461/files/reports/IOM%20Nigeria%20Flash%20Report%20158%20North-east%20-%20Borno%20State%20-%2022%20May%202025_final.pdf,title:flash report
221,2025,2025-05-23,Incident / Flash Report,North Central; North West,Zamfara,Nigeria — North-central — Zamfara State Flash Report 207 (22 May 2025),https://dtm.iom.int/reports/nigeria-north-central-zamfara-state-flash-report-207-22-may-2025,https://dtm.iom.int/sites/g/files/tmzbdl1461/files/reports/IOM%20Nigeria%20Flash%20Report%20North-west%20207%20Zamfara_final.pdf,title:flash report
222,2025,2025-05-23,Incident / Flash Report,North Central,Benue,Nigeria — North-central — Benue State Flash Report 208 (23 May 2025),https://dtm.iom.int/reports/nigeria-north-central-benue-state-flash-report-208-23-may-2025,https://dtm.iom.int/sites/g/files/tmzbdl1461/files/reports/IOM%20Nigeria%20Flash%20Report%20North-central%20Benue%20208_final.pdf,title:flash report
223,2025,2025-05-23,Emergency Tracking Tool (ETT),North East,Borno,Nigeria — Emergency Tracking Tool Report 436 — Borno State (12 - 18 May 2025),https://dtm.iom.int/reports/nigeria-emergency-tracking-tool-report-436-borno-state-12-18-may-2025,https://dtm.iom.int/sites/g/files/tmzbdl1461/files/reports/IOM%20Nigeria%20DTM%20Emergency%20Tracking%20Tool%20%28ETT%29%20Report%20No.%20436%20Borno%20State_final.pdf,title:emergency tracking tool
224,2025,2025-05-23,Emergency Tracking Tool (ETT),North East,Yobe,Nigeria — Emergency Tracking Tool Report 435 — Yobe State (12 - 18 May 2025),https://dtm.iom.int/reports/nigeria-emergency-tracking-tool-report-435-yobe-state-12-18-may-2025,https://dtm.iom.int/sites/g/files/tmzbdl1461/files/reports/IOM%20Nigeria%20DTM%20Emergency%20Tracking%20Tool%20%28ETT%29%20Report%20No.%20435-%20Yobe%20State_final.pdf,title:emergency tracking tool
225,2025,2025-05-23,Emergency Tracking Tool (ETT),North Central,Benue,Nigeria — Emergency Tracking Tool Report 42 — Benue State (12 - 18 May 2025),https://dtm.iom.int/reports/nigeria-emergency-tracking-tool-report-42-benue-state-12-18-may-2025,https://dtm.iom.int/sites/g/files/tmzbdl1461/files/reports/IOM%20Nigeria%20DTM%20Emergency%20Tracking%20Tool%20%28ETT%29%20NC%20Benue%20Report%20No%2042_final.pdf,title:emergency tracking tool
226,2025,2025-05-21,Incident / Flash Report,North West,Zamfara,Nigeria — North-west — Zamfara State Flash Report 205 (21 May 2025),https://dtm.iom.int/reports/nigeria-north-west-zamfara-state-flash-report-205-21-may-2025,https://dtm.iom.int/sites/g/files/tmzbdl1461/files/reports/IOM%20Nigeria%20Flash%20Report%20North-west%20205_final.pdf,title:flash report
227,2025,2025-05-21,Incident / Flash Report,North West,Katsina,Nigeria — North-west — Katsina State Flash Report 204 (21 May 2025),https://dtm.iom.int/reports/nigeria-north-west-katsina-state-flash-report-204-21-may-2025,https://dtm.iom.int/sites/g/files/tmzbdl1461/files/reports/IOM%20Nigeria%20Flash%20Report%20North-west%20Katsina%20204_final.pdf,title:flash report
228,2025,2025-05-21,Incident / Flash Report,North Central,Benue,Nigeria — North-central — Benue State Flash Report 206 (21 May 2025),https://dtm.iom.int/reports/nigeria-north-central-benue-state-flash-report-206-21-may-2025,https://dtm.iom.int/sites/g/files/tmzbdl1461/files/reports/IOM%20Nigeria%20Flash%20Report%20North-central%20Benue%20206_final_0.pdf,title:flash report
229,2025,2025-05-21,Emergency Tracking Tool (ETT),North East,Adamawa,Nigeria — Emergency Tracking Tool Report 434 — Adamawa State (12 - 18 May 2025),https://dtm.iom.int/reports/nigeria-emergency-tracking-tool-report-434-adamawa-state-12-18-may-2025,https://dtm.iom.int/sites/g/files/tmzbdl1461/files/reports/IOM%20Nigeria%20DTM%20Emergency%20Tracking%20Tool%20%28ETT%29%20Report%20No.%20434_Adamawa_final.pdf,title:emergency tracking tool
230,2025,2025-05-19,Incident / Flash Report,North East,Borno,Nigeria — North-east — Borno State Flash Report 157 (19 May 2025),https://dtm.iom.int/reports/nigeria-north-east-borno-state-flash-report-157-19-may-2025,https://dtm.iom.int/sites/g/files/tmzbdl1461/files/reports/IOM%20Nigeria%20Flash%20Report%20North-east%20-%20Borno%20State%20-%2019%20May%202025_final_0.pdf,title:flash report
231,2025,2025-05-19,Incident / Flash Report,North Central,Benue,Nigeria — North-central — Benue State Flash Report 203 (16 May 2025),https://dtm.iom.int/reports/nigeria-north-central-benue-state-flash-report-203-16-may-2025,https://dtm.iom.int/sites/g/files/tmzbdl1461/files/reports/IOM%20Nigeria%20Flash%20Report%20North-central%20Benue%20203_final.pdf,title:flash report
232,2025,2025-05-16,Incident / Flash Report,North West,Zamfara,Nigeria — North-west — Zamfara State Flash Report 202 (16 May 2025),https://dtm.iom.int/reports/nigeria-north-west-zamfara-state-flash-report-202-16-may-2025,https://dtm.iom.int/sites/g/files/tmzbdl1461/files/reports/IOM%20Nigeria%20Flash%20Report%20North-west%20-%20Zamfara%20State%20202%20final.pdf,title:flash report
233,2025,2025-05-15,Incident / Flash Report,North East,Borno,Nigeria — North-east — Borno State Flash Report 156 (12 May 2025),https://dtm.iom.int/reports/nigeria-north-east-borno-state-flash-report-156-12-may-2025,https://dtm.iom.int/sites/g/files/tmzbdl1461/files/reports/IOM%20Nigeria%20Flash%20Report%20North-east%20Borno%20state_final.pdf,title:flash report
234,2025,2025-05-15,Emergency Tracking Tool (ETT),North East,Yobe,Nigeria — Emergency Tracking Tool Report 433 — Yobe State (5 - 11 May 2025),https://dtm.iom.int/reports/nigeria-emergency-tracking-tool-report-433-yobe-state-5-11-may-2025,https://dtm.iom.int/sites/g/files/tmzbdl1461/files/reports/IOM%20Nigeria%20DTM%20Emergency%20Tracking%20Tool%20%28ETT%29%20Report%20No.%20433%20Yobe%20State.pdf,title:emergency tracking tool
235,2025,2025-05-15,Emergency Tracking Tool (ETT),North Central,Benue,Nigeria — Emergency Tracking Tool Report 41 Benue State (5 - 11 May 2025),https://dtm.iom.int/reports/nigeria-emergency-tracking-tool-report-41-benue-state-5-11-may-2025,https://dtm.iom.int/sites/g/files/tmzbdl1461/files/reports/IOM%20Nigeria%20DTM%20Emergency%20Tracking%20Tool%20%28ETT%29%20NC%20Benue%20Report%20No%2041_final.pdf,title:emergency tracking tool
236,2025,2025-05-14,Emergency Tracking Tool (ETT),North East,Adamawa,Nigeria — Emergency Tracking Tool Report 432 — Adamawa State (5 - 11 May 2025),https://dtm.iom.int/reports/nigeria-emergency-tracking-tool-report-432-adamawa-state-5-11-may-2025,https://dtm.iom.int/sites/g/files/tmzbdl1461/files/reports/IOM%20Nigeria%20DTM%20Emergency%20Tracking%20Tool%20%28ETT%29%20Report%20No.%20432%20Adamawa%20State.pdf,title:emergency tracking tool
237,2025,2025-05-14,Emergency Tracking Tool (ETT),North East,Borno,Nigeria — Emergency Tracking Tool Report 431 — Borno State (5 - 11 May 2025),https://dtm.iom.int/reports/nigeria-emergency-tracking-tool-report-431-borno-state-5-11-may-2025,https://dtm.iom.int/sites/g/files/tmzbdl1461/files/reports/IOM%20Nigeria%20DTM%20Emergency%20Tracking%20Tool%20%28ETT%29%20Report%20No.%20431%20Borno%20State.pdf,title:emergency tracking tool
238,2025,2025-05-13,Incident / Flash Report,North West,Sokoto,Nigeria — North-west — Sokoto State Flash Report 201 (12 May 2025),https://dtm.iom.int/reports/nigeria-north-west-sokoto-state-flash-report-201-12-may-2025,https://dtm.iom.int/sites/g/files/tmzbdl1461/files/reports/IOM%20Nigeria%20Flash%20Report%20North-West-%20Sokoto%20State%20-%2012th%20May%202025_final.pdf,title:flash report
239,2025,2025-05-13,Incident / Flash Report,North West,Katsina,Nigeria — North-west — Katsina State Flash Report 200 (13 May 2025),https://dtm.iom.int/reports/nigeria-north-west-katsina-state-flash-report-200-13-may-2025,https://dtm.iom.int/sites/g/files/tmzbdl1461/files/reports/IOM%20Nigeria%20Flash%20Report%20North-west%20Katsina%20200_final.pdf,title:flash report
240,2025,2025-05-13,Incident / Flash Report,North East,Bauchi,Nigeria — North-east — Bauchi State Flash Report 155 (12 May 2025),https://dtm.iom.int/reports/nigeria-north-east-bauchi-state-flash-report-155-12-may-2025,https://dtm.iom.int/sites/g/files/tmzbdl1461/files/reports/IOM%20Nigeria%20Flash%20Report%20North-east%20-%20Bauchi%20State%20-%2012%20May%202025_final.pdf,title:flash report
241,2025,2025-05-13,Incident / Flash Report,North Central,Benue,Nigeria — North-central — Benue State Flash Report 199 (12 May 2025),https://dtm.iom.int/reports/nigeria-north-central-benue-state-flash-report-199-12-may-2025,https://dtm.iom.int/sites/g/files/tmzbdl1461/files/reports/IOM%20Nigeria%20Flash%20Report%20North-central%20Benue%20199_final.pdf,title:flash report
242,2025,2025-05-08,Incident / Flash Report,North Central; North West,Benue; Sokoto; Zamfara,Nigeria — North-central & North-west — Flash Report 198 (28 April - 4 May 2025),https://dtm.iom.int/reports/nigeria-north-central-north-west-flash-report-198-28-april-4-may-2025,https://dtm.iom.int/sites/g/files/tmzbdl1461/files/reports/IOM%20Nigeria%20Flash%20Report%20North-central%20and%20North-west%20198_final.pdf,title:flash report
243,2025,2025-05-08,Emergency Tracking Tool (ETT),North East,Adamawa; Borno; Yobe,Nigeria — Emergency Tracking Tool Report 430 (28 April - 4 May 2025),https://dtm.iom.int/reports/nigeria-emergency-tracking-tool-report-430-28-april-4-may-2025,https://dtm.iom.int/sites/g/files/tmzbdl1461/files/reports/IOM%20Nigeria%20DTM%20Emergency%20Tracking%20Tool%20%28ETT%29%20Report%20No.%20430_final.pdf,title:emergency tracking tool
244,2025,2025-05-08,Emergency Tracking Tool (ETT),North Central,Benue,Nigeria — Emergency Tracking Tool Report 40 Benue State (28 April - 4 May 2025),https://dtm.iom.int/reports/nigeria-emergency-tracking-tool-report-40-benue-state-28-april-4-may-2025,https://dtm.iom.int/sites/g/files/tmzbdl1461/files/reports/IOM%20Nigeria%20DTM%20Emergency%20Tracking%20Tool%20%28ETT%29%20NC%20Benue%20Report%20No%2040_final.pdf,title:emergency tracking tool
245,2025,2025-05-05,Incident / Flash Report,North East,Borno,Nigeria — North-east — Flash Report - Borno State (22 - 28 April 2025),https://dtm.iom.int/reports/nigeria-north-east-flash-report-borno-state-22-28-april-2025,https://dtm.iom.int/sites/g/files/tmzbdl1461/files/reports/IOM%20Nigeria%20Flash%20Report%20North-east%20-%20Borno%20State%20-%2002%20May%202025_final.pdf,title:flash report
246,2025,2025-05-02,Incident / Flash Report,North Central; North West,Benue; Zamfara,Nigeria — North-central & North-west — Flash Report 197 (21 - 27 April 2025),https://dtm.iom.int/reports/nigeria-north-central-north-west-flash-report-197-21-27-april-2025,https://dtm.iom.int/sites/g/files/tmzbdl1461/files/reports/IOM%20Nigeria%20Flash%20Report%20North-central%20and%20North-west%20197_final.pdf,title:flash report
247,2025,2025-05-02,Emergency Tracking Tool (ETT),North East,Adamawa; Borno; Yobe,Nigeria — Emergency Tracking Tool Report 429 (21 - 27 April 2025),https://dtm.iom.int/reports/nigeria-emergency-tracking-tool-report-429-21-27-april-2025,https://dtm.iom.int/sites/g/files/tmzbdl1461/files/reports/IOM%20Nigeria%20DTM%20Emergency%20Tracking%20Tool%20%28ETT%29%20Report%20No.%20429.pdf,title:emergency tracking tool
248,2025,2025-05-02,Emergency Tracking Tool (ETT),North Central,Benue,Nigeria — Emergency Tracking Tool Report 39 Benue State (21 - 27 April 2025),https://dtm.iom.int/reports/nigeria-emergency-tracking-tool-report-39-benue-state-21-27-april-2025,https://dtm.iom.int/sites/g/files/tmzbdl1461/files/reports/IOM%20Nigeria%20DTM%20Emergency%20Tracking%20Tool%20%28ETT%29%20NC%20Benue%20Report%20No%2039.pdf,title:emergency tracking tool
249,2025,2025-05-02,Emergency Tracking Tool (ETT),North Central,Benue,Nigeria — Emergency Tracking Tool Report 38 Benue State (14 - 20 April 2025),https://dtm.iom.int/reports/nigeria-emergency-tracking-tool-report-38-benue-state-14-20-april-2025,https://dtm.iom.int/sites/g/files/tmzbdl1461/files/reports/IOM%20Nigeria%20DTM%20Emergency%20Tracking%20Tool%20%28ETT%29%20NC%20Benue%20Report%20No%2038.pdf,title:emergency tracking tool
250,2025,2025-04-25,Emergency Tracking Tool (ETT),North East,Adamawa; Borno,Nigeria — Emergency Tracking Tool Report 428 (14 - 20 April 2025),https://dtm.iom.int/reports/nigeria-emergency-tracking-tool-report-428-14-20-april-2025,https://dtm.iom.int/sites/g/files/tmzbdl1461/files/reports/IOM%20Nigeria%20DTM%20Emergency%20Tracking%20Tool%20%28ETT%29%20Report%20No.%20428_final.pdf,title:emergency tracking tool
251,2025,2025-04-24,Incident / Flash Report,North Central; North West,Benue,Nigeria — North-central & North-west — Flash Report 196 (14 - 21 April 2025),https://dtm.iom.int/reports/nigeria-north-central-north-west-flash-report-196-14-21-april-2025,https://dtm.iom.int/sites/g/files/tmzbdl1461/files/reports/IOM%20Nigeria%20Flash%20Report%20North-central%20and%20North-west%20196_final.pdf,title:flash report
252,2025,2025-04-22,Incident / Flash Report,North Central; North West,Benue,Nigeria — North-central & North-west — Flash Report 195 (7 - 13 April 2025),https://dtm.iom.int/reports/nigeria-north-central-north-west-flash-report-195-7-13-april-2025,https://dtm.iom.int/sites/g/files/tmzbdl1461/files/reports/IOM%20Nigeria%20Flash%20Report%20North-central%20and%20North-west%20195_final.pdf,title:flash report
253,2025,2025-04-22,Incident / Flash Report,North Central; North West,Sokoto,Nigeria — North-central & North-west — Flash Report 194 (7 April 2025),https://dtm.iom.int/reports/nigeria-north-central-north-west-flash-report-194-7-april-2025,https://dtm.iom.int/sites/g/files/tmzbdl1461/files/reports/IOM%20Nigeria%20Flash%20Report%20North-central%20and%20North-west%20194_final.pdf,title:flash report
254,2025,2025-04-22,Emergency Tracking Tool (ETT),North East,Adamawa; Borno; Yobe,Nigeria — Emergency Tracking Tool Report 427 (7 - 13 April 2025),https://dtm.iom.int/reports/nigeria-emergency-tracking-tool-report-427-7-13-april-2025,https://dtm.iom.int/sites/g/files/tmzbdl1461/files/reports/IOM%20Nigeria%20DTM%20Emergency%20Tracking%20Tool%20%28ETT%29%20Report%20No.%20427_final.pdf,title:emergency tracking tool
255,2025,2025-04-22,Emergency Tracking Tool (ETT),North Central,Benue,Nigeria — Emergency Tracking Tool Report 37 Benue State (7 - 13 April 2025),https://dtm.iom.int/reports/nigeria-emergency-tracking-tool-report-37-benue-state-7-13-april-2025,https://dtm.iom.int/sites/g/files/tmzbdl1461/files/reports/IOM%20Nigeria%20DTM%20Emergency%20Tracking%20Tool%20%28ETT%29%20NC%20Benue%20%20Report%20No%2037_final.pdf,title:emergency tracking tool
256,2025,2025-04-11,Incident / Flash Report,North Central; North West,Benue; Zamfara,Nigeria — North-central & North-west — Flash Report 193 (31 March - 03 April 2025),https://dtm.iom.int/reports/nigeria-north-central-north-west-flash-report-193-31-march-03-april-2025,https://dtm.iom.int/sites/g/files/tmzbdl1461/files/reports/IOM%20Nigeria%20Flash%20Report%20North-central%20and%20North-west%20193%20v4.pdf,title:flash report
257,2025,2025-04-11,Emergency Tracking Tool (ETT),North East,Adamawa; Borno,Nigeria — Emergency Tracking Tool Report 426 (31 March - 6 April 2025),https://dtm.iom.int/reports/nigeria-emergency-tracking-tool-report-426-31-march-6-april-2025,https://dtm.iom.int/sites/g/files/tmzbdl1461/files/reports/IOM%20Nigeria%20DTM%20Emergency%20Tracking%20Tool%20%28ETT%29%20Report%20No.%20426.pdf,title:emergency tracking tool
258,2025,2025-04-11,Emergency Tracking Tool (ETT),North Central,Benue,Nigeria — Emergency Tracking Tool Report 36 Benue State (31 March - 6 April 2025),https://dtm.iom.int/reports/nigeria-emergency-tracking-tool-report-36-benue-state-31-march-6-april-2025,https://dtm.iom.int/sites/g/files/tmzbdl1461/files/reports/IOM%20Nigeria%20DTM%20Emergency%20Tracking%20Tool%20%28ETT%29%20NC%20Benue%20Report%20No%2036_final.pdf,title:emergency tracking tool
259,2025,2025-04-08,Incident / Flash Report,North Central; North West,Plateau,Nigeria — North-central & North-west — Flash Report 192 (27 March - 2 April 2025),https://dtm.iom.int/reports/nigeria-north-central-north-west-flash-report-192-27-march-2-april-2025,https://dtm.iom.int/sites/g/files/tmzbdl1461/files/reports/IOM%20Nigeria%20Flash%20Report%20North-central%20and%20North-west%20192_final.pdf,title:flash report
260,2025,2025-04-04,Emergency Tracking Tool (ETT),North East,Adamawa; Borno,Nigeria — Emergency Tracking Tool Report 425 (24 - 30 March 2025),https://dtm.iom.int/reports/nigeria-emergency-tracking-tool-report-425-24-30-march-2025,https://dtm.iom.int/sites/g/files/tmzbdl1461/files/reports/IOM%20Nigeria%20DTM%20Emergency%20Tracking%20Tool%20%28ETT%29%20Report%20No.%20425_final.pdf,title:emergency tracking tool
261,2025,2025-04-04,Emergency Tracking Tool (ETT),North Central,Benue,Nigeria — Emergency Tracking Tool Report 35 Benue State (24 - 30 March 2025),https://dtm.iom.int/reports/nigeria-emergency-tracking-tool-report-35-benue-state-24-30-march-2025,https://dtm.iom.int/sites/g/files/tmzbdl1461/files/reports/IOM%20Nigeria%20DTM%20Emergency%20Tracking%20Tool%20%28ETT%29%20NC%20%20Benue%20Report%20No%2035.pdf,title:emergency tracking tool
262,2025,2025-03-27,Emergency Tracking Tool (ETT),North East,Adamawa; Borno,Nigeria — Emergency Tracking Tool Report 424 (17 - 23 March 2025),https://dtm.iom.int/reports/nigeria-emergency-tracking-tool-report-424-17-23-march-2025,https://dtm.iom.int/sites/g/files/tmzbdl1461/files/reports/IOM%20Nigeria%20DTM%20Emergency%20Tracking%20Tool%20%28ETT%29%20Report%20No.%20424.pdf,title:emergency tracking tool
263,2025,2025-03-27,Emergency Tracking Tool (ETT),North Central,Benue,Nigeria — Emergency Tracking Tool Report 34 Benue State (17 - 23 March 2025),https://dtm.iom.int/reports/nigeria-emergency-tracking-tool-report-34-benue-state-17-23-march-2025,https://dtm.iom.int/sites/g/files/tmzbdl1461/files/reports/IOM%20Nigeria%20DTM%20Emergency%20Tracking%20Tool%20%28ETT%29%20NC%20Benue%20Report%20No%2034.pdf,title:emergency tracking tool
264,2025,2025-03-21,Emergency Tracking Tool (ETT),North East,Adamawa; Borno,Nigeria — Emergency Tracking Tool Report 423 (10 - 16 March 2025),https://dtm.iom.int/reports/nigeria-emergency-tracking-tool-report-423-10-16-march-2025,https://dtm.iom.int/sites/g/files/tmzbdl1461/files/reports/IOM%20Nigeria%20DTM%20Emergency%20Tracking%20Tool%20%28ETT%29%20Report%20No.%20423.pdf,title:emergency tracking tool
265,2025,2025-03-21,Emergency Tracking Tool (ETT),North Central,Benue,Nigeria — Emergency Tracking Tool Report 33 Benue State (3 - 9 March 2025),https://dtm.iom.int/reports/nigeria-emergency-tracking-tool-report-33-benue-state-3-9-march-2025,https://dtm.iom.int/sites/g/files/tmzbdl1461/files/reports/IOM%20Nigeria%20DTM%20Emergency%20Tracking%20Tool%20%28ETT%29%20NC%20Benue%20Report%20No%2033.pdf,title:emergency tracking tool
266,2025,2025-03-20,Mobility Tracking – IDP & Returnee Atlas,North East,Gombe; Taraba; Bauchi,"Nigeria — Gombe, Taraba and Bauchi State Return Dashboard 1 (March 2025)",https://dtm.iom.int/reports/nigeria-gombe-taraba-and-bauchi-state-return-dashboard-1-march-2025,https://dtm.iom.int/sites/g/files/tmzbdl1461/files/reports/DTM%20Nigeria%20Return%20assessment%20dashboard%20GTB%20states%20March%202025_final.pdf,title:return dashboard
267,2025,2025-03-18,Mobility Tracking – IDP & Returnee Atlas,North Central; North West,Benue; Kano; Kaduna,Nigeria — North-Central and North-West — Round 16 IDP Atlas (February 2025),https://dtm.iom.int/reports/nigeria-north-central-and-north-west-round-16-idp-atlas-february-2025,https://dtm.iom.int/sites/g/files/tmzbdl1461/files/reports/Nigeria%20-%20IDP%20ATLAS%20-%20NWNC%20R16%20February%202025_.pdf,title:atlas
268,2025,2025-03-17,Mobility Tracking – IDP & Returnee Atlas,North Central; North West,Benue; Nasarawa; Plateau; Kogi; Kano; Kaduna; Katsina; Sokoto; Zamfara,Nigeria — North-central and North-west Return Dashboard 1 (March 2025),https://dtm.iom.int/reports/nigeria-north-central-and-north-west-return-dashboard-1-march-2025,https://dtm.iom.int/sites/g/files/tmzbdl1461/files/reports/DTM%20Nigeria%20Return%20assessment%20dashboard%20North-west%20and%20North-central%20February%202025_final.pdf,title:return dashboard
269,2025,2025-03-14,Emergency Tracking Tool (ETT),North East,Adamawa; Borno,Nigeria — Emergency Tracking Tool Report 422 (3 - 9 March 2025),https://dtm.iom.int/reports/nigeria-emergency-tracking-tool-report-422-3-9-march-2025,https://dtm.iom.int/sites/g/files/tmzbdl1461/files/reports/IOM%20Nigeria%20DTM%20Emergency%20Tracking%20Tool%20%28ETT%29%20Report%20No.%20422_final.pdf,title:emergency tracking tool
270,2025,2025-03-07,Mobility Tracking – IDP & Returnee Atlas,North East,Adamawa; Borno; Yobe; Gombe; Taraba; Bauchi,Nigeria — North-East Displacement Report Round 49 (March 2025),https://dtm.iom.int/reports/nigeria-north-east-displacement-report-round-49-march-2025,https://dtm.iom.int/sites/g/files/tmzbdl1461/files/reports/DTM%20Nigeria%20-%20Round%2049%20-%20Needs%20Monitoring%20Report.pdf,title:displacement report
271,2025,2025-03-07,Mobility Tracking – Needs Monitoring,North East,Adamawa; Borno; Yobe; Gombe; Taraba; Bauchi,Nigeria — Needs Monitoring — Round 49 - Needs Monitoring Report,https://dtm.iom.int/reports/nigeria-north-east-displacement-report-round-49-march-2025#needs-monitoring-1,https://dtm.iom.int/sites/g/files/tmzbdl1461/files/reports/DTM%20Nigeria%20-%20Round%2049%20-%20Needs%20Monitoring%20Report.pdf,attached file: Round 49 - Needs Monitoring Report
272,2025,2025-03-07,Emergency Tracking Tool (ETT),North East,Adamawa; Borno,Nigeria — Emergency Tracking Tool Report 421 (24 February - 2 March 2025),https://dtm.iom.int/reports/nigeria-emergency-tracking-tool-report-421-24-february-2-march-2025,https://dtm.iom.int/sites/g/files/tmzbdl1461/files/reports/IOM%20Nigeria%20DTM%20Emergency%20Tracking%20Tool%20%28ETT%29%20Report%20No.%20421_final.pdf,title:emergency tracking tool
273,2025,2025-03-07,Emergency Tracking Tool (ETT),North Central,Benue,Nigeria — Emergency Tracking Tool Report 32 Benue State (24 February - 2 March 2025),https://dtm.iom.int/reports/nigeria-emergency-tracking-tool-report-32-benue-state-24-february-2-march-2025,https://dtm.iom.int/sites/g/files/tmzbdl1461/files/reports/IOM%20Nigeria%20DTM%20Emergency%20Tracking%20Tool%20%28ETT%29%20NC%20Benue%20Report%20No%2032.pdf,title:emergency tracking tool
274,2025,2025-03-03,Emergency Tracking Tool (ETT),North East,Adamawa; Borno,Nigeria — Emergency Tracking Tool Report 420 (17 - 23 February 2025),https://dtm.iom.int/reports/nigeria-emergency-tracking-tool-report-420-17-23-february-2025,https://dtm.iom.int/sites/g/files/tmzbdl1461/files/reports/IOM%20Nigeria%20DTM%20Emergency%20Tracking%20Tool%20%28ETT%29%20Report%20No.%20420_final.pdf,title:emergency tracking tool
275,2025,2025-02-27,Emergency Tracking Tool (ETT),North Central,Benue,Nigeria — Emergency Tracking Tool Report 31 Benue State (17 - 23 February 2025),https://dtm.iom.int/reports/nigeria-emergency-tracking-tool-report-31-benue-state-17-23-february-2025,https://dtm.iom.int/sites/g/files/tmzbdl1461/files/reports/IOM%20Nigeria%20DTM%20Emergency%20Tracking%20Tool%20%28ETT%29%20NC%20Benue%20Report%20No%2031_final.pdf,title:emergency tracking tool
276,2025,2025-02-24,Emergency Tracking Tool (ETT),North Central,Benue,Nigeria — Emergency Tracking Tool Report 30 Benue State (10 - 16 February 2025),https://dtm.iom.int/reports/nigeria-emergency-tracking-tool-report-30-benue-state-10-16-february-2025,https://dtm.iom.int/sites/g/files/tmzbdl1461/files/reports/IOM%20Nigeria%20DTM%20Emergency%20Tracking%20Tool%20%28ETT%29%20NC%20Benue%20Report%20No%2030_final.pdf,title:emergency tracking tool
277,2025,2025-02-21,Emergency Tracking Tool (ETT),North East,Adamawa; Borno,Nigeria — Emergency Tracking Tool Report 419 (10 - 16 February 2025),https://dtm.iom.int/reports/nigeria-emergency-tracking-tool-report-419-10-16-february-2025,https://dtm.iom.int/sites/g/files/tmzbdl1461/files/reports/IOM%20Nigeria%20DTM%20Emergency%20Tracking%20Tool%20%28ETT%29%20Report%20No.%20419_final_0.pdf,title:emergency tracking tool
278,2025,2025-02-17,Incident / Flash Report,North Central; North West,Zamfara,Nigeria — North-central & North-west — Flash Report 191 (3 - 9 February 2025),https://dtm.iom.int/reports/nigeria-north-central-north-west-flash-report-191-3-9-february-2025,https://dtm.iom.int/sites/g/files/tmzbdl1461/files/reports/IOM%20Nigeria%20Flash%20Report%20North-central%20and%20North-west%20191_final.pdf,title:flash report
279,2025,2025-02-17,Emergency Tracking Tool (ETT),North East,Adamawa; Borno,Nigeria — Emergency Tracking Tool Report 418 (3 - 9 February 2025),https://dtm.iom.int/reports/nigeria-emergency-tracking-tool-report-418-3-9-february-2025,https://dtm.iom.int/sites/g/files/tmzbdl1461/files/reports/IOM%20Nigeria%20DTM%20Emergency%20Tracking%20Tool%20%28ETT%29%20Report%20No.%20418_final_0.pdf,title:emergency tracking tool
280,2025,2025-02-17,Emergency Tracking Tool (ETT),North Central,Benue,Nigeria — Emergency Tracking Tool Report 29 Benue State (3 - 9 February 2025),https://dtm.iom.int/reports/nigeria-emergency-tracking-tool-report-29-benue-state-3-9-february-2025,https://dtm.iom.int/sites/g/files/tmzbdl1461/files/reports/IOM%20Nigeria%20DTM%20Emergency%20Tracking%20Tool%20%28ETT%29%20NC%20Benue%20Report%20No%2029_final.pdf,title:emergency tracking tool
281,2025,2025-02-17,Emergency Tracking Tool (ETT),North Central,Benue,Nigeria — Emergency Tracking Tool Report 28 Benue State (27 January - 2 February 2025),https://dtm.iom.int/reports/nigeria-emergency-tracking-tool-report-28-benue-state-27-january-2-february-2025,https://dtm.iom.int/sites/g/files/tmzbdl1461/files/reports/IOM%20Nigeria%20DTM%20Emergency%20Tracking%20Tool%20%28ETT%29%20NC%20Benue%20Report%20No%2028_final.pdf,title:emergency tracking tool
282,2025,2025-02-12,Emergency Tracking Tool (ETT),North East,Adamawa; Borno,Nigeria — Emergency Tracking Tool Report 417 (27 January - 2 February 2025),https://dtm.iom.int/reports/nigeria-emergency-tracking-tool-report-417-27-january-2-february-2025,https://dtm.iom.int/sites/g/files/tmzbdl1461/files/reports/IOM%20Nigeria%20DTM%20Emergency%20Tracking%20Tool%20%28ETT%29%20Report%20No.%20417.pdf,title:emergency tracking tool
283,2025,2025-02-10,Incident / Flash Report,North Central; North West,Kaduna,Nigeria — North-central & North-west — Flash Report 190 (27 January - 02 February 2025),https://dtm.iom.int/reports/nigeria-north-central-north-west-flash-report-190-27-january-02-february-2025,https://dtm.iom.int/sites/g/files/tmzbdl1461/files/reports/IOM%20Nigeria%20Flash%20Report%20North-central%20and%20North-west%20190_final.pdf,title:flash report
284,2025,2025-02-04,Transhumance Flow Monitoring Report,North West,Kaduna; Katsina,Nigeria — Transhumance Tracking Tool — Flow Monitoring Dashboard 13 — Kaduna and Katsina states (December 2024),https://dtm.iom.int/reports/nigeria-transhumance-tracking-tool-flow-monitoring-dashboard-13-kaduna-and-katsina-states,https://dtm.iom.int/sites/g/files/tmzbdl1461/files/reports/TTT__Transhumance_Flow_Monitoring_December%202024_final.pdf,title:transhumance
285,2025,2025-02-03,Emergency Tracking Tool (ETT),North East,Adamawa; Borno,Nigeria — Emergency Tracking Tool Report 416 (20 - 26 January 2025),https://dtm.iom.int/reports/nigeria-emergency-tracking-tool-report-416-20-26-january-2025,https://dtm.iom.int/sites/g/files/tmzbdl1461/files/reports/IOM%20Nigeria%20DTM%20Emergency%20Tracking%20Tool%20%28ETT%29%20Report%20No.%20416_final.pdf,title:emergency tracking tool
286,2025,2025-01-31,Early Warning & Early Response Dashboard,North West,Kaduna; Katsina,"Nigeria — Transhumance Tracking Tool Report — Early Warning Dashboard 17 — Kachia and Kaura LGAs, Kaduna State and Faskari and Kaita LGAs, Katsina State (December 2024)",https://dtm.iom.int/reports/nigeria-transhumance-tracking-tool-report-early-warning-dashboard-17-kachia-and-kaura-lgas,https://dtm.iom.int/sites/g/files/tmzbdl1461/files/reports/Nigeria%20%E2%80%94%20Transhumance%20Tracking%20Tool%20Report%20%E2%80%94%20Early%20Warning%20Dashboard%2017%20December%202024%29%20-%20Kaduna%20and%20Katsina%20states%20PBF_final.pdf,title:early warning dashboard
287,2025,2025-01-31,Early Warning & Early Response Dashboard,North West,Katsina,"Nigeria — Transhumance Tracking Tool Report — Early Warning Dashboard 17 — Batsari, Dan Musa, Jibia and Kankara LGAs, Katsina State (December 2024)",https://dtm.iom.int/reports/nigeria-transhumance-tracking-tool-report-early-warning-dashboard-17-batsari-dan-musa-jibia,https://dtm.iom.int/sites/g/files/tmzbdl1461/files/reports/Nigeria%20%E2%80%94%20Transhumance%20Tracking%20Tool%20Report%20%E2%80%94%20Early%20Warning%20Dashboard%2017%2C%20December%202024%29%20-%20Katsina%20EU_final.pdf,title:early warning dashboard
288,2025,2025-01-31,Emergency Tracking Tool (ETT),North Central,Benue,Nigeria — Emergency Tracking Tool Report 27 Benue State (20 - 26 January 2025),https://dtm.iom.int/reports/nigeria-emergency-tracking-tool-report-27-benue-state-20-26-january-2025,https://dtm.iom.int/sites/g/files/tmzbdl1461/files/reports/IOM%20Nigeria%20DTM%20Emergency%20Tracking%20Tool%20%28ETT%29%20NC%20Report%20No%2027_final.pdf,title:emergency tracking tool
289,2025,2025-01-28,Emergency Tracking Tool (ETT),North East,Adamawa; Borno,Nigeria — Emergency Tracking Tool Report 415 (13 - 19 January 2025),https://dtm.iom.int/reports/nigeria-emergency-tracking-tool-report-415-13-19-january-2025,https://dtm.iom.int/sites/g/files/tmzbdl1461/files/reports/IOM%20Nigeria%20DTM%20Emergency%20Tracking%20Tool%20%28ETT%29%20Report%20No.%20415_final.pdf,title:emergency tracking tool
290,2025,2025-01-24,Emergency Tracking Tool (ETT),North Central,Benue,Nigeria — Emergency Tracking Tool Report 26 Benue State (13 - 19 January 2025),https://dtm.iom.int/reports/nigeria-emergency-tracking-tool-report-26-benue-state-13-19-january-2025,https://dtm.iom.int/sites/g/files/tmzbdl1461/files/reports/IOM%20Nigeria%20DTM%20Emergency%20Tracking%20Tool%20%28ETT%29%20NC%20Benue%20Report%20No%2026.pdf,title:emergency tracking tool
291,2025,2025-01-22,Transhumance Flow Monitoring Report,North West,Kaduna; Katsina,Nigeria — Transhumance Tracking Tool — Flow Monitoring Dashboard 12 — Kaduna and Katsina states (November 2024),https://dtm.iom.int/reports/nigeria-transhumance-tracking-tool-flow-monitoring-dashboard-12-kaduna-and-katsina-states,https://dtm.iom.int/sites/g/files/tmzbdl1461/files/reports/TTT__Transhumance_Flow_Monitoring_November%202024_final.pdf,title:transhumance
292,2025,2025-01-20,Early Warning & Early Response Dashboard,North West,Kaduna; Katsina,"Nigeria — Transhumance Tracking Tool Report — Early Warning Dashboard 16 — Kachia and Kaura LGAs, Kaduna State and Faskari and Kaita LGAs, Katsina State (November 2024)",https://dtm.iom.int/reports/nigeria-transhumance-tracking-tool-report-early-warning-dashboard-16-kachia-and-kaura-lgas,https://dtm.iom.int/sites/g/files/tmzbdl1461/files/reports/Nigeria%20%E2%80%94%20Transhumance%20Tracking%20Tool%20Report%20%E2%80%94%20Early%20Warning%20Dashboard%2016%20%28November%202024%29%20-%20Kaduna%20and%20Katsina%20states%20PBF.pdf,title:early warning dashboard
293,2025,2025-01-20,Early Warning & Early Response Dashboard,North West,Katsina,"Nigeria — Transhumance Tracking Tool Report — Early Warning Dashboard 16 — Batsari, Dan musa, Jibia and Kankara LGAs, Katsina State (November 2024)",https://dtm.iom.int/reports/nigeria-transhumance-tracking-tool-report-early-warning-dashboard-16-batsari-dan-musa-jibia,https://dtm.iom.int/sites/g/files/tmzbdl1461/files/reports/Nigeria%20%E2%80%94%20Transhumance%20Tracking%20Tool%20Report%20%E2%80%94%20Early%20Warning%20Dashboard%2016%2C%20%28November%202024%29%20-%20Katsina%20EU.pdf,title:early warning dashboard
294,2025,2025-01-20,Early Warning & Early Response Dashboard,North West,Kaduna; Katsina,"Nigeria — Transhumance Tracking Tool Report — Early Warning Dashboard 15 — Kachia and Kaura LGAs, Kaduna State and Faskari and Kaita LGAs, Katsina State (October 2024)",https://dtm.iom.int/reports/nigeria-transhumance-tracking-tool-report-early-warning-dashboard-15-kachia-and-kaura-lgas,https://dtm.iom.int/sites/g/files/tmzbdl1461/files/reports/Nigeria%20%E2%80%94%20Transhumance%20Tracking%20Tool%20Report%20%E2%80%94%20Early%20Warning%20Dashboard%2015%20October%202024%29%20-%20Kaduna%20and%20Katsina%20states%20PBF.pdf,title:early warning dashboard
295,2025,2025-01-20,Early Warning & Early Response Dashboard,North West,Katsina,"Nigeria — Transhumance Tracking Tool Report — Early Warning Dashboard 15 — Batsari, Dan musa, Jibia and Kankara LGAs, Katsina State (October 2024)",https://dtm.iom.int/reports/nigeria-transhumance-tracking-tool-report-early-warning-dashboard-15-batsari-dan-musa-jibia,https://dtm.iom.int/sites/g/files/tmzbdl1461/files/reports/Nigeria%20%E2%80%94%20Transhumance%20Tracking%20Tool%20Report%20%E2%80%94%20Early%20Warning%20Dashboard%2015%2C%20October%202024%29%20-%20Katsina%20EU.pdf,title:early warning dashboard
296,2025,2025-01-20,Emergency Tracking Tool (ETT),North East,Adamawa; Borno,Nigeria — Emergency Tracking Tool Report 414 (6 - 12 January 2025),https://dtm.iom.int/reports/nigeria-emergency-tracking-tool-report-414-6-12-january-2025,https://dtm.iom.int/sites/g/files/tmzbdl1461/files/reports/IOM%20Nigeria%20DTM%20Emergency%20Tracking%20Tool%20%28ETT%29%20Report%20No.%20414.pdf,title:emergency tracking tool
297,2025,2025-01-17,Incident / Flash Report,North Central; North West,Benue; Kaduna,Nigeria — North-central & North-west — Flash Report 189 (6 - 12 January 2025),https://dtm.iom.int/reports/nigeria-north-central-north-west-flash-report-189-6-12-january-2025,https://dtm.iom.int/sites/g/files/tmzbdl1461/files/reports/IOM%20Nigeria%20Flash%20Report%20North-central%20and%20North-west%20189.pdf,title:flash report
298,2025,2025-01-17,Incident / Flash Report,North Central; North West,Niger,Nigeria — North-central & North-west — Flash Report 188 (30 December 2024 - 5 January 2025),https://dtm.iom.int/reports/nigeria-north-central-north-west-flash-report-188-30-december-2024-5-january-2025,https://dtm.iom.int/sites/g/files/tmzbdl1461/files/reports/IOM%20Nigeria%20Flash%20Report%20North-central%20and%20North-west%20188_final.pdf,title:flash report
299,2025,2025-01-17,Emergency Tracking Tool (ETT),North East,Adamawa; Borno,Nigeria — Emergency Tracking Tool Report 413 (30 December 2024 - 5 January 2025),https://dtm.iom.int/reports/nigeria-emergency-tracking-tool-report-413-30-december-2024-5-january-2025,https://dtm.iom.int/sites/g/files/tmzbdl1461/files/reports/IOM%20Nigeria%20DTM%20Emergency%20Tracking%20Tool%20%28ETT%29%20Report%20No.%20413_final.pdf,title:emergency tracking tool
300,2025,2025-01-17,Emergency Tracking Tool (ETT),North Central,Benue,Nigeria — Emergency Tracking Tool Report 25 Benue State (6 - 12 January 2025),https://dtm.iom.int/reports/nigeria-emergency-tracking-tool-report-25-benue-state-6-12-january-2025,https://dtm.iom.int/sites/g/files/tmzbdl1461/files/reports/IOM%20Nigeria%20DTM%20Emergency%20Tracking%20Tool%20%28ETT%29%20NC%20Benue%20Report%20No%2025.pdf,title:emergency tracking tool
301,2025,2025-01-11,Emergency Tracking Tool (ETT),North East,Adamawa; Borno,Nigeria — Emergency Tracking Tool Report 412 (23 - 29 December 2024),https://dtm.iom.int/reports/nigeria-emergency-tracking-tool-report-412-23-29-december-2024,https://dtm.iom.int/sites/g/files/tmzbdl1461/files/reports/IOM%20Nigeria%20DTM%20Emergency%20Tracking%20Tool%20%28ETT%29%20Report%20No.%20412_final.pdf,title:emergency tracking tool
302,2025,2025-01-09,Post-Flood Situation Report (Ad-Hoc),North Central,Plateau,Nigeria — Joint Post - Flood Situation Report — Plateau State (09 January 2025),https://dtm.iom.int/reports/nigeria-joint-post-flood-situation-report-plateau-state-09-january-2025,https://dtm.iom.int/sites/g/files/tmzbdl1461/files/reports/Nigeria%20-%20Joint%20-%20Post%20Flood%20Assessment%20-%20Plateau%20state%20%2809%20January%202025%29..pdf,title:flood situation report
303,2025,2025-01-09,Post-Flood Situation Report (Ad-Hoc),North West,Katsina,Nigeria — Joint Post - Flood Situation Report — Katsina State (09 January 2025),https://dtm.iom.int/reports/nigeria-joint-post-flood-situation-report-katsina-state-09-january-2025,https://dtm.iom.int/sites/g/files/tmzbdl1461/files/reports/Nigeria%20-%20Joint%20-%20Post%20Flood%20Assessment%20-%20Katsina%20state%20%2809%20January%202025%29..pdf,title:flood situation report
304,2025,2025-01-09,Post-Flood Situation Report (Ad-Hoc),North East,Gombe,Nigeria — Joint Post - Flood Situation Report — Gombe State (09 January 2025),https://dtm.iom.int/reports/nigeria-joint-post-flood-situation-report-gombe-state-09-january-2025,https://dtm.iom.int/sites/g/files/tmzbdl1461/files/reports/Nigeria%20-%20Joint%20Post%20-%20flood%20assessment%20Gombe%20State%20%2809%20January%202025%29%20final.pdf,title:flood situation report
305,2025,2025-01-09,Post-Flood Situation Report (Ad-Hoc),,,Nigeria — Joint Post - Flood Situation Report — Ekiti State (09 January 2025),https://dtm.iom.int/reports/nigeria-joint-post-flood-situation-report-ekiti-state-09-january-2025,https://dtm.iom.int/sites/g/files/tmzbdl1461/files/reports/Nigeria%20-%20Joint%20Post%20-%20flood%20assessment%20Ekiti%20State%20%2809%20January%202025%29%20final.pdf,title:flood situation report
306,2025,2025-01-09,Post-Flood Situation Report (Ad-Hoc),North Central,Benue,Nigeria — Joint Post - Flood Situation Report — Benue State (09 January 2025),https://dtm.iom.int/reports/nigeria-joint-post-flood-situation-report-benue-state-09-january-2025,https://dtm.iom.int/sites/g/files/tmzbdl1461/files/reports/Nigeria%20-%20Joint%20-%20Post%20Flood%20Assessment%20-%20Benue%20state%20%2809%20January%202025%29..pdf,title:flood situation report
307,2025,2025-01-09,Biometric Registration Report,North Central,Benue,Nigeria — Biometric Registration Update Report 7 Benue State (9 January 2025),https://dtm.iom.int/reports/nigeria-biometric-registration-update-report-7-benue-state-9-january-2025,https://dtm.iom.int/sites/g/files/tmzbdl1461/files/reports/Biometric%20Registration%20Report%207%20Benue%20State_07%20January%202025_Final_0.pdf,title:biometric
308,2025,2025-01-08,Emergency Tracking Tool (ETT),North Central,Benue,Nigeria — Emergency Tracking Tool Report 24 (30 December 2024 - 5 January 2025),https://dtm.iom.int/reports/nigeria-emergency-tracking-tool-report-24-30-december-2024-5-january-2025,https://dtm.iom.int/sites/g/files/tmzbdl1461/files/reports/IOM%20Nigeria%20DTM%20Emergency%20Tracking%20Tool%20%28ETT%29%20NC%20Benue%20Report%20No%2024.pdf,title:emergency tracking tool
309,2025,2025-01-07,Emergency Tracking Tool (ETT),North Central,Benue,Nigeria — Emergency Tracking Tool Report 23 (23 - 29 December 2024),https://dtm.iom.int/reports/nigeria-emergency-tracking-tool-report-23-23-29-december-2024,https://dtm.iom.int/sites/g/files/tmzbdl1461/files/reports/IOM%20Nigeria%20DTM%20Emergency%20Tracking%20Tool%20%28ETT%29%20NC%20Report%20No%2023.pdf,title:emergency tracking tool
310,2024,2024-12-31,Post-Flood Situation Report (Ad-Hoc),North East,Yobe,Nigeria — Joint Post - Flood Situation Report — Yobe State (31 December 2024),https://dtm.iom.int/reports/nigeria-joint-post-flood-situation-report-yobe-state-31-december-2024,https://dtm.iom.int/sites/g/files/tmzbdl1461/files/reports/IOM%20Nigeria%20Flood%20Report%20-%20Yobe%20state%20%2831%20December%202024%29_final.pdf,title:flood situation report
311,2024,2024-12-31,Post-Flood Situation Report (Ad-Hoc),North West,Sokoto,Nigeria — Joint Post - Flood Situation Report — Sokoto State (31 December 2024),https://dtm.iom.int/reports/nigeria-joint-post-flood-situation-report-sokoto-state-31-december-2024,https://dtm.iom.int/sites/g/files/tmzbdl1461/files/reports/Nigeria%20-%20Joint%20Post-Flood%20Assessment%20Sokoto%20State%20%2831%20December%202024%29_final.pdf,title:flood situation report
312,2024,2024-12-31,Post-Flood Situation Report (Ad-Hoc),,,Nigeria — Joint Post - Flood Situation Report — Ondo State (31 December 2024),https://dtm.iom.int/reports/nigeria-joint-post-flood-situation-report-ondo-state-31-december-2024,https://dtm.iom.int/sites/g/files/tmzbdl1461/files/reports/Nigeria%20-%20Joint%20Post-Flood%20Assessment%20Ondo%20state%20%2831%20December%202024%29_final.pdf,title:flood situation report
313,2024,2024-12-31,Post-Flood Situation Report (Ad-Hoc),North West,Kaduna,Nigeria — Joint Post - Flood Situation Report — Kaduna State (31 December 2024),https://dtm.iom.int/reports/nigeria-joint-post-flood-situation-report-kaduna-state-31-december-2024,https://dtm.iom.int/sites/g/files/tmzbdl1461/files/reports/IOM%20Nigeria%20Flood%20Report%20-%20Kaduna%20state%20%2831%20December%202024%29_final.pdf,title:flood situation report
314,2024,2024-12-31,Post-Flood Situation Report (Ad-Hoc),North East,Borno,Nigeria — Joint Post - Flood Situation Report — Borno State (31 December 2024),https://dtm.iom.int/reports/nigeria-joint-post-flood-situation-report-borno-state-31-december-2024,https://dtm.iom.int/sites/g/files/tmzbdl1461/files/reports/Nigeria%20-%20Joint%20Post-Flood%20Assessment%20Borno%20State%20%2831%20December%202024%29_final.pdf,title:flood situation report
315,2024,2024-12-31,Post-Flood Situation Report (Ad-Hoc),,,Nigeria — Joint Post - Flood Situation Report — Akwa Ibom State (31 December 2024),https://dtm.iom.int/reports/nigeria-joint-post-flood-situation-report-akwa-ibom-state-31-december-2024,https://dtm.iom.int/sites/g/files/tmzbdl1461/files/reports/IOM%20Nigeria%20Flood%20Report%20-%20Akwa%20Ibom%20state%20%2831%20December%202024%29_final.pdf,title:flood situation report
316,2024,2024-12-31,Emergency Tracking Tool (ETT),North East,Adamawa; Borno,Nigeria — Emergency Tracking Tool Report 411 (16 - 22 December 2024),https://dtm.iom.int/reports/nigeria-emergency-tracking-tool-report-411-16-22-december-2024,https://dtm.iom.int/sites/g/files/tmzbdl1461/files/reports/IOM%20Nigeria%20DTM%20Emergency%20Tracking%20Tool%20%28ETT%29%20Report%20No.%20411.pdf,title:emergency tracking tool
317,2024,2024-12-30,Transhumance Flow Monitoring Report,North West,Kaduna; Katsina,Nigeria — Transhumance Tracking Tool — Flow Monitoring Dashboard 11 — Kaduna and Katsina states (October 2024),https://dtm.iom.int/reports/nigeria-transhumance-tracking-tool-flow-monitoring-dashboard-11-kaduna-and-katsina-states,https://dtm.iom.int/sites/g/files/tmzbdl1461/files/reports/TTT__Transhumance_Flow_Monitoring_October%202024.pdf,title:transhumance
318,2024,2024-12-30,Mobility Tracking – IDP & Returnee Atlas,North Central; North West,Benue; Nasarawa; Plateau; Kano; Kaduna; Katsina; Sokoto; Zamfara,Nigeria — North-Central and North-West Displacement Report Round 15 (December 2024),https://dtm.iom.int/reports/nigeria-north-central-and-north-west-displacement-report-round-15-december-2024,https://dtm.iom.int/sites/g/files/tmzbdl1461/files/reports/Nigeria%20-%20NCNW%20Needs%20Monitoring%20Report%2015%20%28December%202024%29_final.pdf,title:displacement report
319,2024,2024-12-30,Mobility Tracking – Needs Monitoring,North Central; North West,Benue; Nasarawa; Plateau; Kano; Kaduna; Katsina; Sokoto; Zamfara,Nigeria — Needs Monitoring — NCNW Needs Monitoring Report 15 (December 2024),https://dtm.iom.int/reports/nigeria-north-central-and-north-west-displacement-report-round-15-december-2024#needs-monitoring-1,https://dtm.iom.int/sites/g/files/tmzbdl1461/files/reports/Nigeria%20-%20NCNW%20Needs%20Monitoring%20Report%2015%20%28December%202024%29_final.pdf,attached file: NCNW Needs Monitoring Report 15 (December 2024)
320,2024,2024-12-30,Post-Flood Situation Report (Ad-Hoc),North West,Zamfara,Nigeria — Joint Post - Flood Situation Report — Zamfara State (30 December 2024),https://dtm.iom.int/reports/nigeria-joint-post-flood-situation-report-zamfara-state-30-december-2024,https://dtm.iom.int/sites/g/files/tmzbdl1461/files/reports/Nigeria%20-%20Joint%20Post-Flood%20Assessment%20Zamfara%20State%20%2830%20December%202024%29_Final_0.pdf,title:flood situation report
321,2024,2024-12-30,Post-Flood Situation Report (Ad-Hoc),,,Nigeria — Joint Post - Flood Situation Report — Lagos State (30 December 2024),https://dtm.iom.int/reports/nigeria-joint-post-flood-situation-report-lagos-state-30-december-2024,https://dtm.iom.int/sites/g/files/tmzbdl1461/files/reports/Nigeria%20-%20Joint%20Post-Flood%20Assessment%20Lagos%20State%20%2830%20December%202024%29_Final..pdf,title:flood situation report
322,2024,2024-12-30,Post-Flood Situation Report (Ad-Hoc),North West,Kano,Nigeria — Joint Post - Flood Situation Report — Kano State (30 December 2024),https://dtm.iom.int/reports/nigeria-joint-post-flood-situation-report-kano-state-30-december-2024,https://dtm.iom.int/sites/g/files/tmzbdl1461/files/reports/Nigeria%20-%20Joint%20Post-Flood%20Assessment%20Kano%20State%20%2830%20December%202024%29_Final.pdf,title:flood situation report
323,2024,2024-12-30,Post-Flood Situation Report (Ad-Hoc),,,Nigeria — Joint Post - Flood Situation Report — FCT (30 December 2024),https://dtm.iom.int/reports/nigeria-joint-post-flood-situation-report-fct-30-december-2024,https://dtm.iom.int/sites/g/files/tmzbdl1461/files/reports/Nigeria%20-%20Joint%20Post-Flood%20Assessment%20FCT%20%2830%20December%202024%29_Final.pdf,title:flood situation report
324,2024,2024-12-30,Post-Flood Situation Report (Ad-Hoc),North East,Bauchi,Nigeria — Joint Post - Flood Situation Report — Bauchi State (30 December 2024),https://dtm.iom.int/reports/nigeria-joint-post-flood-situation-report-bauchi-state-30-december-2024,https://dtm.iom.int/sites/g/files/tmzbdl1461/files/reports/Nigeria%20-%20Joint%20Post-Flood%20Assessment%20Bauchi%20State%20%2830%20December%202024%29.Final_.pdf,title:flood situation report
325,2024,2024-12-30,Post-Flood Situation Report (Ad-Hoc),,,Nigeria — Joint Post - Flood Situation Report — Abia State (30 December 2024),https://dtm.iom.int/reports/nigeria-joint-post-flood-situation-report-abia-state-30-december-2024,https://dtm.iom.int/sites/g/files/tmzbdl1461/files/reports/Nigeria%20-%20Joint%20Post-Flood%20Assessment%20Abia%20state%20%2830%20December%202024%29_Final_0.pdf,title:flood situation report
326,2024,2024-12-20,Incident / Flash Report,North Central; North West,Katsina,Nigeria — North-central & North-west — Flash Report 187 (9 - 15 December 2024),https://dtm.iom.int/reports/nigeria-north-central-north-west-flash-report-187-9-15-december-2024,https://dtm.iom.int/sites/g/files/tmzbdl1461/files/reports/IOM%20Nigeria%20Flash%20Report%20North-central%20and%20North-west%20187.pdf,title:flash report
327,2024,2024-12-20,Emergency Tracking Tool (ETT),North East,Adamawa; Borno,Nigeria — Emergency Tracking Tool Report 410 (9 - 15 December 2024),https://dtm.iom.int/reports/nigeria-emergency-tracking-tool-report-410-9-15-december-2024,https://dtm.iom.int/sites/g/files/tmzbdl1461/files/reports/IOM%20Nigeria%20DTM%20Emergency%20Tracking%20Tool%20%28ETT%29%20Report%20No.%20410.pdf,title:emergency tracking tool
328,2024,2024-12-20,Emergency Tracking Tool (ETT),North Central,Benue,Nigeria — Emergency Tracking Tool Report 22 (2 - 8 December 2024),https://dtm.iom.int/reports/nigeria-emergency-tracking-tool-report-22-2-8-december-2024,https://dtm.iom.int/sites/g/files/tmzbdl1461/files/reports/IOM%20Nigeria%20DTM%20Emergency%20Tracking%20Tool%20%28ETT%29%20NC%20Benue%20Report%20No%2022_final.pdf,title:emergency tracking tool
329,2024,2024-12-17,Early Warning & Early Response Dashboard,North East,Adamawa; Taraba,Nigeria — Transhumance Tracking Tool Report — Early Warning Dashboard 31 — Adamawa and Taraba states (November 2024),https://dtm.iom.int/reports/nigeria-transhumance-tracking-tool-report-early-warning-dashboard-31-adamawa-and-taraba,https://dtm.iom.int/sites/g/files/tmzbdl1461/files/reports/Nigeria%20%E2%80%94%20Transhumance%20Tracking%20Tool%20Report%20%E2%80%94%20Early%20Warning%20Dashboard%2031%20%28November%202024%29%20-%20Adamawa%20and%20Taraba%20states_final.pdf,title:early warning dashboard
330,2024,2024-12-13,Emergency Tracking Tool (ETT),North East,Adamawa; Borno,Nigeria — Emergency Tracking Tool Report 409 (2 - 8 December 2024),https://dtm.iom.int/reports/nigeria-emergency-tracking-tool-report-409-2-8-december-2024,https://dtm.iom.int/sites/g/files/tmzbdl1461/files/reports/IOM%20Nigeria%20DTM%20Emergency%20Tracking%20Tool%20%28ETT%29%20Report%20No.%20409.pdf,title:emergency tracking tool
331,2024,2024-12-11,Early Warning & Early Response Dashboard,North East,Adamawa; Taraba,Nigeria — Transhumance Tracking Tool Report — Early Warning Dashboard 30 — Adamawa and Taraba states (October 2024),https://dtm.iom.int/reports/nigeria-transhumance-tracking-tool-report-early-warning-dashboard-30-adamawa-and-taraba,https://dtm.iom.int/sites/g/files/tmzbdl1461/files/reports/Nigeria%20%E2%80%94%20Transhumance%20Tracking%20Tool%20Report%20%E2%80%94%20Early%20Warning%20Dashboard%2030%20%28October%202024%29%20-%20Adamawa%20and%20Taraba%20states_final.pdf,title:early warning dashboard
332,2024,2024-12-10,Mobility Tracking – IDP & Returnee Atlas,North East,,Nigeria — North-east — Mobility Tracking Round 48 IDP and Returnee Atlas (November 2024),https://dtm.iom.int/reports/nigeria-north-east-mobility-tracking-round-48-idp-and-returnee-atlas-november-2024,https://dtm.iom.int/sites/g/files/tmzbdl1461/files/reports/IDP%20and%20Returnee%20Atlas%20-%20November%202024_final.pdf,title:atlas
333,2024,2024-12-10,Post-Flood Situation Report (Ad-Hoc),North East,Taraba,Nigeria — Joint Post - Flood Situation Report — Taraba State (10 December 2024),https://dtm.iom.int/reports/nigeria-joint-post-flood-situation-report-taraba-state-10-december-2024,https://dtm.iom.int/sites/g/files/tmzbdl1461/files/reports/Nigeria%20-%20Joint%20Post-Flood%20Assessment%20Taraba%20state%20%2810%20December%202024%29_final_updated.pdf,title:flood situation report
334,2024,2024-12-10,Post-Flood Situation Report (Ad-Hoc),,,Nigeria — Joint Post - Flood Situation Report — Rivers State (10 December 2024),https://dtm.iom.int/reports/nigeria-joint-post-flood-situation-report-rivers-state-10-december-2024,https://dtm.iom.int/sites/g/files/tmzbdl1461/files/reports/Nigeria%20-%20Joint%20Post-Flood%20Assessment%20Rivers%20state%20%2810%20December%202024%29_final.pdf,title:flood situation report
335,2024,2024-12-10,Post-Flood Situation Report (Ad-Hoc),,,Nigeria — Joint Post - Flood Situation Report — Oyo State (10 December 2024),https://dtm.iom.int/reports/nigeria-joint-post-flood-situation-report-oyo-state-10-december-2024,https://dtm.iom.int/sites/g/files/tmzbdl1461/files/reports/Nigeria%20-%20Joint%20Post-Flood%20Assessment%20Oyo%20state%20%2810%20December%202024%29_final.pdf,title:flood situation report
336,2024,2024-12-10,Post-Flood Situation Report (Ad-Hoc),North Central,Niger,Nigeria — Joint Post - Flood Situation Report — Niger State (10 December 2024),https://dtm.iom.int/reports/nigeria-joint-post-flood-situation-report-niger-state-10-december-2024,https://dtm.iom.int/sites/g/files/tmzbdl1461/files/reports/Nigeria%20-%20Joint%20Post-Flood%20Assessment%20Niger%20state%20%2810%20December%202024%29_final.pdf,title:flood situation report
337,2024,2024-12-10,Post-Flood Situation Report (Ad-Hoc),North Central,Nasarawa,Nigeria — Joint Post - Flood Situation Report — Nasarawa State (10 December 2024),https://dtm.iom.int/reports/nigeria-joint-post-flood-situation-report-nasarawa-state-10-december-2024,https://dtm.iom.int/sites/g/files/tmzbdl1461/files/reports/Nigeria%20-%20Joint%20Post-Flood%20Assessment%20Nasarawa%20state%20%2810%20December%202024%29_final.pdf,title:flood situation report
338,2024,2024-12-10,Post-Flood Situation Report (Ad-Hoc),,,Nigeria — Joint Post - Flood Situation Report — Kwara State (10 December 2024),https://dtm.iom.int/reports/nigeria-joint-post-flood-situation-report-kwara-state-10-december-2024,https://dtm.iom.int/sites/g/files/tmzbdl1461/files/reports/Nigeria%20-%20Joint%20Post-Flood%20Assessment%20Kwara%20state%20%2810%20December%202024%29_final.pdf,title:flood situation report
339,2024,2024-12-10,Post-Flood Situation Report (Ad-Hoc),North Central,Kogi,Nigeria — Joint Post - Flood Situation Report — Kogi State (10 December 2024),https://dtm.iom.int/reports/nigeria-joint-post-flood-situation-report-kogi-state-10-december-2024,https://dtm.iom.int/sites/g/files/tmzbdl1461/files/reports/Nigeria%20-%20Joint%20Post-Flood%20Assessment%20Kogi%20state%20%2810%20December%202024%29_final.pdf,title:flood situation report
340,2024,2024-12-10,Post-Flood Situation Report (Ad-Hoc),,,Nigeria — Joint Post - Flood Situation Report — Kebbi State (10 December 2024),https://dtm.iom.int/reports/nigeria-joint-post-flood-situation-report-kebbi-state-10-december-2024,https://dtm.iom.int/sites/g/files/tmzbdl1461/files/reports/Nigeria%20-%20Joint%20Post-Flood%20Assessment%20Kebbi%20state%20%2810%20December%202024%29_final.pdf,title:flood situation report
341,2024,2024-12-10,Post-Flood Situation Report (Ad-Hoc),,,Nigeria — Joint Post - Flood Situation Report — Jigawa State (10 December 2024),https://dtm.iom.int/reports/nigeria-joint-post-flood-situation-report-jigawa-state-10-december-2024,https://dtm.iom.int/sites/g/files/tmzbdl1461/files/reports/Nigeria%20-%20Joint%20Post-Flood%20Assessment%20Jigawa%20state%20%2810%20December%202024%29_final%201.pdf,title:flood situation report
342,2024,2024-12-10,Post-Flood Situation Report (Ad-Hoc),,,Nigeria — Joint Post - Flood Situation Report — Imo State (10 December 2024),https://dtm.iom.int/reports/nigeria-joint-post-flood-situation-report-imo-state-10-december-2024,https://dtm.iom.int/sites/g/files/tmzbdl1461/files/reports/Nigeria%20-%20Joint%20Post-Flood%20Assessment%20Imo%20state%20%2810%20December%202024%29_final.pdf,title:flood situation report
343,2024,2024-12-10,Post-Flood Situation Report (Ad-Hoc),,,Nigeria — Joint Post - Flood Situation Report — Enugu State (10 December 2024),https://dtm.iom.int/reports/nigeria-joint-post-flood-situation-report-enugu-state-10-december-2024,https://dtm.iom.int/sites/g/files/tmzbdl1461/files/reports/Nigeria%20-%20Joint%20Post-Flood%20Assessment%20Enugu%20state%20%2810%20December%202024%29_final.pdf,title:flood situation report
344,2024,2024-12-10,Post-Flood Situation Report (Ad-Hoc),,,Nigeria — Joint Post - Flood Situation Report — Edo State (10 December 2024),https://dtm.iom.int/reports/nigeria-joint-post-flood-situation-report-edo-state-10-december-2024,https://dtm.iom.int/sites/g/files/tmzbdl1461/files/reports/Nigeria%20-%20Joint%20Post-Flood%20Assessment%20Edo%20state%20%2810%20December%202024%29_final.pdf,title:flood situation report
345,2024,2024-12-10,Post-Flood Situation Report (Ad-Hoc),,,Nigeria — Joint Post - Flood Situation Report — Ebonyi State (10 December 2024),https://dtm.iom.int/reports/nigeria-joint-post-flood-situation-report-ebonyi-state-10-december-2024,https://dtm.iom.int/sites/g/files/tmzbdl1461/files/reports/Nigeria%20-%20Joint%20Post-Flood%20Assessment%20Ebonyi%20state%20%2810%20December%202024%29_final.pdf,title:flood situation report
346,2024,2024-12-10,Post-Flood Situation Report (Ad-Hoc),,,Nigeria — Joint Post - Flood Situation Report — Delta State (10 December 2024),https://dtm.iom.int/reports/nigeria-joint-post-flood-situation-report-delta-state-10-december-2024,https://dtm.iom.int/sites/g/files/tmzbdl1461/files/reports/Nigeria%20-%20Joint%20Post-Flood%20Assessment%20Delta%20state%20%2810%20December%202024%29_final.pdf,title:flood situation report
347,2024,2024-12-10,Post-Flood Situation Report (Ad-Hoc),,,Nigeria — Joint Post - Flood Situation Report — Cross River State (10 December 2024),https://dtm.iom.int/reports/nigeria-joint-post-flood-situation-report-cross-river-state-10-december-2024,https://dtm.iom.int/sites/g/files/tmzbdl1461/files/reports/Nigeria%20-%20Joint%20Post-Flood%20Assessment%20Cross%20River%20state%20%2810%20December%202024%29_final.pdf,title:flood situation report
348,2024,2024-12-10,Post-Flood Situation Report (Ad-Hoc),,,Nigeria — Joint Post - Flood Situation Report — Bayelsa State (10 December 2024),https://dtm.iom.int/reports/nigeria-joint-post-flood-situation-report-bayelsa-state-10-december-2024,https://dtm.iom.int/sites/g/files/tmzbdl1461/files/reports/Nigeria%20-%20Joint%20Post-Flood%20Assessment%20Bayelsa%20state%20%2810%20December%202024%29_final_updated.pdf,title:flood situation report
349,2024,2024-12-10,Post-Flood Situation Report (Ad-Hoc),,,Nigeria — Joint Post - Flood Situation Report — Anambra State (10 December 2024),https://dtm.iom.int/reports/nigeria-joint-post-flood-situation-report-anambra-state-10-december-2024,https://dtm.iom.int/sites/g/files/tmzbdl1461/files/reports/Nigeria%20-%20Joint%20Post-Flood%20Assessment%20Anambra%20state%20%2810%20December%202024%29_final.pdf,title:flood situation report
350,2024,2024-12-10,Post-Flood Situation Report (Ad-Hoc),North East,Adamawa,Nigeria — Joint Post - Flood Situation Report — Adamawa State (10 December 2024),https://dtm.iom.int/reports/nigeria-joint-post-flood-situation-report-adamawa-state-10-december-2024,https://dtm.iom.int/sites/g/files/tmzbdl1461/files/reports/Nigeria%20-%20Joint%20Post-Flood%20Assessment%20Adamawa%20state%20%2810%20December%202024%29_final.pdf,title:flood situation report
351,2024,2024-12-10,Post-Flood Situation Report (Ad-Hoc),North East; North Central,Adamawa; Taraba; Nasarawa; Kogi; Niger,Nigeria — Joint Post - Flood Situation Report — 18 states (30 November 2024),https://dtm.iom.int/reports/nigeria-joint-post-flood-situation-report-18-states-30-november-2024,https://dtm.iom.int/sites/g/files/tmzbdl1461/files/reports/Nigeria%20-%20Joint%20Post-Flood%20Assessment%2018%20states%20%2830%20November%202024%29_final.pdf,title:flood situation report
352,2024,2024-12-09,Flow Monitoring (migrants) – extra category,,,Nigeria — IOM's DTM Celebrates 10 years of Excellence in Nigeria,https://dtm.iom.int/reports/nigeria-ioms-dtm-celebrates-10-years-excellence-nigeria,https://dtm.iom.int/sites/g/files/tmzbdl1461/files/reports/IOM%20DTM%20Nigeria%20%40%2010.pdf,summary:flow monitoring
353,2024,2024-12-09,Intention Surveys,North East,Borno,Nigeria — Borno State - Intention Survey - Muna El Badawy Camp (August 2024),https://dtm.iom.int/reports/nigeria-borno-state-intention-survey-muna-el-badawy-camp-august-2024,https://dtm.iom.int/sites/g/files/tmzbdl1461/files/reports/Borno%20State%20-%20Household%20Intention%20Survey%20report%202024_Muna%20El%20Badawy_Final.pdf,title:intention survey
354,2024,2024-12-09,Intention Surveys,North East,Borno,Nigeria — Borno State - Intention Survey - Madinatu Camp (August 2024),https://dtm.iom.int/reports/nigeria-borno-state-intention-survey-madinatu-camp-august-2024,https://dtm.iom.int/sites/g/files/tmzbdl1461/files/reports/Borno%20State%20-%20Household%20Intention%20Survey%20report%202024_Madinatu%20Camp_Final.pdf,title:intention survey
355,2024,2024-12-09,Intention Surveys,North East,Borno,Nigeria — Borno State - Intention Survey - El Miskin Camp II (August 2024),https://dtm.iom.int/reports/nigeria-borno-state-intention-survey-el-miskin-camp-ii-august-2024,https://dtm.iom.int/sites/g/files/tmzbdl1461/files/reports/Borno%20State%20-%20Household%20Intention%20Survey%20report%202024_El%20Miskin%20Camp%20II_Final.pdf,title:intention survey
356,2024,2024-12-09,Intention Surveys,North East,Borno,Nigeria — Borno State - Intention Survey - El Miskin Camp I (August 2024),https://dtm.iom.int/reports/nigeria-borno-state-intention-survey-el-miskin-camp-i-august-2024,https://dtm.iom.int/sites/g/files/tmzbdl1461/files/reports/Borno%20State%20-%20Household%20Intention%20Survey%20report%202024_El%20miskin%20Camp%20I_Final.pdf,title:intention survey
357,2024,2024-12-06,Incident / Flash Report,North Central; North West,Benue; Katsina,Nigeria — North-central & North-west — Flash Report 186 (25 November - 1 December 2024),https://dtm.iom.int/reports/nigeria-north-central-north-west-flash-report-186-25-november-1-december-2024,https://dtm.iom.int/sites/g/files/tmzbdl1461/files/reports/IOM%20Nigeria%20Flash%20Report%20North-central%20and%20North-west%20186.pdf,title:flash report
358,2024,2024-12-06,Emergency Tracking Tool (ETT),North East,Adamawa; Borno,Nigeria — Emergency Tracking Tool Report 408 (25 November - 1 December 2024),https://dtm.iom.int/reports/nigeria-emergency-tracking-tool-report-408-25-november-1-december-2024,https://dtm.iom.int/sites/g/files/tmzbdl1461/files/reports/IOM%20Nigeria%20DTM%20Emergency%20Tracking%20Tool%20%28ETT%29%20Report%20No.%20408.pdf,title:emergency tracking tool
359,2024,2024-12-06,Emergency Tracking Tool (ETT),North Central,Benue,Nigeria — Emergency Tracking Tool Report 21 (25 November - 1 December 2024),https://dtm.iom.int/reports/nigeria-emergency-tracking-tool-report-21-25-november-1-december-2024,https://dtm.iom.int/sites/g/files/tmzbdl1461/files/reports/IOM%20Nigeria%20DTM%20Emergency%20Tracking%20Tool%20%28ETT%29%20NC%20Benue%20Report%20No%2021.pdf,title:emergency tracking tool
360,2024,2024-11-29,Incident / Flash Report,North Central; North West,Benue; Niger; Zamfara,Nigeria — North-central & North-west — Flash Report 185 (18 - 24 November 2024),https://dtm.iom.int/reports/nigeria-north-central-north-west-flash-report-185-18-24-november-2024,https://dtm.iom.int/sites/g/files/tmzbdl1461/files/reports/IOM%20Nigeria%20Flash%20Report%20North-central%20and%20North-west%20185_final.pdf,title:flash report
361,2024,2024-11-29,Emergency Tracking Tool (ETT),North East,Adamawa; Borno,Nigeria — Emergency Tracking Tool Report 407 (18 - 24 November 2024),https://dtm.iom.int/reports/nigeria-emergency-tracking-tool-report-407-18-24-november-2024,https://dtm.iom.int/sites/g/files/tmzbdl1461/files/reports/IOM%20Nigeria%20DTM%20Emergency%20Tracking%20Tool%20%28ETT%29%20Report%20No.%20407.pdf,title:emergency tracking tool
362,2024,2024-11-29,Emergency Tracking Tool (ETT),North Central,Benue,Nigeria — Emergency Tracking Tool Report 20 (18 - 24 November 2024),https://dtm.iom.int/reports/nigeria-emergency-tracking-tool-report-20-18-24-november-2024,https://dtm.iom.int/sites/g/files/tmzbdl1461/files/reports/IOM%20Nigeria%20DTM%20Emergency%20Tracking%20Tool%20%28ETT%29%20NC%20Benue%20Report%20No%2020.pdf,title:emergency tracking tool
363,2024,2024-11-22,Incident / Flash Report,North Central; North West,Katsina,Nigeria — North-central & North-west — Flash Report 184 (11 - 17 November 2024),https://dtm.iom.int/reports/nigeria-north-central-north-west-flash-report-184-11-17-november-2024,https://dtm.iom.int/sites/g/files/tmzbdl1461/files/reports/IOM%20Nigeria%20Flash%20Report%20North-central%20and%20North-west%20184.pdf,title:flash report
364,2024,2024-11-22,Emergency Tracking Tool (ETT),North East,Adamawa; Borno,Nigeria — Emergency Tracking Tool Report 406 (11 - 17 November 2024),https://dtm.iom.int/reports/nigeria-emergency-tracking-tool-report-406-11-17-november-2024,https://dtm.iom.int/sites/g/files/tmzbdl1461/files/reports/IOM%20Nigeria%20DTM%20Emergency%20Tracking%20Tool%20%28ETT%29%20Report%20No.%20406.pdf,title:emergency tracking tool
365,2024,2024-11-22,Emergency Tracking Tool (ETT),North Central,Benue,Nigeria — Emergency Tracking Tool Report 19 (11 - 17 November 2024),https://dtm.iom.int/reports/nigeria-emergency-tracking-tool-report-19-11-17-november-2024,https://dtm.iom.int/sites/g/files/tmzbdl1461/files/reports/IOM%20Nigeria%20DTM%20Emergency%20Tracking%20Tool%20%28ETT%29%20Benue%20Report%20No%2019.pdf,title:emergency tracking tool
366,2024,2024-11-16,Emergency Tracking Tool (ETT),North East,Adamawa; Borno,Nigeria — Emergency Tracking Tool Report 405 (4 - 10 November 2023),https://dtm.iom.int/reports/nigeria-emergency-tracking-tool-report-405-4-10-november-2023,https://dtm.iom.int/sites/g/files/tmzbdl1461/files/reports/IOM%20Nigeria%20DTM%20Emergency%20Tracking%20Tool%20%28ETT%29%20Report%20No.%20405.pdf,title:emergency tracking tool
367,2024,2024-11-16,Emergency Tracking Tool (ETT),North Central,Benue,Nigeria — Emergency Tracking Tool Report 18 (4 - 10 November 2024),https://dtm.iom.int/reports/nigeria-emergency-tracking-tool-report-18-4-10-november-2024,https://dtm.iom.int/sites/g/files/tmzbdl1461/files/reports/IOM%20Nigeria%20DTM%20Emergency%20Tracking%20Tool%20%28ETT%29%20Benue%20Report%20No%2018.pdf,title:emergency tracking tool
368,2024,2024-11-15,Intention Surveys,North West,Zamfara,Nigeria — Zamfara - Intention Survey (August 2024),https://dtm.iom.int/reports/nigeria-zamfara-intention-survey-august-2024,https://dtm.iom.int/sites/g/files/tmzbdl1461/files/reports/DTM%20Nigeria%20-%20Household%20Intention%20Survey%20report%20August%202024_Zamfara%20State.pdf,title:intention survey
369,2024,2024-11-15,Intention Surveys,North West,Sokoto,Nigeria — Sokoto - Intention Survey (August 2024),https://dtm.iom.int/reports/nigeria-sokoto-intention-survey-august-2024,https://dtm.iom.int/sites/g/files/tmzbdl1461/files/reports/DTM%20Nigeria%20-%20Household%20Intention%20Survey%20report%20August%202024_Sokoto%20State.pdf,title:intention survey
370,2024,2024-11-15,Intention Surveys,North Central,Plateau,Nigeria — Plateau - Intention Survey (August 2024),https://dtm.iom.int/reports/nigeria-plateau-intention-survey-august-2024,https://dtm.iom.int/sites/g/files/tmzbdl1461/files/reports/DTM%20Nigeria%20-%20Household%20Intention%20Survey%20report%20August%202024_Plateau%20State.pdf,title:intention survey
371,2024,2024-11-15,Incident / Flash Report,North Central; North West,Benue; Kaduna,Nigeria — North-central & North-west — Flash Report 183 (4 - 10 November 2024),https://dtm.iom.int/reports/nigeria-north-central-north-west-flash-report-183-4-10-november-2024,https://dtm.iom.int/sites/g/files/tmzbdl1461/files/reports/IOM%20Nigeria%20Flash%20Report%20North-central%20and%20North-west%20183_final%20%281%29.pdf,title:flash report
372,2024,2024-11-15,Intention Surveys,North Central; North West,,Nigeria — North-central & North-west - Intention Survey (August 2024),https://dtm.iom.int/reports/nigeria-north-central-north-west-intention-survey-august-2024,https://dtm.iom.int/sites/g/files/tmzbdl1461/files/reports/DTM%20Nigeria%20-%20Household%20Intention%20Survey%20report_NWNC_August%202024_final.pdf,title:intention survey
373,2024,2024-11-15,Intention Surveys,North Central,Niger,Nigeria — Niger - Intention Survey (August 2024),https://dtm.iom.int/reports/nigeria-niger-intention-survey-august-2024,https://dtm.iom.int/sites/g/files/tmzbdl1461/files/reports/DTM%20Nigeria%20-%20Household%20Intention%20Survey%20report%20August%202024_Niger%20State.pdf,title:intention survey
374,2024,2024-11-15,Intention Surveys,North Central,Nasarawa,Nigeria — Nasarawa - Intention Survey (August 2024),https://dtm.iom.int/reports/nigeria-nasarawa-intention-survey-august-2024,https://dtm.iom.int/sites/g/files/tmzbdl1461/files/reports/DTM%20Nigeria%20-%20Household%20Intention%20Survey%20report%20August%202024_Nasarawa%20State.pdf,title:intention survey
375,2024,2024-11-15,Intention Surveys,North Central,Kogi,Nigeria — Kogi State - Intention Survey (August 2024),https://dtm.iom.int/reports/nigeria-kogi-state-intention-survey-august-2024,https://dtm.iom.int/sites/g/files/tmzbdl1461/files/reports/DTM%20Nigeria%20-%20Household%20Intention%20Survey%20report%20August%202024_Kogi%20State.pdf,title:intention survey
376,2024,2024-11-15,Intention Surveys,North West,Katsina,Nigeria — Katsina State - Intention Survey (August 2024),https://dtm.iom.int/reports/nigeria-katsina-state-intention-survey-august-2024,https://dtm.iom.int/sites/g/files/tmzbdl1461/files/reports/DTM%20Nigeria%20-%20Household%20Intention%20Survey%20report%20August%202024_Katsina%20State_0.pdf,title:intention survey
377,2024,2024-11-15,Intention Surveys,North West,Kano,Nigeria — Kano State - Intention Survey (August 2024),https://dtm.iom.int/reports/nigeria-kano-state-intention-survey-august-2024,https://dtm.iom.int/sites/g/files/tmzbdl1461/files/reports/DTM%20Nigeria%20-%20Household%20Intention%20Survey%20report%20August%202024_Kano%20State.pdf,title:intention survey
378,2024,2024-11-15,Intention Surveys,North West,Kaduna,Nigeria — Kaduna State - Intention Survey (August 2024),https://dtm.iom.int/reports/nigeria-kaduna-state-intention-survey-august-2024,https://dtm.iom.int/sites/g/files/tmzbdl1461/files/reports/DTM%20Nigeria%20-%20Household%20Intention%20Survey%20report%20August%202024_Kaduna%20State.pdf,title:intention survey
379,2024,2024-11-15,Emergency Tracking Tool (ETT),North East,Adamawa; Borno,Nigeria — Emergency Tracking Tool Report 405 (4 - 10 November 2024),https://dtm.iom.int/reports/nigeria-emergency-tracking-tool-report-405-4-10-november-2024,https://dtm.iom.int/sites/g/files/tmzbdl1461/files/reports/IOM%20Nigeria%20DTM%20Emergency%20Tracking%20Tool%20%28ETT%29%20Report%20No.%20405_0.pdf,title:emergency tracking tool
380,2024,2024-11-15,Biometric Registration Report,North Central,Benue,Nigeria — Biometric Registration Update Report 6 Benue State (15 November 2024),https://dtm.iom.int/reports/nigeria-biometric-registration-update-report-6-benue-state-15-november-2024,https://dtm.iom.int/sites/g/files/tmzbdl1461/files/reports/Biometric%20Registration%20Report%206%20Benue%20State_17%20November%202024_final_0.pdf,title:biometric
381,2024,2024-11-15,Intention Surveys,North Central,Benue,Nigeria — Benue State - Intention Survey (August 2024),https://dtm.iom.int/reports/nigeria-benue-state-intention-survey-august-2024,https://dtm.iom.int/sites/g/files/tmzbdl1461/files/reports/DTM%20Nigeria%20-%20Household%20Intention%20Survey%20report%20August%202024_Benue%20State.pdf,title:intention survey
382,2024,2024-11-08,Incident / Flash Report,North Central; North West,Benue,Nigeria — North-central & North-west — Flash Report 182 (28 October - 3 November 2024),https://dtm.iom.int/reports/nigeria-north-central-north-west-flash-report-182-28-october-3-november-2024,https://dtm.iom.int/sites/g/files/tmzbdl1461/files/reports/IOM%20Nigeria%20Flash%20Report%20North-central%20and%20North-west%20182_final%20%281%29.pdf,title:flash report
383,2024,2024-11-08,Emergency Tracking Tool (ETT),North East,Adamawa; Borno,Nigeria — Emergency Tracking Tool Report 404 (28 October - 3 November 2024),https://dtm.iom.int/reports/nigeria-emergency-tracking-tool-report-404-28-october-3-november-2024,https://dtm.iom.int/sites/g/files/tmzbdl1461/files/reports/IOM%20Nigeria%20DTM%20Emergency%20Tracking%20Tool%20%28ETT%29%20Report%20No.%20404_final.pdf,title:emergency tracking tool
384,2024,2024-11-08,Emergency Tracking Tool (ETT),North East,Adamawa; Borno,Nigeria — Emergency Tracking Tool Report 403 (21 - 27 October 2024),https://dtm.iom.int/reports/nigeria-emergency-tracking-tool-report-403-21-27-october-2024,https://dtm.iom.int/sites/g/files/tmzbdl1461/files/reports/IOM%20Nigeria%20DTM%20Emergency%20Tracking%20Tool%20%28ETT%29%20Report%20No.%20403_final.pdf,title:emergency tracking tool
385,2024,2024-11-08,Emergency Tracking Tool (ETT),North Central,Benue,Nigeria — Emergency Tracking Tool Report 17 Benue State (28 October - 3 November 2024),https://dtm.iom.int/reports/nigeria-emergency-tracking-tool-report-17-benue-state-28-october-3-november-2024,https://dtm.iom.int/sites/g/files/tmzbdl1461/files/reports/IOM%20Nigeria%20DTM%20Emergency%20Tracking%20Tool%20%28ETT%29%20NC%20Report%20No%2017_final.pdf,title:emergency tracking tool
386,2024,2024-10-31,Incident / Flash Report,North Central; North West,Benue,Nigeria — North-central & North-west — Flash Report 181 (21 - 27 October 2024),https://dtm.iom.int/reports/nigeria-north-central-north-west-flash-report-181-21-27-october-2024,https://dtm.iom.int/sites/g/files/tmzbdl1461/files/reports/IOM%20Nigeria%20Flash%20Report%20North-central%20and%20North-west%20181_final.pdf,title:flash report
387,2024,2024-10-30,Transhumance Flow Monitoring Report,North West,Kaduna; Katsina,Nigeria — Transhumance Tracking Tool — Flow Monitoring Dashboard 10 — Kaduna and Katsina states (September 2024),https://dtm.iom.int/reports/nigeria-transhumance-tracking-tool-flow-monitoring-dashboard-10-kaduna-and-katsina-states,https://dtm.iom.int/sites/g/files/tmzbdl1461/files/reports/TTT__Transhumance_Flow_Monitoring_September%202024_final.pdf,title:transhumance
388,2024,2024-10-25,Socio-Economic Survey & Facility Mapping,North East,Adamawa,"Nigeria — Socio-economic Survey and Facility Mapping in Dauchi Settlement, Adamawa State (September 2024)",https://dtm.iom.int/reports/nigeria-socio-economic-survey-and-facility-mapping-dauchi-settlement-adamawa-state,https://dtm.iom.int/sites/g/files/tmzbdl1461/files/reports/DTM%20Nigeria%20-%20Socio-economic%20and%20facility%20mapping%20report_September%202024_Final_0.pdf,title:facility mapping
389,2024,2024-10-25,Incident / Flash Report,North Central; North West,Benue; Niger,Nigeria — North-central & North-west — Flash Report 180 (14 - 20 October 2024),https://dtm.iom.int/reports/nigeria-north-central-north-west-flash-report-180-14-20-october-2024,https://dtm.iom.int/sites/g/files/tmzbdl1461/files/reports/IOM%20Nigeria%20Flash%20Report%20North-central%20and%20North-west%20180_final%20%281%29.pdf,title:flash report
390,2024,2024-10-25,Other / Unclassified,North Central; North West,Benue; Nasarawa; Plateau; Kogi; Niger; Kano; Kaduna; Katsina; Sokoto; Zamfara,Nigeria — Impact of Climate Change and Environmental Changes on Displaced Households (June 2024),https://dtm.iom.int/reports/nigeria-impact-climate-change-and-environmental-changes-displaced-households-june-2024,https://dtm.iom.int/sites/g/files/tmzbdl1461/files/reports/IOM%20DTM%20Nigeria%20Climate%20Change%20Household%20Survey%20report%20June%202024_final.pdf,
391,2024,2024-10-25,Emergency Tracking Tool (ETT),North East,Adamawa; Borno,Nigeria — Emergency Tracking Tool Report 402 (14 - 20 October 2024),https://dtm.iom.int/reports/nigeria-emergency-tracking-tool-report-402-14-20-october-2024,https://dtm.iom.int/sites/g/files/tmzbdl1461/files/reports/IOM%20Nigeria%20DTM%20Emergency%20Tracking%20Tool%20%28ETT%29%20Report%20No.%20402.pdf,title:emergency tracking tool
392,2024,2024-10-25,Emergency Tracking Tool (ETT),North Central,Benue,Nigeria — Emergency Tracking Tool Report 16 Benue State (14 - 20 October 2024),https://dtm.iom.int/reports/nigeria-emergency-tracking-tool-report-16-benue-state-14-20-october-2024,https://dtm.iom.int/sites/g/files/tmzbdl1461/files/reports/IOM%20Nigeria%20DTM%20Emergency%20Tracking%20Tool%20%28ETT%29%20NC%20Benue%20%20Report%20No%2016.pdf,title:emergency tracking tool
393,2024,2024-10-22,Incident / Flash Report,North Central; North West,Benue; Niger,Nigeria — North-central & North-west — Flash Report 179 (7 - 13 October 2024),https://dtm.iom.int/reports/nigeria-north-central-north-west-flash-report-179-7-13-october-2024,https://dtm.iom.int/sites/g/files/tmzbdl1461/files/reports/IOM%20Nigeria%20Flash%20Report%20North-central%20and%20North-west%20179_final.pdf,title:flash report
394,2024,2024-10-22,Emergency Tracking Tool (ETT),North East,Adamawa; Borno,Nigeria — Emergency Tracking Tool Report 401 (7 - 13 October 2024),https://dtm.iom.int/reports/nigeria-emergency-tracking-tool-report-401-7-13-october-2024,https://dtm.iom.int/sites/g/files/tmzbdl1461/files/reports/IOM%20Nigeria%20DTM%20Emergency%20Tracking%20Tool%20%28ETT%29%20Report%20No.%20401_final.pdf,title:emergency tracking tool
395,2024,2024-10-19,Emergency Tracking Tool (ETT),North Central,Benue,Nigeria — Emergency Tracking Tool Report 15 Benue State (7 - 13 October 2024),https://dtm.iom.int/reports/nigeria-emergency-tracking-tool-report-15-benue-state-7-13-october-2024,https://dtm.iom.int/sites/g/files/tmzbdl1461/files/reports/IOM%20Nigeria%20DTM%20Emergency%20Tracking%20Tool%20%28ETT%29%20NW%20Report%20No%2015.pdf,title:emergency tracking tool
396,2024,2024-10-15,Early Warning & Early Response Dashboard,North West,Kaduna; Katsina,"Nigeria — Transhumance Tracking Tool Report — Early Warning Dashboard 14 — Kachia and Kaura LGAs, Kaduna State and Faskari and Kaita LGAs, Katsina State (September 2024)",https://dtm.iom.int/reports/nigeria-transhumance-tracking-tool-report-early-warning-dashboard-14-kachia-and-kaura-lgas,https://dtm.iom.int/sites/g/files/tmzbdl1461/files/reports/Nigeria%20%E2%80%94%20Transhumance%20Tracking%20Tool%20Report%20%E2%80%94%20Early%20Warning%20Dashboard%2014%20September%202024%29%20-%20Ka.pdf,title:early warning dashboard
397,2024,2024-10-15,Early Warning & Early Response Dashboard,North West,Katsina,"Nigeria — Transhumance Tracking Tool Report — Early Warning Dashboard 14 — Batsari, Dan musa, Jibia and Kankara LGAs, Katsina State (September 2024)",https://dtm.iom.int/reports/nigeria-transhumance-tracking-tool-report-early-warning-dashboard-14-batsari-dan-musa-jibia,https://dtm.iom.int/sites/g/files/tmzbdl1461/files/reports/Nigeria%20%E2%80%94%20Transhumance%20Tracking%20Tool%20Report%20%E2%80%94%20Early%20Warning%20Dashboard%2014%2C%20September%202024%29.pdf,title:early warning dashboard
398,2024,2024-10-14,Emergency Tracking Tool (ETT),North East,Adamawa; Borno,Nigeria — Emergency Tracking Tool Report 400 (30 September - 6 October 2024),https://dtm.iom.int/reports/nigeria-emergency-tracking-tool-report-400-30-september-6-october-2024,https://dtm.iom.int/sites/g/files/tmzbdl1461/files/reports/IOM%20Nigeria%20DTM%20Emergency%20Tracking%20Tool%20%28ETT%29%20Report%20No.%20400_final.pdf,title:emergency tracking tool
399,2024,2024-10-11,Incident / Flash Report,North Central; North West,Benue; Zamfara,Nigeria — North-central & North-west — Conflict/Attack Flash Report 178 (23 - 29 September 2024),https://dtm.iom.int/reports/nigeria-north-central-north-west-conflictattack-flash-report-178-23-29-september-2024,https://dtm.iom.int/sites/g/files/tmzbdl1461/files/reports/IOM%20Nigeria%20Flash%20Report%20North-central%20and%20North-west%20178_final.pdf,title:flash report
400,2024,2024-10-09,Early Warning & Early Response Dashboard,North East,Adamawa; Taraba,Nigeria — Transhumance Tracking Tool Report — Early Warning Dashboard 29 — Adamawa and Taraba states (September 2024),https://dtm.iom.int/reports/nigeria-transhumance-tracking-tool-report-early-warning-dashboard-29-adamawa-and-taraba,https://dtm.iom.int/sites/g/files/tmzbdl1461/files/reports/Nigeria%20%E2%80%94%20Transhumance%20Tracking%20Tool%20Report%20%E2%80%94%20Early%20Warning%20Dashboard%2029%20%28September%202024%29%20-%20Adamawa%20and%20Taraba%20states_final.pdf,title:early warning dashboard
401,2024,2024-10-09,Early Warning & Early Response Dashboard,North West,Kaduna; Katsina,"Nigeria — Transhumance Tracking Tool Report — Early Warning Dashboard 13 — Kachia and Kaura LGAs, Kaduna State and Faskari and Kaita LGAs, Katsina State (August 2024)",https://dtm.iom.int/reports/nigeria-transhumance-tracking-tool-report-early-warning-dashboard-13-kachia-and-kaura-lgas,https://dtm.iom.int/sites/g/files/tmzbdl1461/files/reports/Nigeria%20%E2%80%94%20Transhumance%20Tracking%20Tool%20Report%20%E2%80%94%20Early%20Warning%20Dashboard%2013%20August%202024%29%20-%20Kaduna%20and%20Katsina%20states%20PBF_final.pdf,title:early warning dashboard
402,2024,2024-10-09,Early Warning & Early Response Dashboard,North West,Katsina,"Nigeria — Transhumance Tracking Tool Report — Early Warning Dashboard 13 — Batsari, Dan musa, Jibia and Kankara LGAs, Katsina State (August 2024)",https://dtm.iom.int/reports/nigeria-transhumance-tracking-tool-report-early-warning-dashboard-13-batsari-dan-musa-jibia,https://dtm.iom.int/sites/g/files/tmzbdl1461/files/reports/Nigeria%20%E2%80%94%20Transhumance%20Tracking%20Tool%20Report%20%E2%80%94%20Early%20Warning%20Dashboard%2013%2C%20August%202024%29%20-%20Katsina%20EU_final.pdf,title:early warning dashboard
403,2024,2024-10-09,Emergency Tracking Tool (ETT),North Central,Benue,Nigeria — Emergency Tracking Tool Report 14 Benue State (30 September - 6 October 2024),https://dtm.iom.int/reports/nigeria-emergency-tracking-tool-report-14-benue-state-30-september-6-october-2024,https://dtm.iom.int/sites/g/files/tmzbdl1461/files/reports/IOM%20Nigeria%20DTM%20Emergency%20Tracking%20Tool%20%28ETT%29%20NC%20Benue%20State%20Report%20No%2014_final.pdf,title:emergency tracking tool
404,2024,2024-10-04,Emergency Tracking Tool (ETT),North East,Adamawa; Borno,Nigeria — Emergency Tracking Tool Report 399 (23 - 29 September 2024),https://dtm.iom.int/reports/nigeria-emergency-tracking-tool-report-399-23-29-september-2024,https://dtm.iom.int/sites/g/files/tmzbdl1461/files/reports/IOM%20Nigeria%20DTM%20Emergency%20Tracking%20Tool%20%28ETT%29%20Report%20No.%20399_final.pdf,title:emergency tracking tool
405,2024,2024-10-03,Transhumance Flow Monitoring Report,North West,Kaduna; Katsina,Nigeria — Transhumance Tracking Tool Report — Flow Monitoring Dashboard 9 — Kaduna and Katsina states (August 2024),https://dtm.iom.int/reports/nigeria-transhumance-tracking-tool-report-flow-monitoring-dashboard-9-kaduna-and-katsina,https://dtm.iom.int/sites/g/files/tmzbdl1461/files/reports/TTT__Transhumance_Flow_Monitoring_August%202024_final.pdf,title:transhumance
406,2024,2024-10-03,Emergency Tracking Tool (ETT),North East,Adamawa; Borno,Nigeria — Emergency Tracking Tool Report 398 (16 - 22 September 2024),https://dtm.iom.int/reports/nigeria-emergency-tracking-tool-report-398-16-22-september-2024,https://dtm.iom.int/sites/g/files/tmzbdl1461/files/reports/IOM%20Nigeria%20DTM%20Emergency%20Tracking%20Tool%20%28ETT%29%20Report%20No.%20398_final.pdf,title:emergency tracking tool
407,2024,2024-10-03,Emergency Tracking Tool (ETT),North Central,Benue,Nigeria — Emergency Tracking Tool Report 13 Benue State (23 - 29 September 2024),https://dtm.iom.int/reports/nigeria-emergency-tracking-tool-report-13-benue-state-23-29-september-2024,https://dtm.iom.int/sites/g/files/tmzbdl1461/files/reports/IOM%20Nigeria%20DTM%20Emergency%20Tracking%20Tool%20%28ETT%29%20NC%20Benue%20Report%20No%2013_final.pdf,title:emergency tracking tool
408,2024,2024-09-27,Incident / Flash Report,North Central; North West,Benue,Nigeria — North-central & North-west — Conflict/Attack Flash Report 177 (16 - 22 September 2024),https://dtm.iom.int/reports/nigeria-north-central-north-west-conflictattack-flash-report-177-16-22-september-2024,https://dtm.iom.int/sites/g/files/tmzbdl1461/files/reports/IOM%20Nigeria%20Flash%20Report%20North-central%20and%20North-west%20177_final%20%281%29.pdf,title:flash report
409,2024,2024-09-27,Emergency Tracking Tool (ETT),North Central,Benue,Nigeria — Emergency Tracking Tool Report 12 Benue State (16 - 22 September 2024),https://dtm.iom.int/reports/nigeria-emergency-tracking-tool-report-12-benue-state-16-22-september-2024,https://dtm.iom.int/sites/g/files/tmzbdl1461/files/reports/IOM%20Nigeria%20DTM%20Emergency%20Tracking%20Tool%20Benue%20%28ETT%29%20Report%20No.12_final.pdf,title:emergency tracking tool
410,2024,2024-09-27,Emergency Tracking Tool (ETT),North Central,Benue,Nigeria — Emergency Tracking Tool Report 11 Benue State (9 - 15 September 2024),https://dtm.iom.int/reports/nigeria-emergency-tracking-tool-report-11-benue-state-9-15-september-2024,https://dtm.iom.int/sites/g/files/tmzbdl1461/files/reports/IOM%20Nigeria%20DTM%20Emergency%20Tracking%20Tool%20Benue%20%28ETT%29%20%20Report%20No.11_final.pdf,title:emergency tracking tool
411,2024,2024-09-27,Emergency Tracking Tool (ETT),North Central,Benue,Nigeria — Emergency Tracking Tool Report 10 Benue State (2 - 8 September 2024),https://dtm.iom.int/reports/nigeria-emergency-tracking-tool-report-10-benue-state-2-8-september-2024,https://dtm.iom.int/sites/g/files/tmzbdl1461/files/reports/IOM%20Nigeria%20DTM%20Emergency%20Tracking%20Tool%20%20Benue%20%28ETT%29%20Report%20No.10_final.pdf,title:emergency tracking tool
412,2024,2024-09-25,Transhumance Flow Monitoring Report,North West,Kaduna; Katsina,Nigeria — Transhumance Tracking Tool Report — Flow Monitoring Dashboard 8 — Kaduna and Katsina states (July 2024),https://dtm.iom.int/reports/nigeria-transhumance-tracking-tool-report-flow-monitoring-dashboard-8-kaduna-and-katsina,https://dtm.iom.int/sites/g/files/tmzbdl1461/files/reports/TTT__Transhumance_Flow_Monitoring_July%202024.pdf,title:transhumance
413,2024,2024-09-23,Post-Flood Situation Report (Ad-Hoc),North Central,Nasarawa,Nigeria — Flood Situation Report — Nasarawa State (19 September 2024),https://dtm.iom.int/reports/nigeria-flood-situation-report-nasarawa-state-19-september-2024,https://dtm.iom.int/sites/g/files/tmzbdl1461/files/reports/Nasarawa%20Flood%20Assessment%20Report_final.pdf,title:flood situation report
414,2024,2024-09-23,Post-Flood Situation Report (Ad-Hoc),North West,Kaduna,Nigeria — Flood Situation Report — Kaduna State (19 September 2024),https://dtm.iom.int/reports/nigeria-flood-situation-report-kaduna-state-19-september-2024,https://dtm.iom.int/sites/g/files/tmzbdl1461/files/reports/Kaduna%20flood%20assessment%20report_final.pdf,title:flood situation report
415,2024,2024-09-20,Emergency Tracking Tool (ETT),North East,Adamawa; Borno; Yobe,Nigeria — Emergency Tracking Tool Report 397 (9 - 15 September 2024),https://dtm.iom.int/reports/nigeria-emergency-tracking-tool-report-397-9-15-september-2024,https://dtm.iom.int/sites/g/files/tmzbdl1461/files/reports/IOM%20Nigeria%20DTM%20Emergency%20Tracking%20Tool%20%28ETT%29%20Report%20No.%20397_final.pdf,title:emergency tracking tool
416,2024,2024-09-19,Early Warning & Early Response Dashboard,North East,Adamawa; Taraba,Nigeria — Transhumance Tracking Tool Report — Early Warning Dashboard 28 — Adamawa and Taraba states (August 2024),https://dtm.iom.int/reports/nigeria-transhumance-tracking-tool-report-early-warning-dashboard-28-adamawa-and-taraba,https://dtm.iom.int/sites/g/files/tmzbdl1461/files/reports/Nigeria%20%E2%80%94%20Transhumance%20Tracking%20Tool%20Report%20%E2%80%94%20Early%20Warning%20Dashboard%2028%20%28August%202024%29%20-%20Adamawa%20and%20Taraba%20states.pdf,title:early warning dashboard
417,2024,2024-09-19,Post-Flood Situation Report (Ad-Hoc),North Central,Plateau,Nigeria — Flood Situation Report — Plateau State (17 September 2024),https://dtm.iom.int/reports/nigeria-flood-situation-report-plateau-state-17-september-2024,https://dtm.iom.int/sites/g/files/tmzbdl1461/files/reports/Nigeria%20-%20Flood%20Assessment%20Report_Plateau%20State%2018%20September%202024_final_0.pdf,title:flood situation report
418,2024,2024-09-19,Post-Flood Situation Report (Ad-Hoc),North Central,Kogi,Nigeria — Flood Situation Report — Kogi State (17 September 2024),https://dtm.iom.int/reports/nigeria-flood-situation-report-kogi-state-17-september-2024,https://dtm.iom.int/sites/g/files/tmzbdl1461/files/reports/Nigeria%20-%20Flood%20Assessment%20Report_Kogi%20State%2018%20september%202024_final.pdf,title:flood situation report
419,2024,2024-09-18,Post-Flood Situation Report (Ad-Hoc),North West,Zamfara,Nigeria — Flood Situation Report — Zamfara State (16 September 2024),https://dtm.iom.int/reports/nigeria-flood-situation-report-zamfara-state-16-september-2024,https://dtm.iom.int/sites/g/files/tmzbdl1461/files/reports/Nigeria%20-%20Flood%20Assessment%20Report%20Zamfara%20State%2013%20September%202024_final_0.pdf,title:flood situation report
420,2024,2024-09-18,Post-Flood Situation Report (Ad-Hoc),North West,Sokoto,Nigeria — Flood Situation Report — Sokoto State (17 September 2024),https://dtm.iom.int/reports/nigeria-flood-situation-report-sokoto-state-17-september-2024,https://dtm.iom.int/sites/g/files/tmzbdl1461/files/reports/Nigeria%20-%20Flood%20Assessment%20Report_Sokoto%20State%2017%20september%202024_final.pdf,title:flood situation report
421,2024,2024-09-18,Post-Flood Situation Report (Ad-Hoc),North West,Katsina,Nigeria — Flood Situation Report — Katsina State (16 September 2024),https://dtm.iom.int/reports/nigeria-flood-situation-report-katsina-state-16-september-2024,https://dtm.iom.int/sites/g/files/tmzbdl1461/files/reports/Nigeria%20-%20Flood%20Assessment%20Report_Katsina%2017%20September%202024.final_.pdf,title:flood situation report
422,2024,2024-09-18,Post-Flood Situation Report (Ad-Hoc),North West,Kano,Nigeria — Flood Situation Report — Kano State (18 September 2024),https://dtm.iom.int/reports/nigeria-flood-situation-report-kano-state-18-september-2024,https://dtm.iom.int/sites/g/files/tmzbdl1461/files/reports/Nigeria%20-%20Flood%20Assessment%20Report_Kano%20State%2018%20september%202024_final_2.pdf,title:flood situation report
423,2024,2024-09-18,Post-Flood Situation Report (Ad-Hoc),North Central,Benue,Nigeria — Flood Situation Report — Benue State (18 September 2024),https://dtm.iom.int/reports/nigeria-flood-situation-report-benue-state-18-september-2024,https://dtm.iom.int/sites/g/files/tmzbdl1461/files/reports/Nigeria%20-%20Flood%20Assessment%20Report_Benue%20State%2017%20september%202024_final_0.pdf,title:flood situation report
424,2024,2024-09-13,Post-Flood Situation Report (Ad-Hoc),North East,Yobe,Nigeria — Flood Situation Report — Yobe State (13 September 2024),https://dtm.iom.int/reports/nigeria-flood-situation-report-yobe-state-13-september-2024,https://dtm.iom.int/sites/g/files/tmzbdl1461/files/reports/Nigeria%20-%20Flood%20Assessment%20Report_Yobe%2010%20September%202024..final__0.pdf,title:flood situation report
425,2024,2024-09-13,Post-Flood Situation Report (Ad-Hoc),North East,Taraba,Nigeria — Flood Situation Report — Taraba State (13 September 2024),https://dtm.iom.int/reports/nigeria-flood-situation-report-taraba-state-13-september-2024,https://dtm.iom.int/sites/g/files/tmzbdl1461/files/reports/Taraba%20Flood%20Situation%20Report%20%2813%20September%202024%29_Final.pdf,title:flood situation report
426,2024,2024-09-13,Post-Flood Situation Report (Ad-Hoc),North Central,Niger,Nigeria — Flood Situation Report — Niger State (13 September 2024),https://dtm.iom.int/reports/nigeria-flood-situation-report-niger-state-13-september-2024,https://dtm.iom.int/sites/g/files/tmzbdl1461/files/reports/Nigeria%20-%20Flood%20Assessment%20Report%20Niger%20State%2013%20September%202024_final_0.pdf,title:flood situation report
427,2024,2024-09-13,Post-Flood Situation Report (Ad-Hoc),,,Nigeria — Flood Situation Report — Jigawa State (13 September 2024),https://dtm.iom.int/reports/nigeria-flood-situation-report-jigawa-state-13-september-2024,https://dtm.iom.int/sites/g/files/tmzbdl1461/files/reports/Nigeraia%20-%20Flood%20Assessment%20Report_Jigawa%20State%2012%20september%202024_Final.pdf,title:flood situation report
428,2024,2024-09-13,Post-Flood Situation Report (Ad-Hoc),North East,Gombe,Nigeria — Flood Situation Report — Gombe State (13 September 2024),https://dtm.iom.int/reports/nigeria-flood-situation-report-gombe-state-13-september-2024,https://dtm.iom.int/sites/g/files/tmzbdl1461/files/reports/Gombe%20Flood%20Assessment%20Report_final_%2813%20September%202024%29.pdf,title:flood situation report
429,2024,2024-09-13,Post-Flood Situation Report (Ad-Hoc),North East,Bauchi,Nigeria — Flood Situation Report — Bauchi State (13 September 2024),https://dtm.iom.int/reports/nigeria-flood-situation-report-bauchi-state-13-september-2024,https://dtm.iom.int/sites/g/files/tmzbdl1461/files/reports/Bauchi%20flood%20assessment%20report%20Final%20%2813%20September%202024%29.pdf,title:flood situation report
430,2024,2024-09-13,Post-Flood Situation Report (Ad-Hoc),North East,Adamawa,Nigeria — Flood Situation Report — Adamawa State (13 September 2024),https://dtm.iom.int/reports/nigeria-flood-situation-report-adamawa-state-13-september-2024,https://dtm.iom.int/sites/g/files/tmzbdl1461/files/reports/Nigeraia%20-%20Flood%20Assessment%20Report_Adamawa%20State%2012%20september%202024_Final.pdf,title:flood situation report
431,2024,2024-09-13,Post-Flood Situation Report (Ad-Hoc),North East,Borno,Nigeria — Flood Situation Report 1 — Borno State (13 September 2024),https://dtm.iom.int/reports/nigeria-flood-situation-report-1-borno-state-13-september-2024,https://dtm.iom.int/sites/g/files/tmzbdl1461/files/reports/Borno%20Flood%20Situation%20Report%20%2813%20September%202024%29_final_0.pdf,title:flood situation report
432,2024,2024-09-13,Emergency Tracking Tool (ETT),North East,Adamawa; Borno; Yobe,Nigeria — Emergency Tracking Tool Report 396 (2 - 8 September 2024),https://dtm.iom.int/reports/nigeria-emergency-tracking-tool-report-396-2-8-september-2024,https://dtm.iom.int/sites/g/files/tmzbdl1461/files/reports/IOM%20Nigeria%20DTM%20Emergency%20Tracking%20Tool%20%28ETT%29%20Report%20No.%20396_final.pdf,title:emergency tracking tool
433,2024,2024-09-10,Biometric Registration Report,North Central,Benue,Nigeria — Biometric Registration Update Report 5 Benue State (1 September 2024),https://dtm.iom.int/reports/nigeria-biometric-registration-update-report-5-benue-state-1-september-2024,https://dtm.iom.int/sites/g/files/tmzbdl1461/files/reports/Biometric%20Registration%20Report%205%20Benue%20State_01%20September%202024_final_0.pdf,title:biometric
434,2024,2024-09-06,Incident / Flash Report,North Central; North West,Benue,Nigeria — North-central & North-west — Heavy Rainfall and Flood Flash Report 175 (26 August - 1 September 2024),https://dtm.iom.int/reports/nigeria-north-central-north-west-heavy-rainfall-and-flood-flash-report-175-26-august-1,https://dtm.iom.int/sites/g/files/tmzbdl1461/files/reports/IOM%20Nigeria%20Flash%20Report%20North-central%20and%20North-west%20175_final.pdf,title:flash report
435,2024,2024-09-06,Incident / Flash Report,North Central; North West,Benue,Nigeria — North-central & North-west — Conflict/Attack Flash Report 176 (26 August - 1 September 2024),https://dtm.iom.int/reports/nigeria-north-central-north-west-conflictattack-flash-report-176-26-august-1-september-2024,https://dtm.iom.int/sites/g/files/tmzbdl1461/files/reports/IOM%20Nigeria%20Flash%20Report%20North-central%20and%20North-west%20176_final.pdf,title:flash report
436,2024,2024-09-06,Emergency Tracking Tool (ETT),North Central,Benue,Nigeria — Emergency Tracking Tool Report 9 Benue State (26 August - 1 September 2024),https://dtm.iom.int/reports/nigeria-emergency-tracking-tool-report-9-benue-state-26-august-1-september-2024,https://dtm.iom.int/sites/g/files/tmzbdl1461/files/reports/IOM%20Nigeria%20DTM%20Emergency%20Tracking%20Tool%20%28ETT%29%20NC%20Report%20No.09_final.pdf,title:emergency tracking tool
437,2024,2024-09-06,Emergency Tracking Tool (ETT),North East,Adamawa; Borno,Nigeria — Emergency Tracking Tool Report 395 (26 August - 1 September 2024),https://dtm.iom.int/reports/nigeria-emergency-tracking-tool-report-395-26-august-1-september-2024,https://dtm.iom.int/sites/g/files/tmzbdl1461/files/reports/IOM%20Nigeria%20DTM%20Emergency%20Tracking%20Tool%20%28ETT%29%20Report%20No.%20395_final.pdf,title:emergency tracking tool
438,2024,2024-09-04,Early Warning & Early Response Dashboard,North West,Kaduna; Katsina,"Nigeria — Transhumance Tracking Tool Report — Early Warning Dashboard 12 — Kachia and Kaura LGAs, Kaduna State and Faskari and Kaita LGAs, Katsina State (July 2024)",https://dtm.iom.int/reports/nigeria-transhumance-tracking-tool-report-early-warning-dashboard-12-kachia-and-kaura-lgas,https://dtm.iom.int/sites/g/files/tmzbdl1461/files/reports/Nigeria%20%E2%80%94%20Transhumance%20Tracking%20Tool%20Report%20%E2%80%94%20Early%20Warning%20Dashboard%2012%2C%20July%202024%29%20-%20Kaduna%20and%20Katsina%20states%20PBF_final.pdf,title:early warning dashboard
439,2024,2024-09-04,Early Warning & Early Response Dashboard,North West,Katsina,"Nigeria — Transhumance Tracking Tool Report — Early Warning Dashboard 12 — Batsari, Dan musa, Jibia and Kankara LGAs, Katsina State (July 2024)",https://dtm.iom.int/reports/nigeria-transhumance-tracking-tool-report-early-warning-dashboard-12-batsari-dan-musa-jibia,https://dtm.iom.int/sites/g/files/tmzbdl1461/files/reports/Nigeria%20%E2%80%94%20Transhumance%20Tracking%20Tool%20Report%20%E2%80%94%20Early%20Warning%20Dashboard%2012%2C%20July%202024%29%20-%20Katsina%20EU_final.pdf,title:early warning dashboard
440,2024,2024-09-04,Incident / Flash Report,North East,Borno,Nigeria — Heavy Rainfall Flash Report Borno State (6 September 2024),https://dtm.iom.int/reports/nigeria-heavy-rainfall-flash-report-borno-state-6-september-2024,https://dtm.iom.int/sites/g/files/tmzbdl1461/files/reports/IOM%20Nigeria%20Flash%20Report%20North-east%20Borno%20State%206%20September%202024_final.pdf,title:flash report
441,2024,2024-08-30,Emergency Tracking Tool (ETT),North Central,Benue,Nigeria — Emergency Tracking Tool Report 8 Benue State (19 - 25 August 2024),https://dtm.iom.int/reports/nigeria-emergency-tracking-tool-report-8-benue-state-19-25-august-2024,https://dtm.iom.int/sites/g/files/tmzbdl1461/files/reports/IOM%20Nigeria%20DTM%20Emergency%20Tracking%20Tool%20%28ETT%29%20NC%20Report%20No.08.pdf,title:emergency tracking tool
442,2024,2024-08-30,Emergency Tracking Tool (ETT),North East,Adamawa; Borno,Nigeria — Emergency Tracking Tool Report 394 (19 - 25 August 2024),https://dtm.iom.int/reports/nigeria-emergency-tracking-tool-report-394-19-25-august-2024,https://dtm.iom.int/sites/g/files/tmzbdl1461/files/reports/IOM%20Nigeria%20DTM%20Emergency%20Tracking%20Tool%20%28ETT%29%20Report%20No.%20394_final.pdf,title:emergency tracking tool
443,2024,2024-08-29,Incident / Flash Report,North Central; North West,Benue,Nigeria — North-central & North-west Flash Report 174 (19 - 25 August 2024),https://dtm.iom.int/reports/nigeria-north-central-north-west-flash-report-174-19-25-august-2024,https://dtm.iom.int/sites/g/files/tmzbdl1461/files/reports/IOM%20Nigeria%20Flash%20Report%20North-central%20and%20North-west%20174_final%20%281%29.pdf,title:flash report
444,2024,2024-08-29,Incident / Flash Report,North East,Adamawa; Borno; Gombe; Bauchi,"Nigeria — Heavy Rainfall Flash Report Adamawa, Bauchi, Borno and Gombe states (28 August 2024)",https://dtm.iom.int/reports/nigeria-heavy-rainfall-flash-report-adamawa-bauchi-borno-and-gombe-states-28-august-2024,https://dtm.iom.int/sites/g/files/tmzbdl1461/files/reports/IOM%20Nigeria%20Flash%20Report%20North-east%20Adamawa%2C%20Bauchi%2C%20Borno%20and%20Gombe%20state%2028%20August%202024_final_0.pdf,title:flash report
445,2024,2024-08-23,Incident / Flash Report,North Central; North West,Katsina,Nigeria — North-central & North-west Flash Report 173 (12 - 18 August 2024),https://dtm.iom.int/reports/nigeria-north-central-north-west-flash-report-173-12-18-august-2024,https://dtm.iom.int/sites/g/files/tmzbdl1461/files/reports/IOM%20Nigeria%20Flash%20Report%20North-central%20and%20North-west%20173_final.pdf,title:flash report
446,2024,2024-08-23,Emergency Tracking Tool (ETT),North Central,Benue,Nigeria — Emergency Tracking Tool Report 7 Benue State (12 - 18 August 2024),https://dtm.iom.int/reports/nigeria-emergency-tracking-tool-report-7-benue-state-12-18-august-2024,https://dtm.iom.int/sites/g/files/tmzbdl1461/files/reports/IOM%20Nigeria%20DTM%20Emergency%20Tracking%20Tool%20%28ETT%29%20NC%20Report%20No.%2007_final.pdf,title:emergency tracking tool
447,2024,2024-08-23,Emergency Tracking Tool (ETT),North East,Adamawa; Borno,Nigeria — Emergency Tracking Tool Report 393 (12 - 18 August 2024),https://dtm.iom.int/reports/nigeria-emergency-tracking-tool-report-393-12-18-august-2024,https://dtm.iom.int/sites/g/files/tmzbdl1461/files/reports/IOM%20Nigeria%20DTM%20Emergency%20Tracking%20Tool%20%28ETT%29%20Report%20No.%20393_final.pdf,title:emergency tracking tool
448,2024,2024-08-20,Transhumance Flow Monitoring Report,North West,Kaduna; Katsina,Nigeria — Transhumance Tracking Tool Report — Flow Monitoring Dashboard 7 — Kaduna and Katsina states (June 2024),https://dtm.iom.int/reports/nigeria-transhumance-tracking-tool-report-flow-monitoring-dashboard-7-kaduna-and-katsina,https://dtm.iom.int/sites/g/files/tmzbdl1461/files/reports/TTT__Transhumance_Flow_Monitoring_June%202024_final.pdf,title:transhumance
449,2024,2024-08-16,Incident / Flash Report,North Central; North West,Benue; Kaduna,Nigeria — North-central & North-west Flash Report 172 (5 - 11 August 2024),https://dtm.iom.int/reports/nigeria-north-central-north-west-flash-report-172-5-11-august-2024,https://dtm.iom.int/sites/g/files/tmzbdl1461/files/reports/IOM%20Nigeria%20Flash%20Report%20North-central%20and%20North-west%20172_final%20%281%29.pdf,title:flash report
450,2024,2024-08-16,Emergency Tracking Tool (ETT),North Central,Benue,Nigeria — Emergency Tracking Tool Report 6 Benue State (5 - 11 August 2024),https://dtm.iom.int/reports/nigeria-emergency-tracking-tool-report-6-benue-state-5-11-august-2024,https://dtm.iom.int/sites/g/files/tmzbdl1461/files/reports/IOM%20Nigeria%20DTM%20Emergency%20Tracking%20Tool%20%28ETT%29%20NC%20Report%20No.%2006_final.pdf,title:emergency tracking tool
451,2024,2024-08-16,Emergency Tracking Tool (ETT),North East,Adamawa; Borno,Nigeria — Emergency Tracking Tool Report 392 (5 - 11 August 2024),https://dtm.iom.int/reports/nigeria-emergency-tracking-tool-report-392-5-11-august-2024,https://dtm.iom.int/sites/g/files/tmzbdl1461/files/reports/IOM%20Nigeria%20DTM%20Emergency%20Tracking%20Tool%20%28ETT%29%20Report%20No.%20392_final.pdf,title:emergency tracking tool
452,2024,2024-08-15,Early Warning & Early Response Dashboard,North East,Adamawa; Taraba,Nigeria — Transhumance Tracking Tool Report — Early Warning Dashboard 27 — Adamawa and Taraba states (July 2024),https://dtm.iom.int/reports/nigeria-transhumance-tracking-tool-report-early-warning-dashboard-27-adamawa-and-taraba,https://dtm.iom.int/sites/g/files/tmzbdl1461/files/reports/Nigeria%20%E2%80%94%20Transhumance%20Tracking%20Tool%20Report%20%E2%80%94%20Early%20Warning%20Dashboard%2027%20%E2%80%94%20Adamawa%20and%20Taraba%20states%20%28July%202024%29.pdf,title:early warning dashboard
453,2024,2024-08-13,Incident / Flash Report,North East,Borno,Nigeria — Heavy Rainfall Flash Report Borno State (12 August 2024),https://dtm.iom.int/reports/nigeria-heavy-rainfall-flash-report-borno-state-12-august-2024,https://dtm.iom.int/sites/g/files/tmzbdl1461/files/reports/IOM%20Nigeria%20Flash%20Report%20NE%20Dikwa-KalaBalge%20Borno%20State.%2012%20August%202024_final_0_0.pdf,title:flash report
454,2024,2024-08-09,Incident / Flash Report,North Central; North West,Benue,Nigeria — North-central & North-west Flash Report 171 (29 July - 4 August 2024),https://dtm.iom.int/reports/nigeria-north-central-north-west-flash-report-171-29-july-4-august-2024,https://dtm.iom.int/sites/g/files/tmzbdl1461/files/reports/IOM%20Nigeria%20Flash%20Report%20North-central%20and%20North-west%20171_final.pdf,title:flash report
455,2024,2024-08-09,Emergency Tracking Tool (ETT),North Central,Benue,Nigeria — Emergency Tracking Tool Report 5 Benue State (29 July - 4 August 2024),https://dtm.iom.int/reports/nigeria-emergency-tracking-tool-report-5-benue-state-29-july-4-august-2024,https://dtm.iom.int/sites/g/files/tmzbdl1461/files/reports/IOM%20Nigeria%20DTM%20Emergency%20Tracking%20Tool%20%28ETT%29%20NC%20Report%20No.%2005_final.pdf,title:emergency tracking tool
456,2024,2024-08-09,Emergency Tracking Tool (ETT),North East,Adamawa; Borno,Nigeria — Emergency Tracking Tool Report 391 (29 July - 4 August 2024),https://dtm.iom.int/reports/nigeria-emergency-tracking-tool-report-391-29-july-4-august-2024,https://dtm.iom.int/sites/g/files/tmzbdl1461/files/reports/IOM%20Nigeria%20DTM%20Emergency%20Tracking%20Tool%20%28ETT%29%20Report%20No.%20391.pdf,title:emergency tracking tool
457,2024,2024-08-05,Mobility Tracking – IDP & Returnee Atlas,North East,Adamawa; Borno; Yobe,Nigeria — North-east — Mobility Tracking Round 47 IDP and Returnee Report (June 2024),https://dtm.iom.int/reports/nigeria-north-east-mobility-tracking-round-47-idp-and-returnee-report-june-2024,https://dtm.iom.int/sites/g/files/tmzbdl1461/files/reports/NM%20Round%2047%20north-east%20%28May%202024%29_final_1.pdf,title:mobility tracking
458,2024,2024-08-05,Mobility Tracking – Needs Monitoring,North East,Adamawa; Borno; Yobe,Nigeria — Needs Monitoring — NM Round 47 north-east (May 2024),https://dtm.iom.int/reports/nigeria-north-east-mobility-tracking-round-47-idp-and-returnee-report-june-2024#needs-monitoring-1,https://dtm.iom.int/sites/g/files/tmzbdl1461/files/reports/NM%20Round%2047%20north-east%20%28May%202024%29_final_1.pdf,attached file: NM Round 47 north-east (May 2024)
459,2024,2024-08-05,Emergency Tracking Tool (ETT),North Central,Benue,Nigeria — Emergency Tracking Tool Report 4 Benue State (22 - 28 July 2024),https://dtm.iom.int/reports/nigeria-emergency-tracking-tool-report-4-benue-state-22-28-july-2024,https://dtm.iom.int/sites/g/files/tmzbdl1461/files/reports/IOM%20Nigeria%20DTM%20Emergency%20Tracking%20Tool%20%28ETT%29%20NC%20Report%20No.%204_final.pdf,title:emergency tracking tool
460,2024,2024-08-05,Emergency Tracking Tool (ETT),North East,Adamawa; Borno,Nigeria — Emergency Tracking Tool Report 390 (22 - 28 July 2024),https://dtm.iom.int/reports/nigeria-emergency-tracking-tool-report-390-22-28-july-2024,https://dtm.iom.int/sites/g/files/tmzbdl1461/files/reports/IOM%20Nigeria%20DTM%20Emergency%20Tracking%20Tool%20%28ETT%29%20Report%20No.%20390_final.pdf,title:emergency tracking tool
461,2024,2024-07-31,Transhumance Flow Monitoring Report,North West,Kaduna; Katsina,Nigeria — Transhumance Tracking Tool Report — Flow Monitoring Dashboard 6 — Kaduna and Katsina states (May 2024),https://dtm.iom.int/reports/nigeria-transhumance-tracking-tool-report-flow-monitoring-dashboard-6-kaduna-and-katsina,https://dtm.iom.int/sites/g/files/tmzbdl1461/files/reports/TTT__Transhumance_Flow_Monitoring_May%202024_final.pdf,title:transhumance
462,2024,2024-07-29,Early Warning & Early Response Dashboard,North East,Adamawa; Taraba,Nigeria — Transhumance Tracking Tool Report — Early Warning Dashboard 26 — Adamawa and Taraba states (June 2024),https://dtm.iom.int/reports/nigeria-transhumance-tracking-tool-report-early-warning-dashboard-26-adamawa-and-taraba,https://dtm.iom.int/sites/g/files/tmzbdl1461/files/reports/Nigeria%20%E2%80%94%20Transhumance%20Tracking%20Tool%20Report%20%E2%80%94%20Early%20Warning%20Dashboard%2026%20%28June%202024%29%20-%20Adamawa%20and%20Taraba%20states.pdf,title:early warning dashboard
463,2024,2024-07-26,Early Warning & Early Response Dashboard,North West,Kaduna; Katsina,"Nigeria — Transhumance Tracking Tool Report — Early Warning Dashboard 11 — Kachia and Kaura LGAs, Kaduna State and Faskari and Kaita LGAs, Katsina State (June 2024)",https://dtm.iom.int/reports/nigeria-transhumance-tracking-tool-report-early-warning-dashboard-11-kachia-and-kaura-lgas,https://dtm.iom.int/sites/g/files/tmzbdl1461/files/reports/Nigeria%20%E2%80%94%20Transhumance%20Tracking%20Tool%20Report%20%E2%80%94%20Early%20Warning%20Dashboard%2011%2C%20Junel%202024%29%20-%20Kaduna%20and%20Katsina%20states%20PBF_final.pdf,title:early warning dashboard
464,2024,2024-07-26,Early Warning & Early Response Dashboard,North West,Katsina,"Nigeria — Transhumance Tracking Tool Report — Early Warning Dashboard 11 — Batsari, Dan musa, Jibia and Kankara LGAs, Katsina State (June 2024)",https://dtm.iom.int/reports/nigeria-transhumance-tracking-tool-report-early-warning-dashboard-11-batsari-dan-musa-jibia,https://dtm.iom.int/sites/g/files/tmzbdl1461/files/reports/Nigeria%20%E2%80%94%20Transhumance%20Tracking%20Tool%20Report%20%E2%80%94%20Early%20Warning%20Dashboard%2011%2C%20June%202024%29%20-%20Katsina%20EU_final.pdf,title:early warning dashboard
465,2024,2024-07-26,Incident / Flash Report,North Central; North West,Benue,Nigeria — North-central & North-west Flash Report 169 (15 - 21 July 2024),https://dtm.iom.int/reports/nigeria-north-central-north-west-flash-report-169-15-21-july-2024,https://dtm.iom.int/sites/g/files/tmzbdl1461/files/reports/IOM%20Nigeria%20Flash%20Report%20North-central%20and%20North-west%20169_final.pdf,title:flash report
466,2024,2024-07-26,Incident / Flash Report,North East,Borno,Nigeria — Heavy Rainfall Flash Report Borno State (24 July 2024),https://dtm.iom.int/reports/nigeria-heavy-rainfall-flash-report-borno-state-24-july-2024,https://dtm.iom.int/sites/g/files/tmzbdl1461/files/reports/IOM%20Nigeria%20Flash%20Report%20Norh-East%20Dikwa%20%26%20Mafa%20LGAs%20Borno%20State.%2024%20July%202024_0.pdf,title:flash report
467,2024,2024-07-26,Incident / Flash Report,North East,Borno,Nigeria — Flood and Heavy Rainfall Flash Report Borno State (24 July 2024),https://dtm.iom.int/reports/nigeria-flood-and-heavy-rainfall-flash-report-borno-state-24-july-2024,https://dtm.iom.int/sites/g/files/tmzbdl1461/files/reports/IOM%20Nigeria%20Flash%20Report%20%20North-East-Dikwa%20%26%20Mafa%20LGAs%20Borno%20State_final.pdf,title:flash report
468,2024,2024-07-26,Emergency Tracking Tool (ETT),North East,Adamawa; Borno,Nigeria — Emergency Tracking Tool Report 389 (15 - 21 July 2024),https://dtm.iom.int/reports/nigeria-emergency-tracking-tool-report-389-15-21-july-2024,https://dtm.iom.int/sites/g/files/tmzbdl1461/files/reports/IOM%20Nigeria%20DTM%20Emergency%20Tracking%20Tool%20%28ETT%29%20Report%20No.%20389.pdf,title:emergency tracking tool
469,2024,2024-07-26,Emergency Tracking Tool (ETT),North Central,Benue,Nigeria — Emergency Tracking Tool Report 03 Benue State (15 - 21 July 2024),https://dtm.iom.int/reports/nigeria-emergency-tracking-tool-report-03-benue-state-15-21-july-2024,https://dtm.iom.int/sites/g/files/tmzbdl1461/files/reports/IOM%20Nigeria%20DTM%20Emergency%20Tracking%20Tool%20%28ETT%29%20NW%20Report%20No.%2003_final.pdf,title:emergency tracking tool
470,2024,2024-07-24,Incident / Flash Report,North Central; North West,Benue,Nigeria — North-central & North-west Flash Report 170 (22 - 28 July 2024),https://dtm.iom.int/reports/nigeria-north-central-north-west-flash-report-170-22-28-july-2024,https://dtm.iom.int/sites/g/files/tmzbdl1461/files/reports/IOM%20Nigeria%20Flash%20Report%20North-central%20and%20North-west%20170_final.pdf,title:flash report
471,2024,2024-07-22,Incident / Flash Report,North Central; North West,Katsina,Nigeria — North-central & North-west Flash Report 168 (08 July - 14 July 2024),https://dtm.iom.int/reports/nigeria-north-central-north-west-flash-report-168-08-july-14-july-2024,https://dtm.iom.int/sites/g/files/tmzbdl1461/files/reports/IOM%20Nigeria%20Flash%20Report%20North-central%20and%20North-west%20168_final_0.pdf,title:flash report
472,2024,2024-07-22,Emergency Tracking Tool (ETT),North East,Adamawa; Borno,Nigeria — Emergency Tracking Tool Report 388 (08 - 14 July 2024),https://dtm.iom.int/reports/nigeria-emergency-tracking-tool-report-388-08-14-july-2024,https://dtm.iom.int/sites/g/files/tmzbdl1461/files/reports/IOM%20Nigeria%20DTM%20Emergency%20Tracking%20Tool%20%28ETT%29%20Report%20No.%20388_final.pdf,title:emergency tracking tool
473,2024,2024-07-22,Emergency Tracking Tool (ETT),North Central,Benue,Nigeria — Emergency Tracking Tool Report 02 Benue State (08 July - 14 July 2024),https://dtm.iom.int/reports/nigeria-emergency-tracking-tool-report-02-benue-state-08-july-14-july-2024,https://dtm.iom.int/sites/g/files/tmzbdl1461/files/reports/IOM%20Nigeria%20DTM%20Emergency%20Tracking%20Tool%20%28ETT%29%20NW%20Benue%20Report%20No.%2002_final.pdf,title:emergency tracking tool
474,2024,2024-07-17,Other / Unclassified,,,Nigeria - National Displacement Profile 2023,https://dtm.iom.int/reports/nigeria-national-displacement-profile-2023,https://dtm.iom.int/sites/g/files/tmzbdl1461/files/reports/Nigeria%20-%20NDP_FINAL.pdf,
475,2024,2024-07-12,Emergency Tracking Tool (ETT),North East,Adamawa; Borno,Nigeria — Emergency Tracking Tool Report 387 (01 - 07 July 2024),https://dtm.iom.int/reports/nigeria-emergency-tracking-tool-report-387-01-07-july-2024,https://dtm.iom.int/sites/g/files/tmzbdl1461/files/reports/IOM%20Nigeria%20DTM%20Emergency%20Tracking%20Tool%20%28ETT%29%20Report%20No.%20387v2.pdf,title:emergency tracking tool
476,2024,2024-07-12,Emergency Tracking Tool (ETT),North Central,Benue,Nigeria — Emergency Tracking Tool Report 01 Benue State (01 July - 07 July 2024),https://dtm.iom.int/reports/nigeria-emergency-tracking-tool-report-01-benue-state-01-july-07-july-2024,https://dtm.iom.int/sites/g/files/tmzbdl1461/files/reports/IOM%20Nigeria%20DTM%20Emergency%20Tracking%20Tool%20%28ETT%29%20NW%20Benue%20State%20Report%20No.%2001_V3.pdf,title:emergency tracking tool
477,2024,2024-07-12,Biometric Registration Report,North Central,Benue,Nigeria — Biometric Registration Update Report 4 Benue State (1 July 2024),https://dtm.iom.int/reports/nigeria-biometric-registration-update-report-4-benue-state-1-july-2024,https://dtm.iom.int/sites/g/files/tmzbdl1461/files/reports/Biometric%20Registration%20Report%20%204%20Benue%20State_01%20July%202024_V3.pdf,title:biometric
478,2024,2024-07-09,Incident / Flash Report,North Central; North West,Benue,Nigeria — North-central & North-west Flash Report 167 (01 July - 07 July 2024),https://dtm.iom.int/reports/nigeria-north-central-north-west-flash-report-167-01-july-07-july-2024,https://dtm.iom.int/sites/g/files/tmzbdl1461/files/reports/IOM%20Nigeria%20Flash%20Report%20North-central%20and%20North-west%20167v2.pdf,title:flash report
479,2024,2024-07-08,Emergency Tracking Tool (ETT),North East,Adamawa; Borno,Nigeria — Emergency Tracking Tool Report 386 (24 June - 30 June 2024),https://dtm.iom.int/reports/nigeria-emergency-tracking-tool-report-386-24-june-30-june-2024,https://dtm.iom.int/sites/g/files/tmzbdl1461/files/reports/IOM%20Nigeria%20DTM%20Emergency%20Tracking%20Tool%20%28ETT%29%20Report%20No.%20386.pdf,title:emergency tracking tool
480,2024,2024-07-03,Incident / Flash Report,North Central; North West,Sokoto; Zamfara,Nigeria — North-central & North-west Flash Report 166 (24 June - 30 June 2024),https://dtm.iom.int/reports/nigeria-north-central-north-west-flash-report-166-24-june-30-june-2024,https://dtm.iom.int/sites/g/files/tmzbdl1461/files/reports/IOM%20Nigeria%20Flash%20Report%20%20North-west%20and%20North-central%20166.pdf,title:flash report
481,2024,2024-07-02,Transhumance Flow Monitoring Report,North West,Kaduna; Katsina,Nigeria — TTT Feedback Survey — Kaduna and Katsina states (July 2024),https://dtm.iom.int/reports/nigeria-ttt-feedback-survey-kaduna-and-katsina-states-july-2024,https://dtm.iom.int/sites/g/files/tmzbdl1461/files/reports/Feedback%20survey%20on%20Transhumance%20Tracking%20Tool%20%28TTT%29%20activities.pdf,summary:transhumance
482,2024,2024-07-02,Mobility Tracking – IDP & Returnee Atlas,North Central; North West,Benue; Nasarawa; Plateau; Kogi; Niger; Kano; Kaduna; Katsina; Sokoto; Zamfara,Nigeria — North-Central and North-West — Round 14 IDP Atlas (June 2024),https://dtm.iom.int/reports/nigeria-north-central-and-north-west-round-14-idp-atlas-june-2024,https://dtm.iom.int/sites/g/files/tmzbdl1461/files/reports/IDP%20Atlas%20-%20NCNW%20R14%20-%20June%202024_final%20version.pdf,title:atlas
483,2024,2024-06-28,Emergency Tracking Tool (ETT),North East,Adamawa; Borno,Nigeria — Emergency Tracking Tool Report 385 (17 June - 23 June 2024),https://dtm.iom.int/reports/nigeria-emergency-tracking-tool-report-385-17-june-23-june-2024,https://dtm.iom.int/sites/g/files/tmzbdl1461/files/reports/IOM%20Nigeria%20DTM%20Emergency%20Tracking%20Tool%20%28ETT%29%20Report%20No.%20385.pdf,title:emergency tracking tool
484,2024,2024-06-25,Incident / Flash Report,North Central; North West,Benue,Nigeria — North-central & North-west Flash Report 165 (17 June - 23 June 2024),https://dtm.iom.int/reports/nigeria-north-central-north-west-flash-report-165-17-june-23-june-2024,https://dtm.iom.int/sites/g/files/tmzbdl1461/files/reports/IOM%20Nigeria%20Flash%20Report%20North-central%20and%20North-west%20Benue%20State.pdf,title:flash report
485,2024,2024-06-24,Emergency Tracking Tool (ETT),North East,Adamawa; Borno; Yobe,Nigeria — Emergency Tracking Tool Report 384 (10 June - 16 June 2024),https://dtm.iom.int/reports/nigeria-emergency-tracking-tool-report-384-10-june-16-june-2024,https://dtm.iom.int/sites/g/files/tmzbdl1461/files/reports/IOM%20Nigeria%20DTM%20Emergency%20Tracking%20Tool%20%28ETT%29%20Report%20No.%20384.pdf,title:emergency tracking tool
486,2024,2024-06-21,Early Warning & Early Response Dashboard,North East,Adamawa; Taraba,Nigeria — Transhumance Tracking Tool Report — Early Warning Dashboard 25 — Adamawa and Taraba states (May 2024),https://dtm.iom.int/reports/nigeria-transhumance-tracking-tool-report-early-warning-dashboard-25-adamawa-and-taraba,https://dtm.iom.int/sites/g/files/tmzbdl1461/files/reports/Dashboard_TTT_040624_final.pdf,title:early warning dashboard
487,2024,2024-06-21,Emergency Tracking Tool (ETT),North East,Adamawa; Borno,Nigeria — Emergency Tracking Tool Report 383 (3 June - 9 June 2024),https://dtm.iom.int/reports/nigeria-emergency-tracking-tool-report-383-3-june-9-june-2024,https://dtm.iom.int/sites/g/files/tmzbdl1461/files/reports/IOM%20Nigeria%20DTM%20Emergency%20Tracking%20Tool%20%28ETT%29%20Report%20No.%20383.pdf,title:emergency tracking tool
488,2024,2024-06-20,Early Warning & Early Response Dashboard,North West,Kaduna; Katsina,"Nigeria — Transhumance Tracking Tool Report — Early Warning Dashboard 10 — Kachia and Kaura LGAs, Kaduna State and Faskari and Kaita LGAs, Katsina State (May 2024)",https://dtm.iom.int/reports/nigeria-transhumance-tracking-tool-report-early-warning-dashboard-10-kachia-and-kaura-lgas,https://dtm.iom.int/sites/g/files/tmzbdl1461/files/reports/Nigeria%20%E2%80%94%20Transhumance%20Tracking%20Tool%20Report%20%E2%80%94%20Early%20Warning%20Dashboard%2010%20%28May%202024%29%20-%20Kaduna%20and%20Katsina%20states%20PBF%20%5Bfinal%5D_0.pdf,title:early warning dashboard
489,2024,2024-06-20,Early Warning & Early Response Dashboard,North West,Katsina,"Nigeria — Transhumance Tracking Tool Report — Early Warning Dashboard 10 — Batsari, Dan musa, Jibia and Kankara LGAs, Katsina State (May 2024)",https://dtm.iom.int/reports/nigeria-transhumance-tracking-tool-report-early-warning-dashboard-10-batsari-dan-musa-jibia,https://dtm.iom.int/sites/g/files/tmzbdl1461/files/reports/Nigeria%20%E2%80%94%20Transhumance%20Tracking%20Tool%20Report%20%E2%80%94%20Early%20Warning%20Dashboard%2010%20%28May%202024%29%20-%20Katsina%20EU%20%5Bfinal%5D.pdf,title:early warning dashboard
490,2024,2024-06-10,Emergency Tracking Tool (ETT),North East,Adamawa; Borno,Nigeria — Emergency Tracking Tool Report 382 (27 May - 2 June 2024),https://dtm.iom.int/reports/nigeria-emergency-tracking-tool-report-382-27-may-2-june-2024,https://dtm.iom.int/sites/g/files/tmzbdl1461/files/reports/IOM%20Nigeria%20DTM%20Emergency%20Tracking%20Tool%20%28ETT%29%20Report%20No.%20382.pdf,title:emergency tracking tool
491,2024,2024-06-04,Transhumance Flow Monitoring Report,North West,Kaduna; Katsina,Nigeria — Transhumance Tracking Tool Report — Flow Monitoring Dashboard 5 — Kaduna and Katsina states (April 2024),https://dtm.iom.int/reports/nigeria-transhumance-tracking-tool-report-flow-monitoring-dashboard-5-kaduna-and-katsina,https://dtm.iom.int/sites/g/files/tmzbdl1461/files/reports/TTT__Transhumance_Flow_Monitoring_April%202024%20%281%29.pdf,title:transhumance
492,2024,2024-05-31,Incident / Flash Report,North East,Yobe,Nigeria — North-east Yobe State Flash Report (31 May 2024),https://dtm.iom.int/reports/nigeria-north-east-yobe-state-flash-report-31-may-2024,https://dtm.iom.int/sites/g/files/tmzbdl1461/files/reports/IOM%20Nigeria%20Flash%20Report%20North-east_Yobe%20State%2031%20May%202024_Final.pdf,title:flash report
493,2024,2024-05-31,Emergency Tracking Tool (ETT),North East,Adamawa; Borno,Nigeria — Emergency Tracking Tool Report 381 (20 - 26 May 2024),https://dtm.iom.int/reports/nigeria-emergency-tracking-tool-report-381-20-26-may-2024,https://dtm.iom.int/sites/g/files/tmzbdl1461/files/reports/IOM%20Nigeria%20DTM%20Emergency%20Tracking%20Tool%20%28ETT%29%20Report%20No.%20381.pdf,title:emergency tracking tool
494,2024,2024-05-24,Emergency Tracking Tool (ETT),North East,Adamawa; Borno,Nigeria — Emergency Tracking Tool Report 380 (13 - 19 May 2024),https://dtm.iom.int/reports/nigeria-emergency-tracking-tool-report-380-13-19-may-2024-0,https://dtm.iom.int/sites/g/files/tmzbdl1461/files/reports/IOM%20Nigeria%20DTM%20Emergency%20Tracking%20Tool%20%28ETT%29%20Report%20No.%20380.pdf,title:emergency tracking tool
495,2024,2024-05-22,Early Warning & Early Response Dashboard,North East,Adamawa; Taraba,Nigeria — Transhumance Tracking Tool Report — Early Warning Dashboard 24 — Adamawa and Taraba states (April 2024),https://dtm.iom.int/reports/nigeria-transhumance-tracking-tool-report-early-warning-dashboard-24-adamawa-and-taraba,https://dtm.iom.int/sites/g/files/tmzbdl1461/files/reports/Dashboard_TTT_24_Adamawa_Araba_Early_wearning_.pdf,title:early warning dashboard
496,2024,2024-05-22,Other / Unclassified,,,Nigeria — Compendium 2023 (May 2024),https://dtm.iom.int/reports/nigeria-compendium-2023-may-2024,https://dtm.iom.int/sites/g/files/tmzbdl1461/files/reports/DTM%20Compendium%202023%20%28May%202024%29_final_fp%20%281%29.pdf,
497,2024,2024-05-20,Emergency Tracking Tool (ETT),North East,Adamawa; Borno,Nigeria — Emergency Tracking Tool Report 379 (6 - 12 May 2024),https://dtm.iom.int/reports/nigeria-emergency-tracking-tool-report-379-6-12-may-2024,https://dtm.iom.int/sites/g/files/tmzbdl1461/files/reports/IOM%20Nigeria%20DTM%20Emergency%20Tracking%20Tool%20%28ETT%29%20Report%20No.%20379_final.pdf,title:emergency tracking tool
498,2024,2024-05-17,Incident / Flash Report,North Central; North West,Zamfara,Nigeria — North-central & North-west Flash Report 164 (06 - 12 May 2024),https://dtm.iom.int/reports/nigeria-north-central-north-west-flash-report-164-06-12-may-2024,https://dtm.iom.int/sites/g/files/tmzbdl1461/files/reports/IOM%20Nigeria%20Flash%20Report%20North-central%20and%20North-west%20164_Final.pdf,title:flash report
499,2024,2024-05-14,Transhumance Flow Monitoring Report,North West,Kaduna; Katsina,Nigeria — Transhumance Tracking Tool Report — Flow Monitoring Dashboard 4 — Kaduna and Katsina states (March 2024),https://dtm.iom.int/reports/nigeria-transhumance-tracking-tool-report-flow-monitoring-dashboard-4-kaduna-and-katsina,https://dtm.iom.int/sites/g/files/tmzbdl1461/files/reports/TTT__Transhumance_Flow_Monitoring_March%202024%202.pdf,title:transhumance
500,2024,2024-05-14,Transhumance Flow Monitoring Report,North West,Kaduna; Katsina,Nigeria — Transhumance Tracking Tool Report — Flow Monitoring Dashboard 3 — Kaduna and Katsina states (February 2024),https://dtm.iom.int/reports/nigeria-transhumance-tracking-tool-report-flow-monitoring-dashboard-3-kaduna-and-katsina,https://dtm.iom.int/sites/g/files/tmzbdl1461/files/reports/TTT__Transhumance_Flow_Monitoring_February%202024%202.pdf,title:transhumance
501,2024,2024-05-10,Early Warning & Early Response Dashboard,North West,Kaduna; Katsina,"Nigeria — Transhumance Tracking Tool Report — Early Warning Dashboard 9 — Kachia and Kaura LGAs, Kaduna State and Faskari and Kaita LGAs, Katsina State (April 2024)",https://dtm.iom.int/reports/nigeria-transhumance-tracking-tool-report-early-warning-dashboard-9-kachia-and-kaura-lgas,https://dtm.iom.int/sites/g/files/tmzbdl1461/files/reports/Nigeria%20%E2%80%94%20Transhumance%20Tracking%20Tool%20Report%20%E2%80%94%20Early%20Warning%20Dashboard%209%20April%202024%29%20-%20Kaduna%20and%20Katsina%20states%20PBF%20%5Bfinal%5D.pdf,title:early warning dashboard
502,2024,2024-05-10,Early Warning & Early Response Dashboard,North West,Katsina,"Nigeria — Transhumance Tracking Tool Report — Early Warning Dashboard 9 — Batsari, Dan musa, Jibia and Kankara LGAs, Katsina State (April 2024)",https://dtm.iom.int/reports/nigeria-transhumance-tracking-tool-report-early-warning-dashboard-9-batsari-dan-musa-jibia,https://dtm.iom.int/sites/g/files/tmzbdl1461/files/reports/Nigeria%20%E2%80%94%20Transhumance%20Tracking%20Tool%20Report%20%E2%80%94%20Early%20Warning%20Dashboard%209%20April%202024%29%20-%20Katsina%20EU%20%5Bfinal%5D.pdf,title:early warning dashboard
503,2024,2024-05-10,Early Warning & Early Response Dashboard,North West,Kaduna; Katsina,"Nigeria — Transhumance Tracking Tool Report — Early Warning Dashboard 8 — Kachia and Kaura LGAs, Kaduna State and Faskari and Kaita LGAs, Katsina State (March 2024)",https://dtm.iom.int/reports/nigeria-transhumance-tracking-tool-report-early-warning-dashboard-8-kachia-and-kaura-lgas,https://dtm.iom.int/sites/g/files/tmzbdl1461/files/reports/Nigeria%20%E2%80%94%20Transhumance%20Tracking%20Tool%20Report%20%E2%80%94%20Early%20Warning%20Dashboard%208%20March%202024%29%20-%20Kaduna%20and%20Katsina%20states%20PBF%20%5Bfinal%5D.pdf,title:early warning dashboard
504,2024,2024-05-10,Early Warning & Early Response Dashboard,North West,Katsina,"Nigeria — Transhumance Tracking Tool Report — Early Warning Dashboard 8 — Batsari, Dan musa, Jibia and Kankara LGAs, Katsina State (March 2024)",https://dtm.iom.int/reports/nigeria-transhumance-tracking-tool-report-early-warning-dashboard-8-batsari-dan-musa-jibia,https://dtm.iom.int/sites/g/files/tmzbdl1461/files/reports/Nigeria%20%E2%80%94%20Transhumance%20Tracking%20Tool%20Report%20%E2%80%94%20Early%20Warning%20Dashboard%208%20March%202024%29%20-%20Katsina%20EU%20%5Bfinal%5D.pdf,title:early warning dashboard
505,2024,2024-05-10,Emergency Tracking Tool (ETT),North East,Adamawa; Borno,Nigeria — Emergency Tracking Tool Report 378 (29 April - 5 May 2024),https://dtm.iom.int/reports/nigeria-emergency-tracking-tool-report-378-29-april-5-may-2024,https://dtm.iom.int/sites/g/files/tmzbdl1461/files/reports/IOM%20Nigeria%20DTM%20Emergency%20Tracking%20Tool%20%28ETT%29%20Report%20No.%20378.pdf,title:emergency tracking tool
506,2024,2024-05-03,Incident / Flash Report,North Central; North West,Sokoto; Zamfara,Nigeria — North-central & North-west Flash Report 163 (22 - 28 April 2024),https://dtm.iom.int/reports/nigeria-north-central-north-west-flash-report-163-22-28-april-2024,https://dtm.iom.int/sites/g/files/tmzbdl1461/files/reports/IOM%20Nigeria%20Flash%20Report%20North-central%20and%20North-west%20163_final_0.pdf,title:flash report
507,2024,2024-05-03,Emergency Tracking Tool (ETT),North East,Adamawa; Borno,Nigeria — Emergency Tracking Tool Report 377 (22 - 28 April 2024),https://dtm.iom.int/reports/nigeria-emergency-tracking-tool-report-377-22-28-april-2024,https://dtm.iom.int/sites/g/files/tmzbdl1461/files/reports/IOM%20Nigeria%20DTM%20Emergency%20Tracking%20Tool%20%28ETT%29%20Report%20No.%20377_final.pdf,title:emergency tracking tool
508,2024,2024-04-26,Emergency Tracking Tool (ETT),North East,Adamawa; Borno; Yobe,Nigeria — Emergency Tracking Tool Report 376 (15 - 21 April 2024),https://dtm.iom.int/reports/nigeria-emergency-tracking-tool-report-376-15-21-april-2024,https://dtm.iom.int/sites/g/files/tmzbdl1461/files/reports/IOM%20Nigeria%20DTM%20Emergency%20Tracking%20Tool%20%28ETT%29%20Report%20No.%20376_final.pdf,title:emergency tracking tool
509,2024,2024-04-25,Incident / Flash Report,North East,Borno,Nigeria — North-east Borno State Flash Report (25 April 2024),https://dtm.iom.int/reports/nigeria-north-east-borno-state-flash-report-25-april-2024,https://dtm.iom.int/sites/g/files/tmzbdl1461/files/reports/IOM%20Nigeria%20Flash%20Report%20NE%20Magumeri%20%26%20Monguno%2C%20Borno%20State%2023%20April%202024_final.pdf,title:flash report
510,2024,2024-04-24,Early Warning & Early Response Dashboard,North East,Adamawa; Taraba,Nigeria — Transhumance Tracking Tool Report — Early Warning Dashboard 23 — Adamawa and Taraba states (March 2024),https://dtm.iom.int/reports/nigeria-transhumance-tracking-tool-report-early-warning-dashboard-23-adamawa-and-taraba,https://dtm.iom.int/sites/g/files/tmzbdl1461/files/reports/Nigeria%20%E2%80%94%20Transhumance%20Tracking%20Tool%20Report%20%E2%80%94%20Early%20Warning%20Dashboard%2022%20%E2%80%94%20Adamawa%20and%20Taraba%20states%20%28March%202024%29.pdf,title:early warning dashboard
511,2024,2024-04-24,Intention Surveys,North East,,Nigeria — North-east - Intention Survey (April 2024),https://dtm.iom.int/reports/nigeria-north-east-intention-survey-april-2024,https://dtm.iom.int/sites/g/files/tmzbdl1461/files/reports/DTM%20Nigeria%20-%20Household%20Intention%20Survey%20report%20April%202024_Final%20version_21%20April%202024%20%281%29.pdf,title:intention survey
512,2024,2024-04-22,Incident / Flash Report,North Central; North West,Sokoto; Zamfara,Nigeria — North-central & North-west Flash Report 162 (15 - 21 April 2024),https://dtm.iom.int/reports/nigeria-north-central-north-west-flash-report-162-15-21-april-2024,https://dtm.iom.int/sites/g/files/tmzbdl1461/files/reports/IOM%20Nigeria%20Flash%20Report%20North-central%20and%20North-west%20162_final_0.pdf,title:flash report
513,2024,2024-04-19,Incident / Flash Report,North East,Borno,Nigeria — North-east Borno State Flash Report (18 April 2024),https://dtm.iom.int/reports/nigeria-north-east-borno-state-flash-report-18-april-2024,https://dtm.iom.int/sites/g/files/tmzbdl1461/files/reports/IOM%20Nigeria%20Flash%20Report%20NE%20Konduga%2C%20Mafa%2C%20Magumeri%2C%20Monguno%20%26%20Ngala%20LGAs%2C%20Borno%20State%2017%20April%202024_final.pdf,title:flash report
514,2024,2024-04-19,Emergency Tracking Tool (ETT),North East,Adamawa; Borno,Nigeria — Emergency Tracking Tool Report 375 (8 - 14 April 2024),https://dtm.iom.int/reports/nigeria-emergency-tracking-tool-report-375-8-14-april-2024,https://dtm.iom.int/sites/g/files/tmzbdl1461/files/reports/IOM%20Nigeria%20DTM%20Emergency%20Tracking%20Tool%20%28ETT%29%20Report%20No.%20375_final.pdf,title:emergency tracking tool
515,2024,2024-04-15,Intention Surveys,North East,Yobe,Nigeria — Yobe - Intention Survey (April 2024),https://dtm.iom.int/reports/nigeria-yobe-intention-survey-april-2024,https://dtm.iom.int/sites/g/files/tmzbdl1461/files/reports/DTM%20Nigeria%20-%20Household%20Intention%20Survey%20report%20April%202024_Yobe%20State.pdf,title:intention survey
516,2024,2024-04-15,Intention Surveys,North East,Taraba,Nigeria — Taraba - Intention Survey (April 2024),https://dtm.iom.int/reports/nigeria-taraba-intention-survey-april-2024,https://dtm.iom.int/sites/g/files/tmzbdl1461/files/reports/DTM%20Nigeria%20-%20Household%20Intention%20Survey%20report%20April%202024_Taraba%20State.pdf,title:intention survey
517,2024,2024-04-15,Intention Surveys,North East,Gombe,Nigeria — Gombe - Intention Survey (April 2024),https://dtm.iom.int/reports/nigeria-gombe-intention-survey-april-2024,https://dtm.iom.int/sites/g/files/tmzbdl1461/files/reports/DTM%20Nigeria%20-%20Household%20Intention%20Survey%20report%20April%202024_Gombe%20State.pdf,title:intention survey
518,2024,2024-04-15,Intention Surveys,North East,Borno,Nigeria — Borno - Intention Survey (April 2024),https://dtm.iom.int/reports/nigeria-borno-intention-survey-april-2024,https://dtm.iom.int/sites/g/files/tmzbdl1461/files/reports/DTM%20Nigeria%20-%20Household%20Intention%20Survey%20report%20April%202024%20-%20Borno%20State.pdf,title:intention survey
519,2024,2024-04-15,Intention Surveys,North East,Bauchi,Nigeria — Bauchi - Intention Survey (April 2024),https://dtm.iom.int/reports/nigeria-bauchi-intention-survey-april-2024,https://dtm.iom.int/sites/g/files/tmzbdl1461/files/reports/DTM%20Nigeria%20-%20Household%20Intention%20Survey%20report%20April%202024_Bauchi%20State.pdf,title:intention survey
520,2024,2024-04-15,Intention Surveys,North East,Adamawa,Nigeria — Adamawa - Intention Survey (April 2024),https://dtm.iom.int/reports/nigeria-adamawa-intention-survey-april-2024,https://dtm.iom.int/sites/g/files/tmzbdl1461/files/reports/DTM%20Nigeria%20-%20Household%20Intention%20Survey%20report%20April%202024_Adamawa%20State.pdf,title:intention survey
521,2024,2024-04-12,Emergency Tracking Tool (ETT),North East,Adamawa; Borno,Nigeria — Emergency Tracking Tool Report 374 (1 - 7 April 2024),https://dtm.iom.int/reports/nigeria-emergency-tracking-tool-report-374-1-7-april-2024,https://dtm.iom.int/sites/g/files/tmzbdl1461/files/reports/IOM%20Nigeria%20DTM%20Emergency%20Tracking%20Tool%20%28ETT%29%20Report%20No.%20374_final.pdf,title:emergency tracking tool
522,2024,2024-04-09,Transhumance Flow Monitoring Report,North West,Kaduna; Katsina,Nigeria — Transhumance Tracking Tool Report — Flow Monitoring Dashboard 1 — Kaduna and Katsina states (October - December 2023),https://dtm.iom.int/reports/nigeria-transhumance-tracking-tool-report-flow-monitoring-dashboard-1-kaduna-and-katsina,https://dtm.iom.int/sites/g/files/tmzbdl1461/files/reports/TTT__Transhumance_Flow_Monitoring_Oct-Dec%202023_Final.pdf,title:transhumance
523,2024,2024-04-05,Incident / Flash Report,North Central; North West,Zamfara,Nigeria — North-central & North-west Flash Report 161 (25 - 31 March 2024),https://dtm.iom.int/reports/nigeria-north-central-north-west-flash-report-161-25-31-march-2024,https://dtm.iom.int/sites/g/files/tmzbdl1461/files/reports/IOM%20Nigeria%20Flash%20Report%20North-central%20and%20North-west%20161_final.pdf,title:flash report
524,2024,2024-04-05,Emergency Tracking Tool (ETT),North East,Adamawa; Borno,Nigeria — Emergency Tracking Tool Report 373 (25 - 31 March 2024),https://dtm.iom.int/reports/nigeria-emergency-tracking-tool-report-373-25-31-march-2024,https://dtm.iom.int/sites/g/files/tmzbdl1461/files/reports/IOM%20Nigeria%20DTM%20Emergency%20Tracking%20Tool%20%28ETT%29%20Report%20No.%20373_final.pdf,title:emergency tracking tool
525,2024,2024-04-04,Transhumance Flow Monitoring Report,North West,Kaduna; Katsina,Nigeria — Transhumance Tracking Tool Report — Flow Monitoring Dashboard 2 — Kaduna and Katsina states (January 2024),https://dtm.iom.int/reports/nigeria-transhumance-tracking-tool-report-flow-monitoring-dashboard-2-kaduna-and-katsina,https://dtm.iom.int/sites/g/files/tmzbdl1461/files/reports/TTT__Transhumance_Flow_Monitoring_January%202024_final.pdf,title:transhumance
526,2024,2024-03-30,Emergency Tracking Tool (ETT),North East,Adamawa; Borno,Nigeria — Emergency Tracking Tool Report 372 (18 - 24 March 2024),https://dtm.iom.int/reports/nigeria-emergency-tracking-tool-report-372-18-24-march-2024,https://dtm.iom.int/sites/g/files/tmzbdl1461/files/reports/IOM%20Nigeria%20DTM%20Emergency%20Tracking%20Tool%20%28ETT%29%20Report%20No.%20372_final.pdf,title:emergency tracking tool
527,2024,2024-03-28,Incident / Flash Report,North Central; North West,Kaduna; Zamfara,Nigeria — North-central & North-west Flash Report 160 (18 - 24 March 2024),https://dtm.iom.int/reports/nigeria-north-central-north-west-flash-report-160-18-24-march-2024,https://dtm.iom.int/sites/g/files/tmzbdl1461/files/reports/IOM%20Nigeria%20Flash%20Report%20North-central%20and%20North-west%20160__final.pdf,title:flash report
528,2024,2024-03-22,Early Warning & Early Response Dashboard,North West,Kaduna; Katsina,"Nigeria — Transhumance Tracking Tool Report — Early Warning Dashboard 7 — Kachia and Kaura LGAs, Kaduna State and Faskari and Kaita LGAs, Katsina State (February 2024)",https://dtm.iom.int/reports/nigeria-transhumance-tracking-tool-report-early-warning-dashboard-7-kachia-and-kaura-lgas,https://dtm.iom.int/sites/g/files/tmzbdl1461/files/reports/Nigeria%20%E2%80%94%20Transhumance%20Tracking%20Tool%20Report%20%E2%80%94%20Early%20Warning%20Dashboard%207%20February%202024%29%20-%20Kaduna%20and%20Katsina%20states%20PBF.pdf,title:early warning dashboard
529,2024,2024-03-22,Early Warning & Early Response Dashboard,North West,Katsina,"Nigeria — Transhumance Tracking Tool Report — Early Warning Dashboard 7 — Batsari, Dan musa, Jibia and Kankara LGAs, Katsina State (February 2024)",https://dtm.iom.int/reports/nigeria-transhumance-tracking-tool-report-early-warning-dashboard-7-batsari-dan-musa-jibia,https://dtm.iom.int/sites/g/files/tmzbdl1461/files/reports/Nigeria%20%E2%80%94%20Transhumance%20Tracking%20Tool%20Report%20%E2%80%94%20Early%20Warning%20Dashboard%207%20February%202024%29%20-%20Katsina%20EU.pdf,title:early warning dashboard
530,2024,2024-03-22,Emergency Tracking Tool (ETT),North East,Adamawa; Borno,Nigeria — Emergency Tracking Tool Report 371 (11 - 17 March 2024),https://dtm.iom.int/reports/nigeria-emergency-tracking-tool-report-371-11-17-march-2024,https://dtm.iom.int/sites/g/files/tmzbdl1461/files/reports/IOM%20Nigeria%20DTM%20Emergency%20Tracking%20Tool%20%28ETT%29%20Report%20No.%20371_final.pdf,title:emergency tracking tool
531,2024,2024-03-21,Incident / Flash Report,North Central; North West,Zamfara,Nigeria — North-central & North-west Flash Report 159 (11 - 17 March 2024),https://dtm.iom.int/reports/nigeria-north-central-north-west-flash-report-159-11-17-march-2024,https://dtm.iom.int/sites/g/files/tmzbdl1461/files/reports/IOM%20Nigeria%20Flash%20Report%20North-central%20and%20North-west%20159_final.pdf,title:flash report
532,2024,2024-03-18,Early Warning & Early Response Dashboard,North East,Adamawa; Taraba,Nigeria — Transhumance Tracking Tool Report — Early Warning Dashboard 22 — Adamawa and Taraba states (February 2024),https://dtm.iom.int/reports/nigeria-transhumance-tracking-tool-report-early-warning-dashboard-22-adamawa-and-taraba,https://dtm.iom.int/sites/g/files/tmzbdl1461/files/reports/Nigeria%20%E2%80%94%20Transhumance%20Tracking%20Tool%20Report%20%E2%80%94%20Early%20Warning%20Dashboard%2022%20%28February%202024%29.pdf,title:early warning dashboard
533,2024,2024-03-15,Emergency Tracking Tool (ETT),North East,Adamawa; Borno; Yobe,Nigeria — Emergency Tracking Tool Report 370 (4 - 10 March 2024),https://dtm.iom.int/reports/nigeria-emergency-tracking-tool-report-370-4-10-march-2024,https://dtm.iom.int/sites/g/files/tmzbdl1461/files/reports/IOM%20Nigeria%20DTM%20Emergency%20Tracking%20Tool%20%28ETT%29%20Report%20No.%20370_final.pdf,title:emergency tracking tool
534,2024,2024-03-14,Incident / Flash Report,North Central; North West,Benue,Nigeria — North-central & North-west Flash Report 158 (4 - 10 March 2024),https://dtm.iom.int/reports/nigeria-north-central-north-west-flash-report-158-4-10-march-2024,https://dtm.iom.int/sites/g/files/tmzbdl1461/files/reports/IOM%20Nigeria%20Flash%20Report%20North-central%20and%20North-west%20158_final.pdf,title:flash report
535,2024,2024-03-11,Mobility Tracking – IDP & Returnee Atlas,North Central; North West,Benue; Nasarawa; Plateau; Kano; Kaduna; Katsina; Sokoto; Zamfara,Nigeria — North-Central and North-West — Round 13 IDP Atlas (March 2024),https://dtm.iom.int/reports/nigeria-north-central-and-north-west-round-13-idp-atlas-march-2024,https://dtm.iom.int/sites/g/files/tmzbdl1461/files/reports/DTM%20Nigeria%20-%20IDP%20Atlas%20-%20NCNW%20Round%2013%20%28March%202024%29_Final.pdf,title:atlas
536,2024,2024-03-08,Emergency Tracking Tool (ETT),North East,Adamawa; Borno; Yobe,Nigeria — Emergency Tracking Tool Report 369 (26 February - 03 March 2024),https://dtm.iom.int/reports/nigeria-emergency-tracking-tool-report-369-26-february-03-march-2024,https://dtm.iom.int/sites/g/files/tmzbdl1461/files/reports/IOM%20Nigeria%20DTM%20Emergency%20Tracking%20Tool%20%28ETT%29%20Report%20No.%20369_final.pdf,title:emergency tracking tool
537,2024,2024-03-06,Incident / Flash Report,North East,Borno,Nigeria — North-east Jere LGA - Borno State Flash Report (2 March 2024),https://dtm.iom.int/reports/nigeria-north-east-jere-lga-borno-state-flash-report-2-march-2024,https://dtm.iom.int/sites/g/files/tmzbdl1461/files/reports/IOM%20Nigeria%20Flash%20Report%20North-east%20Muna%20El%20Badawy%2004%20March%202024_final.pdf,title:flash report
538,2024,2024-03-06,Incident / Flash Report,North Central; North West,Zamfara,Nigeria — North-central & North-west Flash Report 157 (26 February - 3 March 2024),https://dtm.iom.int/reports/nigeria-north-central-north-west-flash-report-157-26-february-3-march-2024,https://dtm.iom.int/sites/g/files/tmzbdl1461/files/reports/IOM%20Nigeria%20Flash%20Report%20North-central%20and%20North-west%20157_final.pdf,title:flash report
539,2024,2024-03-01,Emergency Tracking Tool (ETT),North East,Adamawa; Borno,Nigeria — Emergency Tracking Tool Report 368 (19 - 25 February 2024),https://dtm.iom.int/reports/nigeria-emergency-tracking-tool-report-368-19-25-february-2024,https://dtm.iom.int/sites/g/files/tmzbdl1461/files/reports/IOM%20Nigeria%20DTM%20Emergency%20Tracking%20Tool%20%28ETT%29%20Report%20No.%20368_final.pdf,title:emergency tracking tool
540,2024,2024-02-26,Incident / Flash Report,North Central; North West,Kaduna,Nigeria — North-central & North-west Flash Report 156 (19 - 25 February 2024),https://dtm.iom.int/reports/nigeria-north-central-north-west-flash-report-156-19-25-february-2024,https://dtm.iom.int/sites/g/files/tmzbdl1461/files/reports/IOM%20Nigeria%20Flash%20Report%20156%20NWNC%2026%20February%202024_final.pdf,title:flash report
541,2024,2024-02-23,Incident / Flash Report,North East; North Central,Bauchi; Plateau,Nigeria — North-central and North-east — Plateau and Bauchi States Flash Report (20 February 2024),https://dtm.iom.int/reports/nigeria-north-central-and-north-east-plateau-and-bauchi-states-flash-report-20-february,https://dtm.iom.int/sites/g/files/tmzbdl1461/files/reports/IOM%20Nigeria%20Flash%20Report%20Plateau%20-%20Bauchi%20February%202024_final.pdf,title:flash report
542,2024,2024-02-23,Emergency Tracking Tool (ETT),North East,Adamawa; Borno; Yobe,Nigeria — Emergency Tracking Tool Report 367 (12 - 18 February 2024),https://dtm.iom.int/reports/nigeria-emergency-tracking-tool-report-367-12-18-february-2024,https://dtm.iom.int/sites/g/files/tmzbdl1461/files/reports/IOM%20Nigeria%20DTM%20Emergency%20Tracking%20Tool%20%28ETT%29%20Report%20No.%20367_final.pdf,title:emergency tracking tool
543,2024,2024-02-22,Incident / Flash Report,North Central; North West,Benue; Nasarawa; Zamfara,Nigeria — North-central & North-west Flash Report 155 (12 - 18 February 2024),https://dtm.iom.int/reports/nigeria-north-central-north-west-flash-report-155-12-18-february-2024,https://dtm.iom.int/sites/g/files/tmzbdl1461/files/reports/IOM%20Nigeria%20Flash%20Report%20NCNW%2022%20February%202024_final.pdf,title:flash report
544,2024,2024-02-21,Early Warning & Early Response Dashboard,North West,Kaduna; Katsina,"Nigeria — Transhumance Tracking Tool Report — Early Warning Dashboard 6 — Kachia and Kaura LGAs, Kaduna State and Faskari and Kaita LGAs, Katsina State (January 2024)",https://dtm.iom.int/reports/nigeria-transhumance-tracking-tool-report-early-warning-dashboard-6-kachia-and-kaura-lgas,https://dtm.iom.int/sites/g/files/tmzbdl1461/files/reports/Nigeria%20%E2%80%94%20Transhumance%20Tracking%20Tool%20Report%20%E2%80%94%20Early%20Warning%20Dashboard%206%20%28January%202024%29%20-%20Kaduna%20and%20Katsina%20states%20PBF_final.pdf,title:early warning dashboard
545,2024,2024-02-21,Early Warning & Early Response Dashboard,North West,Katsina,"Nigeria — Transhumance Tracking Tool Report — Early Warning Dashboard 6 — Batsari, Dan musa, Jibia and Kankara LGAs, Katsina State (January 2024)",https://dtm.iom.int/reports/nigeria-transhumance-tracking-tool-report-early-warning-dashboard-6-batsari-dan-musa-jibia,https://dtm.iom.int/sites/g/files/tmzbdl1461/files/reports/Nigeria%20%E2%80%94%20Transhumance%20Tracking%20Tool%20Report%20%E2%80%94%20Early%20Warning%20Dashboard%206%20%28January%202024%29%20-%20Katsina%20EU_final.pdf,title:early warning dashboard
546,2024,2024-02-20,Incident / Flash Report,North East,Yobe,Nigeria — North-east Fika and Potiskum LGAs - Yobe State Flash Report (19 February 2024),https://dtm.iom.int/reports/nigeria-north-east-fika-and-potiskum-lgas-yobe-state-flash-report-19-february-2024,https://dtm.iom.int/sites/g/files/tmzbdl1461/files/reports/IOM%20Nigeria%20Flash%20Report%20NE%2019%20February%202024.v4_final.pdf,title:flash report
547,2024,2024-02-19,Early Warning & Early Response Dashboard,North East,Adamawa; Taraba,Nigeria — Transhumance Tracking Tool Report — Early Warning Dashboard 21 — Adamawa and Taraba states (January 2024),https://dtm.iom.int/reports/nigeria-transhumance-tracking-tool-report-early-warning-dashboard-21-adamawa-and-taraba,https://dtm.iom.int/sites/g/files/tmzbdl1461/files/reports/Nigeria%20%E2%80%94%20Transhumance%20Tracking%20Tool%20Report%20%E2%80%94%20Early%20Warning%20Dashboard%2021%20%28January%202024%29.pdf,title:early warning dashboard
548,2024,2024-02-16,Emergency Tracking Tool (ETT),North East,Adamawa; Borno; Yobe,Nigeria — Emergency Tracking Tool Report 366 (5 - 11 February 2024),https://dtm.iom.int/reports/nigeria-emergency-tracking-tool-report-366-5-11-february-2024,https://dtm.iom.int/sites/g/files/tmzbdl1461/files/reports/IOM%20Nigeria%20DTM%20Emergency%20Tracking%20Tool%20%28ETT%29%20Report%20No.%20366_final.pdf,title:emergency tracking tool
549,2024,2024-02-14,Mobility Tracking – IDP & Returnee Atlas,North East,,Nigeria — North-east — Mobility Tracking Round 46 IDP and Returnee Atlas (December 2023),https://dtm.iom.int/reports/nigeria-north-east-mobility-tracking-round-46-idp-and-returnee-atlas-december-2023,https://dtm.iom.int/sites/g/files/tmzbdl1461/files/reports/IDP%20and%20Returnee%20Atlas%20-%20December%202023%20R46_Final_updated.pdf,title:atlas
550,2024,2024-02-13,Incident / Flash Report,North East,Borno,Nigeria — North-east Mafa LGA - Borno State Flash Report (12 February 2024),https://dtm.iom.int/reports/nigeria-north-east-mafa-lga-borno-state-flash-report-12-february-2024,https://dtm.iom.int/sites/g/files/tmzbdl1461/files/reports/IOM%20Nigeria%20Flash%20Report%20NE%2012%20February%202024.%201%20%281%29.pdf,title:flash report
551,2024,2024-02-09,Incident / Flash Report,North East,Borno,Nigeria — North-east Konduga and Monguno LGAs - Borno State Flash Report (8 February 2024),https://dtm.iom.int/reports/nigeria-north-east-konduga-and-monguno-lgas-borno-state-flash-report-8-february-2024,https://dtm.iom.int/sites/g/files/tmzbdl1461/files/reports/IOM%20Nigeria%20DTM%20Flash%20Report%20NE%20Monguno%20%26%20Konduga%20LGA%2C%20Borno%20%20State.%2008%20February%202024_final.pdf,title:flash report
552,2024,2024-02-09,Emergency Tracking Tool (ETT),North East,Adamawa; Borno,Nigeria — Emergency Tracking Tool Report 365 (29 January - 4 February 2024),https://dtm.iom.int/reports/nigeria-emergency-tracking-tool-report-365-29-january-4-february-2024,https://dtm.iom.int/sites/g/files/tmzbdl1461/files/reports/IOM%20Nigeria%20DTM%20Emergency%20Tracking%20Tool%20%28ETT%29%20Report%20No.%20365_final.pdf,title:emergency tracking tool
553,2024,2024-02-06,Incident / Flash Report,North East,Yobe,Nigeria — North-east Damaturu and Geidam LGAs - Yobe State Flash Report (5 February 2024),https://dtm.iom.int/reports/nigeria-north-east-damaturu-and-geidam-lgas-yobe-state-flash-report-5-february-2024,https://dtm.iom.int/sites/g/files/tmzbdl1461/files/reports/IOM%20Nigeria%20Flash%20Report%20NE%2005%20February%202024._final.pdf,title:flash report
554,2024,2024-02-02,Emergency Tracking Tool (ETT),North East,Adamawa; Borno,Nigeria — Emergency Tracking Tool Report 364 (22 - 28 January 2024),https://dtm.iom.int/reports/nigeria-emergency-tracking-tool-report-364-22-28-january-2024,https://dtm.iom.int/sites/g/files/tmzbdl1461/files/reports/IOM%20Nigeria%20DTM%20Emergency%20Tracking%20Tool%20%28ETT%29%20Report%20No.%20364_final.pdf,title:emergency tracking tool
555,2024,2024-01-31,Incident / Flash Report,North East,Yobe,"Nigeria — North-east Damaturu, Geidam, Gujba LGAs - Yobe State Flash Report (29 January 2024)",https://dtm.iom.int/reports/nigeria-north-east-damaturu-geidam-gujba-lgas-yobe-state-flash-report-29-january-2024,https://dtm.iom.int/sites/g/files/tmzbdl1461/files/reports/IOM%20Nigeria%20Flash%20Report%20NE%2029%20January%202024_final.pdf,title:flash report
556,2024,2024-01-26,Emergency Tracking Tool (ETT),North East,Adamawa; Borno,Nigeria — Emergency Tracking Tool Report 363 (15 - 21 January 2024),https://dtm.iom.int/reports/nigeria-emergency-tracking-tool-report-363-15-21-january-2024,https://dtm.iom.int/sites/g/files/tmzbdl1461/files/reports/IOM%20Nigeria%20DTM%20Emergency%20Tracking%20Tool%20%28ETT%29%20Report%20No.%20363_final.pdf,title:emergency tracking tool
557,2024,2024-01-25,Incident / Flash Report,North East,Borno,Nigeria — North-east Monguno LGA - Borno State Flash Report (23 January 2024),https://dtm.iom.int/reports/nigeria-north-east-monguno-lga-borno-state-flash-report-23-january-2024,https://dtm.iom.int/sites/g/files/tmzbdl1461/files/reports/IOM%20Nigeria%20DTM%20Flash%20Report%20NE%20Monguno%20LGA%2C%20Borno%20%20State.%2023%20January%202024.pdf,title:flash report
558,2024,2024-01-22,Early Warning & Early Response Dashboard,North West,Kaduna; Katsina,"Nigeria — Transhumance Tracking Tool Report — Early Warning Dashboard 5 — Kachia and Kaura LGAs, Kaduna State and Faskari and Kaita LGAs, Katsina State (December 2023)",https://dtm.iom.int/reports/nigeria-transhumance-tracking-tool-report-early-warning-dashboard-5-kachia-and-kaura-lgas,https://dtm.iom.int/sites/g/files/tmzbdl1461/files/reports/Nigeria%20%E2%80%94%20Transhumance%20Tracking%20Tool%20Report%20%E2%80%94%20Early%20Warning%20Dashboard%205%20%28December%202023%29%20-%20Kaduna%20and%20Katsina%20states%20PBF_final.pdf,title:early warning dashboard
559,2024,2024-01-22,Early Warning & Early Response Dashboard,North West,Katsina,"Nigeria — Transhumance Tracking Tool Report — Early Warning Dashboard 5 — Batsari, Dan musa, Jibia and Kankara LGAs, Katsina State (December 2023)",https://dtm.iom.int/reports/nigeria-transhumance-tracking-tool-report-early-warning-dashboard-5-batsari-dan-musa-jibia,https://dtm.iom.int/sites/g/files/tmzbdl1461/files/reports/Nigeria%20%E2%80%94%20Transhumance%20Tracking%20Tool%20Report%20%E2%80%94%20Early%20Warning%20Dashboard%205%20%28December%202023%29%20-%20Katsina%20State%20EU_final.pdf,title:early warning dashboard
560,2024,2024-01-22,Incident / Flash Report,North East,Borno,"Nigeria — North East Kaga, Mafa & Ngala LGAs - Borno State Flash Report (18 January 2024)",https://dtm.iom.int/reports/nigeria-north-east-kaga-mafa-ngala-lgas-borno-state-flash-report-18-january-2024,https://dtm.iom.int/sites/g/files/tmzbdl1461/files/reports/IOM%20Nigeria%20DTM%20Flash%20Report%20NE%20Borno%20State%2018%20January%202024.pdf,title:flash report
561,2024,2024-01-19,Emergency Tracking Tool (ETT),North East,Adamawa; Borno,Nigeria — Emergency Tracking Tool Report 362 (8 — 14 January 2024),https://dtm.iom.int/reports/nigeria-emergency-tracking-tool-report-362-8-14-january-2024,https://dtm.iom.int/sites/g/files/tmzbdl1461/files/reports/IOM%20Nigeria%20DTM%20Emergency%20Tracking%20Tool%20%28ETT%29%20Report%20No.%20362_final.pdf,title:emergency tracking tool
562,2024,2024-01-18,Early Warning & Early Response Dashboard,North West,Kaduna; Katsina,"Nigeria — Transhumance Tracking Tool Report — Early Warning Dashboard 4 — Kachia and Kaura LGAs, Kaduna State and Faskari and Kaita LGAs, Katsina State (November 2023)",https://dtm.iom.int/reports/nigeria-transhumance-tracking-tool-report-early-warning-dashboard-4-kachia-and-kaura-lgas,https://dtm.iom.int/sites/g/files/tmzbdl1461/files/reports/Nigeria%20%E2%80%94%20Transhumance%20Tracking%20Tool%20Report%20%E2%80%94%20Early%20Warning%20Dashboard%204%20%28November%202023%29%20-%20Kaduna%20and%20Katsina%20states%20PBF.pdf,title:early warning dashboard
563,2024,2024-01-18,Early Warning & Early Response Dashboard,North West,Katsina,"Nigeria — Transhumance Tracking Tool Report — Early Warning Dashboard 4 — Batsari, Dan musa, Jibia and Kankara LGAs, Katsina State (November 2023)",https://dtm.iom.int/reports/nigeria-transhumance-tracking-tool-report-early-warning-dashboard-4-batsari-dan-musa-jibia,https://dtm.iom.int/sites/g/files/tmzbdl1461/files/reports/Nigeria%20%E2%80%94%20Transhumance%20Tracking%20Tool%20Report%20%E2%80%94%20Early%20Warning%20Dashboard%204%20%28November%202023%29%20-%20Katsina%20State%20EU.pdf,title:early warning dashboard
564,2024,2024-01-17,Early Warning & Early Response Dashboard,North East,Adamawa; Taraba,Nigeria — Transhumance Tracking Tool Report — Early Warning Dashboard 20 — Adamawa and Taraba states (December 2023),https://dtm.iom.int/reports/nigeria-transhumance-tracking-tool-report-early-warning-dashboard-20-adamawa-and-taraba,https://dtm.iom.int/sites/g/files/tmzbdl1461/files/reports/Nigeria%20%E2%80%94%20Transhumance%20Tracking%20Tool%20Report%20%E2%80%94%20Early%20Warning%20Dashboard%2020%20%28December%202023%29.pdf,title:early warning dashboard
565,2024,2024-01-12,Incident / Flash Report,North East,Adamawa; Borno,Nigeria — North-east - Adamawa and Borno State Flash Report (12 January 2024),https://dtm.iom.int/reports/nigeria-north-east-adamawa-and-borno-state-flash-report-12-january-2024,https://dtm.iom.int/sites/g/files/tmzbdl1461/files/reports/IOM%20Nigeria%20Flash%20Report%20Adamawa%20and%20Borno%20State%2012%20January%202024.pdf,title:flash report
566,2024,2024-01-12,Emergency Tracking Tool (ETT),North East,Adamawa; Borno; Yobe,Nigeria — Emergency Tracking Tool Report 361 (1 — 7 January 2024),https://dtm.iom.int/reports/nigeria-emergency-tracking-tool-report-361-1-7-january-2024,https://dtm.iom.int/sites/g/files/tmzbdl1461/files/reports/IOM%20%20Nigeria%20DTM%20Emergency%20Tracking%20Tool%20%28ETT%29%20Report%20No.%20361_final%20%281-7%20January%202024%29_0.pdf,title:emergency tracking tool
567,2024,2024-01-10,Mobility Tracking – IDP & Returnee Atlas,North East,Adamawa; Borno; Yobe; Gombe; Taraba; Bauchi,Nigeria — North-East — Displacement Factsheet 46 (December 2023),https://dtm.iom.int/reports/nigeria-north-east-displacement-factsheet-46-december-2023,https://dtm.iom.int/sites/g/files/tmzbdl1461/files/reports/Round%2046%20-%20Factsheet%20final.pdf,title:displacement factsheet
568,2024,2024-01-05,Emergency Tracking Tool (ETT),North East,Adamawa; Borno,Nigeria — Emergency Tracking Tool Report 360 (25 — 31 December 2023),https://dtm.iom.int/reports/nigeria-emergency-tracking-tool-report-360-25-31-december-2023,https://dtm.iom.int/sites/g/files/tmzbdl1461/files/reports/IOM%20Nigeria%20DTM%20Emergency%20Tracking%20Tool%20%28ETT%29%20Report%20No.%20360_final.pdf,title:emergency tracking tool
569,2024,2024-01-04,Mobility Tracking – IDP & Returnee Atlas,North Central; North West,Benue; Nasarawa; Plateau; Kano; Kaduna; Katsina; Sokoto; Zamfara,Nigeria — North-Central and North-West Displacement Report 12 (December 2023),https://dtm.iom.int/reports/nigeria-north-central-and-north-west-displacement-report-12-december-2023,https://dtm.iom.int/sites/g/files/tmzbdl1461/files/reports/DTM%20Nigeria%20-%20Round%2012%20NWNC%20-%20Needs%20Monitoring%20Report_Final_17_05_2024.pdf,title:displacement report
570,2024,2024-01-04,Mobility Tracking – Needs Monitoring,North Central; North West,Benue; Nasarawa; Plateau; Kano; Kaduna; Katsina; Sokoto; Zamfara,Nigeria — Needs Monitoring — Round 12 NWNC - Needs Monitoring Report,https://dtm.iom.int/reports/nigeria-north-central-and-north-west-displacement-report-12-december-2023#needs-monitoring-1,https://dtm.iom.int/sites/g/files/tmzbdl1461/files/reports/DTM%20Nigeria%20-%20Round%2012%20NWNC%20-%20Needs%20Monitoring%20Report_Final_17_05_2024.pdf,attached file: Round 12 NWNC - Needs Monitoring Report
571,2024,2024-01-03,Biometric Registration Report,North Central,Benue,Nigeria — Biometric Registration Update Report 3 Benue State (1 January 2024),https://dtm.iom.int/reports/nigeria-biometric-registration-update-report-3-benue-state-1-january-2024,https://dtm.iom.int/sites/g/files/tmzbdl1461/files/reports/Biometric%20Registration%20Report%20Benue%20State_01%20January%202024_Final.pdf,title:biometric
572,2024,2024-01-03,Incident / Flash Report,North Central,Plateau,"Nigeria — Attacks Flash Report Bokkos LGA, Plateau State (1 January 2024)",https://dtm.iom.int/reports/nigeria-attacks-flash-report-bokkos-lga-plateau-state-1-january-2024,https://dtm.iom.int/sites/g/files/tmzbdl1461/files/reports/IOM%20Nigeria%20Flash%20Report%20-%20Bokkos%20LGA%20Attacks%2C%20Plateau%20State%2001%20January%202024.pdf,title:flash report
573,2023,2023-12-29,Emergency Tracking Tool (ETT),North East,Adamawa; Borno,Nigeria — Emergency Tracking Tool Report 359 (18 — 24 December 2023),https://dtm.iom.int/reports/nigeria-emergency-tracking-tool-report-359-18-24-december-2023,https://dtm.iom.int/sites/g/files/tmzbdl1461/files/reports/IOM%20Nigeria%20DTM%20Emergency%20Tracking%20Tool%20%28ETT%29%20Report%20No.%20359_final.pdf,title:emergency tracking tool
574,2023,2023-12-22,Emergency Tracking Tool (ETT),North East,Adamawa; Borno,Nigeria — Emergency Tracking Tool Report 358 (11 - 17 December 2023),https://dtm.iom.int/reports/nigeria-emergency-tracking-tool-report-358-11-17-december-2023,https://dtm.iom.int/sites/g/files/tmzbdl1461/files/reports/IOM%20Nigeria%20DTM%20Emergency%20Tracking%20Tool%20%28ETT%29%20Report%20No.%20358.pdf,title:emergency tracking tool
575,2023,2023-12-21,Early Warning & Early Response Dashboard,North East,Adamawa; Taraba,Nigeria — Transhumance Tracking Tool Report — Early Warning Dashboard 19 (November 2023),https://dtm.iom.int/reports/nigeria-transhumance-tracking-tool-report-early-warning-dashboard-19-november-2023,https://dtm.iom.int/sites/g/files/tmzbdl1461/files/reports/Nigeria%20%E2%80%94%20Transhumance%20Tracking%20Tool%20Report%20%E2%80%94%20Early%20Warning%20Dashboard%2019%20%28November%202023%29.pdf,title:early warning dashboard
576,2023,2023-12-15,Emergency Tracking Tool (ETT),North East,Adamawa; Borno,Nigeria — Emergency Tracking Tool Report 357 (4 - 10 December 2023),https://dtm.iom.int/reports/nigeria-emergency-tracking-tool-report-357-4-10-december-2023,https://dtm.iom.int/sites/g/files/tmzbdl1461/files/reports/IOM%20Nigeria%20DTM%20Emergency%20Tracking%20Tool%20%28ETT%29%20Report%20No.%20357.pdf,title:emergency tracking tool
577,2023,2023-12-08,Emergency Tracking Tool (ETT),North East,Adamawa; Borno,Nigeria — Emergency Tracking Tool Report 356 (27 November - 3 December 2023),https://dtm.iom.int/reports/nigeria-emergency-tracking-tool-report-356-27-november-3-december-2023,https://dtm.iom.int/sites/g/files/tmzbdl1461/files/reports/IOM%20Nigeria%20DTM%20Emergency%20Tracking%20Tool%20%28ETT%29%20Report%20No.%20356.pdf,title:emergency tracking tool
578,2023,2023-12-08,Biometric Registration Report,North Central,Benue,Nigeria — Biometric Registration Update Report 2 Benue State (1 December 2023),https://dtm.iom.int/reports/nigeria-biometric-registration-update-report-2-benue-state-1-december-2023,https://dtm.iom.int/sites/g/files/tmzbdl1461/files/reports/Biometric%20Registration%20Report%20Benue%20State_01%20December%202023_Final.pdf,title:biometric
579,2023,2023-12-01,Emergency Tracking Tool (ETT),North East,Adamawa; Borno,Nigeria — Emergency Tracking Tool Report 355 (20 - 26 November 2023),https://dtm.iom.int/reports/nigeria-emergency-tracking-tool-report-355-20-26-november-2023,https://dtm.iom.int/sites/g/files/tmzbdl1461/files/reports/IOM%20Nigeria%20DTM%20Emergency%20Tracking%20Tool%20%28ETT%29%20Report%20No.%20355.pdf,title:emergency tracking tool
580,2023,2023-11-24,Emergency Tracking Tool (ETT),North East,Adamawa; Borno,Nigeria — Emergency Tracking Tool Report 354 (13 - 19 November 2023),https://dtm.iom.int/reports/nigeria-emergency-tracking-tool-report-354-13-19-november-2023,https://dtm.iom.int/sites/g/files/tmzbdl1461/files/reports/IOM%20Nigeria%20DTM%20Emergency%20Tracking%20Tool%20%28ETT%29%20Report%20No.%20354.pdf,title:emergency tracking tool
581,2023,2023-11-23,Early Warning & Early Response Dashboard,North West,Kaduna; Katsina,"Nigeria — Transhumance Tracking Tool Report — Early Warning Dashboard 3 — Kachia and Kaura LGAs, Kaduna State and Faskari and Kaita LGAs, Katsina State (October 2023)",https://dtm.iom.int/reports/nigeria-transhumance-tracking-tool-report-early-warning-dashboard-3-kachia-and-kaura-lgas,https://dtm.iom.int/sites/g/files/tmzbdl1461/files/reports/Nigeria%20%E2%80%94%20Transhumance%20Tracking%20Tool%20Report%20%E2%80%94%20Early%20Warning%20Dashboard%203%20%28October%202023%29%20Kaduna%20and%20Katsina%20states%20PBF_final.pdf,title:early warning dashboard
582,2023,2023-11-23,Early Warning & Early Response Dashboard,North West,Katsina,"Nigeria — Transhumance Tracking Tool Report — Early Warning Dashboard 3 — Batsari, Dan musa, Jibia and Kankara LGAs, Katsina State (October 2023)",https://dtm.iom.int/reports/nigeria-transhumance-tracking-tool-report-early-warning-dashboard-3-batsari-dan-musa-jibia,https://dtm.iom.int/sites/g/files/tmzbdl1461/files/reports/Nigeria%20%E2%80%94%20Transhumance%20Tracking%20Tool%20Report%20%E2%80%94%20Early%20Warning%20Dashboard%203%20%28October%202023%29%20%20Katsina%20State%20EU_final.pdf,title:early warning dashboard
583,2023,2023-11-21,Early Warning & Early Response Dashboard,,,Nigeria — Transhumance Tracking Tool Report — Early Warning Dashboard 18 (October 2023),https://dtm.iom.int/reports/nigeria-transhumance-tracking-tool-report-early-warning-dashboard-18-october-2023,https://dtm.iom.int/sites/g/files/tmzbdl1461/files/reports/Nigeria%20%E2%80%94%20Transhumance%20Tracking%20Tool%20Report%20%E2%80%94%20Early%20Warning%20Dashboard%2018%20%28October%202023%29.pdf,title:early warning dashboard
584,2023,2023-11-20,Incident / Flash Report,North East,Borno,Nigeria — Fire outbreak Flash Report Borno State (20 November 2023),https://dtm.iom.int/reports/nigeria-fire-outbreak-flash-report-borno-state-20-november-2023,https://dtm.iom.int/sites/g/files/tmzbdl1461/files/reports/IOM%20Nigeria%20DTM%20Flash%20Report%20NE%20Borno%20%20State%2020%20November%202023..pdf,title:flash report
585,2023,2023-11-17,Emergency Tracking Tool (ETT),North East,Borno,Nigeria — Emergency Tracking Tool Report 353 (6 - 12 November 2023),https://dtm.iom.int/reports/nigeria-emergency-tracking-tool-report-353-6-12-november-2023,https://dtm.iom.int/sites/g/files/tmzbdl1461/files/reports/IOM%20Nigeria%20DTM%20Emergency%20Tracking%20Tool%20%28ETT%29%20Report%20No.%20353.pdf,title:emergency tracking tool
586,2023,2023-11-14,Early Warning & Early Response Dashboard,North West,Kaduna; Katsina,"Nigeria — Transhumance Tracking Tool Report — Early Warning Dashboard 2 — Kachia and Kaura LGAs, Kaduna State and Faskari and Kaita LGAs, Katsina State (September 2023)",https://dtm.iom.int/reports/nigeria-transhumance-tracking-tool-report-early-warning-dashboard-2-kachia-and-kaura-lgas,https://dtm.iom.int/sites/g/files/tmzbdl1461/files/reports/Nigeria%20%20Transhumance%20Tracking%20Tool%20Report%20%20Early%20Warning%20Dashboard%202%20%28September%202023%29%20-%20Kaduna%20and%20Katsina%20states%20PBF_0.pdf,title:early warning dashboard
587,2023,2023-11-14,Early Warning & Early Response Dashboard,North West,Katsina,"Nigeria — Transhumance Tracking Tool Report — Early Warning Dashboard 2 — Batsari, Dan musa, Jibia and Kankara LGAs, Katsina State (September 2023)",https://dtm.iom.int/reports/nigeria-transhumance-tracking-tool-report-early-warning-dashboard-2-batsari-dan-musa-jibia,https://dtm.iom.int/sites/g/files/tmzbdl1461/files/reports/Nigeria%20%20Transhumance%20Tracking%20Tool%20Report%20%20Early%20Warning%20Dashboard%202%20%28September%202023%29%20-%20Katsina%20State%20EU_0.pdf,title:early warning dashboard
588,2023,2023-11-14,Biometric Registration Report,North Central,Benue,Nigeria — Biometric Registration Update Report 1 Benue State (1 November 2023),https://dtm.iom.int/reports/nigeria-biometric-registration-update-report-1-benue-state-1-november-2023,https://dtm.iom.int/sites/g/files/tmzbdl1461/files/reports/Progress%20Report%20on%20the%20IDPs%20Registration%20in%20Benue%20State_01_November%202023.pdf,title:biometric
589,2023,2023-11-13,Incident / Flash Report,North East,Borno,Nigeria — Fire outbreak Flash Report Borno State (13 November 2023),https://dtm.iom.int/reports/nigeria-fire-outbreak-flash-report-borno-state-13-november-2023,https://dtm.iom.int/sites/g/files/tmzbdl1461/files/reports/IOM%20Nigeria%20DTM%20Flash%20Report%20NE%20Borno%20%20State%2013%20November%202023..pdf,title:flash report
590,2023,2023-11-10,Emergency Tracking Tool (ETT),North East,Adamawa; Borno; Yobe,Nigeria — Emergency Tracking Tool Report 352 (30 October - 5 November 2023),https://dtm.iom.int/reports/nigeria-emergency-tracking-tool-report-352-30-october-5-november-2023,https://dtm.iom.int/sites/g/files/tmzbdl1461/files/reports/IOM%20Nigeria%20DTM%20Emergency%20Tracking%20Tool%20%28ETT%29%20Report%20No.%20352.pdf,title:emergency tracking tool
591,2023,2023-11-03,Emergency Tracking Tool (ETT),North East,Adamawa; Borno; Yobe,Nigeria — Emergency Tracking Tool Report 351 (23 - 29 October 2023),https://dtm.iom.int/reports/nigeria-emergency-tracking-tool-report-351-23-29-october-2023,https://dtm.iom.int/sites/g/files/tmzbdl1461/files/reports/IOM%20Nigeria%20DTM%20Emergency%20Tracking%20Tool%20%28ETT%29%20Report%20No.%20351.pdf,title:emergency tracking tool
592,2023,2023-10-27,Emergency Tracking Tool (ETT),North East,Adamawa; Borno,Nigeria — Emergency Tracking Tool Report 350 (16 - 22 October 2023),https://dtm.iom.int/reports/nigeria-emergency-tracking-tool-report-350-16-22-october-2023,https://dtm.iom.int/sites/g/files/tmzbdl1461/files/reports/IOM%20Nigeria%20DTM%20Emergency%20Tracking%20Tool%20%28ETT%29%20Report%20No.%20350.pdf,title:emergency tracking tool
593,2023,2023-10-20,Emergency Tracking Tool (ETT),North East,Adamawa; Borno,Nigeria — Emergency Tracking Tool Report 349 (9 - 15 October 2023),https://dtm.iom.int/reports/nigeria-emergency-tracking-tool-report-349-9-15-october-2023,https://dtm.iom.int/sites/g/files/tmzbdl1461/files/reports/IOM%20Nigeria%20DTM%20Emergency%20Tracking%20Tool%20%28ETT%29%20Report%20No.%20349.pdf,title:emergency tracking tool
594,2023,2023-10-19,Early Warning & Early Response Dashboard,,,Nigeria — Transhumance Tracking Tool Report — Early Warning Dashboard 17 (September 2023),https://dtm.iom.int/reports/nigeria-transhumance-tracking-tool-report-early-warning-dashboard-17-september-2023,https://dtm.iom.int/sites/g/files/tmzbdl1461/files/reports/Nigeria%20%E2%80%94%20Transhumance%20Tracking%20Tool%20Report%20%E2%80%94%20Early%20Warning%20Dashboard%2017%20%28September%202023%29.pdf,title:early warning dashboard
595,2023,2023-10-17,Incident / Flash Report,North East,Adamawa,Nigeria — Flood and Heavy Rainfall Flash Report Adamawa State (16 October 2023),https://dtm.iom.int/reports/nigeria-flood-and-heavy-rainfall-flash-report-adamawa-state-16-october-2023,https://dtm.iom.int/sites/g/files/tmzbdl1461/files/reports/IOM%20Nigeria%20DTM%20Flash%20Flood%20Report%20NE%20Adamawa%20State%2016th%20October%202023.pdf,title:flash report
596,2023,2023-10-16,Solutions Mobility Index / Stability Index,North East,Adamawa; Borno; Yobe,Nigeria — Stability Index Overview Round 3 (September 2023),https://dtm.iom.int/reports/nigeria-stability-index-overview-round-3-september-2023,https://dtm.iom.int/sites/g/files/tmzbdl1461/files/reports/R3%20NGA%20Stability%20Index%20%20Report___.pdf,title:stability index
597,2023,2023-10-13,Emergency Tracking Tool (ETT),North East,Adamawa; Borno,Nigeria — Emergency Tracking Tool Report 348 (2 - 8 October 2023),https://dtm.iom.int/reports/nigeria-emergency-tracking-tool-report-348-2-8-october-2023,https://dtm.iom.int/sites/g/files/tmzbdl1461/files/reports/IOM%20Nigeria%20DTM%20Emergency%20Tracking%20Tool%20%28ETT%29%20Report%20No.%20%20348.pdf,title:emergency tracking tool
598,2023,2023-10-05,Emergency Tracking Tool (ETT),North East,Adamawa,Nigeria — Emergency Tracking Tool Report 347 (25 September - 1 October 2023),https://dtm.iom.int/reports/nigeria-emergency-tracking-tool-report-347-25-september-1-october-2023,https://dtm.iom.int/sites/g/files/tmzbdl1461/files/reports/IOM%20Nigeria%20DTM%20Emergency%20Tracking%20Tool%20%28ETT%29%20Report%20No.%20%20347.pdf,title:emergency tracking tool
599,2023,2023-10-04,Incident / Flash Report,North East,Yobe,Nigeria — Flood and Heavy Rainfall Flash Report Yobe State (28 September 2023),https://dtm.iom.int/reports/nigeria-flood-and-heavy-rainfall-flash-report-yobe-state-28-september-2023,https://dtm.iom.int/sites/g/files/tmzbdl1461/files/reports/IOM%20Nigeria%20DTM%20Flash%20Report%20NE%20Yobe%20State%20October%202023.pdf,title:flash report
600,2023,2023-09-28,Emergency Tracking Tool (ETT),,,Nigeria — Emergency Tracking Tool Report 346 (18 - 24 September 2023),https://dtm.iom.int/reports/nigeria-emergency-tracking-tool-report-346-18-24-september-2023,https://dtm.iom.int/sites/g/files/tmzbdl1461/files/reports/IOM%20Nigeria%20DTM%20Emergency%20Tracking%20Tool%20%28ETT%29%20Report%20No.%20346.pdf,title:emergency tracking tool
601,2023,2023-09-26,Early Warning & Early Response Dashboard,,,Nigeria — Transhumance Tracking Tool Report — Early Warning Dashboard 16 (August 2023),https://dtm.iom.int/reports/nigeria-transhumance-tracking-tool-report-early-warning-dashboard-16-august-2023,https://dtm.iom.int/sites/g/files/tmzbdl1461/files/reports/Nigeria%20%E2%80%94%20Transhumance%20Tracking%20Tool%20Report%20%E2%80%94%20Early%20Warning%20Dashboard%2016%20%28August%202023%29.pdf,title:early warning dashboard
602,2023,2023-09-21,Emergency Tracking Tool (ETT),,,Nigeria — Emergency Tracking Tool Report 345 (11 - 17 September 2023),https://dtm.iom.int/reports/nigeria-emergency-tracking-tool-report-345-11-17-september-2023,https://dtm.iom.int/sites/g/files/tmzbdl1461/files/reports/IOM%20Nigeria%20DTM%20Emergency%20Tracking%20Tool%20%28ETT%29%20Report%20No.%20345.pdf,title:emergency tracking tool
603,2023,2023-09-21,Biometric Registration Report,North East,Adamawa,Nigeria — Biometric Registration Report Adamawa State — IDPs on the Solutions Pathway (20 September 2023),https://dtm.iom.int/reports/nigeria-biometric-registration-report-adamawa-state-idps-solutions-pathway-20-september,https://dtm.iom.int/sites/g/files/tmzbdl1461/files/reports/IOM%20Nigeria%20DTM%20Durable%20Solution%20location%20Biometric%20Registration%20Update%20Report%20Adamawa%2022%20September%202023.pdf,title:biometric
604,2023,2023-09-19,Mobility Tracking – IDP & Returnee Atlas,North East,,Nigeria — North-east — Mobility Tracking Round 45 IDP and Returnee Atlas (June 2023),https://dtm.iom.int/reports/nigeria-north-east-mobility-tracking-round-45-idp-and-returnee-atlas-june-2023,https://dtm.iom.int/sites/g/files/tmzbdl1461/files/reports/IDP%20and%20Returnee%20Atlas%20-%20June%202023%20R45%20final_updated.pdf,title:atlas
605,2023,2023-09-14,Emergency Tracking Tool (ETT),,,Nigeria — Emergency Tracking Tool Report 344 (4 - 10 September 2023),https://dtm.iom.int/reports/nigeria-emergency-tracking-tool-report-344-4-10-september-2023,https://dtm.iom.int/sites/g/files/tmzbdl1461/files/reports/IOM%20Nigeria%20DTM%20Emergency%20Tracking%20Tool%20%28ETT%29%20Report%20No.%20344v3.pdf,title:emergency tracking tool
606,2023,2023-09-13,Early Warning & Early Response Dashboard,North West,Kaduna; Katsina,"Nigeria — Transhumance Tracking Tool Report — Early Warning Dashboard 1 — Kachia and Kaura LGAs, Kaduna State and Faskari and Kaita LGAs, Katsina State (August 2023)",https://dtm.iom.int/reports/nigeria-transhumance-tracking-tool-report-early-warning-dashboard-1-kachia-and-kaura-lgas,https://dtm.iom.int/sites/g/files/tmzbdl1461/files/reports/Nigeria%20%E2%80%94%20Transhumance%20Tracking%20Tool%20Report%20%E2%80%94%20Early%20Warning%20Dashboard%201%20%28August%202023%29%20-%20Kaduna%20and%20Katsina%20states%20PBF.pdf,title:early warning dashboard
607,2023,2023-09-13,Early Warning & Early Response Dashboard,North West,Katsina,"Nigeria — Transhumance Tracking Tool Report — Early Warning Dashboard 1 — Batsari, Dan musa, Jibia and Kankara LGAs, Katsina State (August 2023)",https://dtm.iom.int/reports/nigeria-transhumance-tracking-tool-report-early-warning-dashboard-1-batsari-dan-musa-jibia,https://dtm.iom.int/sites/g/files/tmzbdl1461/files/reports/Nigeria%20%E2%80%94%20Transhumance%20Tracking%20Tool%20Report%20%E2%80%94%20Early%20Warning%20Dashboard%201%20%28August%202023%29%20-%20Katsina%20State%20EU.pdf,title:early warning dashboard
608,2023,2023-09-07,Emergency Tracking Tool (ETT),,,Nigeria — Emergency Tracking Tool Report 343 (28 August - 3 September 2023),https://dtm.iom.int/reports/nigeria-emergency-tracking-tool-report-343-28-august-3-september-2023,https://dtm.iom.int/sites/g/files/tmzbdl1461/files/reports/IOM%20Nigeria%20DTM%20Emergency%20Tracking%20Tool%20%28ETT%29%20Report%20No.%20343v2.pdf,title:emergency tracking tool
609,2023,2023-08-31,Emergency Tracking Tool (ETT),,,Nigeria — Emergency Tracking Tool Report 342 (21 - 27 August 2023),https://dtm.iom.int/reports/nigeria-emergency-tracking-tool-report-342-21-27-august-2023,https://dtm.iom.int/sites/g/files/tmzbdl1461/files/reports/IOM%20Nigeria%20DTM%20Emergency%20Tracking%20Tool%20%28ETT%29%20Report%20No.%20342%20v3.pdf,title:emergency tracking tool
610,2023,2023-08-24,Emergency Tracking Tool (ETT),,,Nigeria — Emergency Tracking Tool Report 341 (14 - 20 August 2023),https://dtm.iom.int/reports/nigeria-emergency-tracking-tool-report-341-14-20-august-2023,https://dtm.iom.int/sites/g/files/tmzbdl1461/files/reports/IOM%20Nigeria%20DTM%20Emergency%20Tracking%20Tool%20%28ETT%29%20Report%20No.%20341v3%20%282%29.pdf,title:emergency tracking tool
611,2023,2023-08-21,Early Warning & Early Response Dashboard,,,Nigeria — Transhumance Tracking Tool Report — Early Warning Dashboard #15 (July 2023),https://dtm.iom.int/reports/nigeria-transhumance-tracking-tool-report-early-warning-dashboard-15-july-2023,https://dtm.iom.int/sites/g/files/tmzbdl1461/files/reports/DRAFT_Dashboard_TTT_190823.pdf,title:early warning dashboard
612,2023,2023-08-17,Emergency Tracking Tool (ETT),,,Nigeria — Emergency Tracking Tool Report 340 (7 - 13 August 2023),https://dtm.iom.int/reports/nigeria-emergency-tracking-tool-report-340-7-13-august-2023,https://dtm.iom.int/sites/g/files/tmzbdl1461/files/reports/IOM%20Nigeria%20DTM%20Emergency%20Tracking%20Tool%20%28ETT%29%20Report%20No.%20340v2%20%281%29.pdf,title:emergency tracking tool
613,2023,2023-08-15,Incident / Flash Report,North East,Borno,"Nigeria — Heavy Rainfall Flash Report Ngala LGA, Borno State (11 August 2023)",https://dtm.iom.int/reports/nigeria-heavy-rainfall-flash-report-ngala-lga-borno-state-11-august-2023,https://dtm.iom.int/sites/g/files/tmzbdl1461/files/reports/IOM%20Nigeria%20DTM%20Flash%20Report%20NE-Ngala%20LGA%2CBorno%20State.%2011%20August%202023.pdf,title:flash report
614,2023,2023-08-11,Emergency Tracking Tool (ETT),,,Nigeria — Emergency Tracking Tool Report 339 (31 July - 6 August 2023),https://dtm.iom.int/reports/nigeria-emergency-tracking-tool-report-339-31-july-6-august-2023,https://dtm.iom.int/sites/g/files/tmzbdl1461/files/reports/IOM%20Nigeria%20DTM%20Emergency%20Tracking%20Tool%20%28ETT%29%20Report%20No.%20339v3.pdf,title:emergency tracking tool
615,2023,2023-08-09,Incident / Flash Report,North Central; North West,,Nigeria — North-central & North-west Flash Report 154 (31 July - 6 August 2023),https://dtm.iom.int/reports/nigeria-north-central-north-west-flash-report-154-31-july-6-august-2023,https://dtm.iom.int/sites/g/files/tmzbdl1461/files/reports/IOM%20Nigeria%20Flash%20Report%20154%20NCNW%20%208%20August%202023.pdf,title:flash report
616,2023,2023-08-04,Emergency Tracking Tool (ETT),,,Nigeria — Emergency Tracking Tool Report 338 (24 - 30 July 2023),https://dtm.iom.int/reports/nigeria-emergency-tracking-tool-report-338-24-30-july-2023,https://dtm.iom.int/sites/g/files/tmzbdl1461/files/reports/IOM%20Nigeria%20DTM%20Emergency%20Tracking%20Tool%20%28ETT%29%20Report%20No.%20338%20v2%20%281%29.pdf,title:emergency tracking tool
617,2023,2023-08-03,Incident / Flash Report,North Central; North West,Katsina; Zamfara,Nigeria — North-central & North-west Flash Report 153 (24 - 30 July 2023),https://dtm.iom.int/reports/nigeria-north-central-north-west-flash-report-153-24-30-july-2023,https://dtm.iom.int/sites/g/files/tmzbdl1461/files/reports/IOM%20Nigeria%20Flash%20Report%20153%20NCNW%20%201%20August%202023.pdf,title:flash report
618,2023,2023-07-27,Incident / Flash Report,North Central; North West,Zamfara,Nigeria — North-central & North-west Flash Report 152 (17 - 23 July 2023),https://dtm.iom.int/reports/nigeria-north-central-north-west-flash-report-152-17-23-july-2023,https://dtm.iom.int/sites/g/files/tmzbdl1461/files/reports/IOM%20Nigeria%20Flash%20Report%20152%20NCNW%20%2025%20July%202023.pdf,title:flash report
619,2023,2023-07-27,Emergency Tracking Tool (ETT),,,Nigeria — Emergency Tracking Tool Report 337 (17 - 23 July 2023),https://dtm.iom.int/reports/nigeria-emergency-tracking-tool-report-337-17-23-july-2023,https://dtm.iom.int/sites/g/files/tmzbdl1461/files/reports/IOM%20Nigeria%20DTM%20Emergency%20Tracking%20Tool%20%28ETT%29%20Report%20No.%20337%20%282%29.pdf,title:emergency tracking tool
620,2023,2023-07-25,Biometric Registration Report,North East,Adamawa,"Nigeria — Biometric Registration Report Malkohi New City, Adamawa State — IDPs on the Solutions Pathway (20 July 2023)",https://dtm.iom.int/reports/nigeria-biometric-registration-report-malkohi-new-city-adamawa-state-idps-solutions-pathway,https://dtm.iom.int/sites/g/files/tmzbdl1461/files/reports/IOM%20Nigeria%20DTM%20Biometric%20Registration%20Update%20Report%20Malkohi%20New%20City%2024%20July%202023.pdf,title:biometric
621,2023,2023-07-20,Emergency Tracking Tool (ETT),,,Nigeria — Emergency Tracking Tool Report 336 (10 - 16 July 2023),https://dtm.iom.int/reports/nigeria-emergency-tracking-tool-report-336-10-16-july-2023,https://dtm.iom.int/sites/g/files/tmzbdl1461/files/reports/IOM%20Nigeria%20DTM%20Emergency%20Tracking%20Tool%20%28ETT%29%20Report%20No.%20336.pdf,title:emergency tracking tool
622,2023,2023-07-19,Incident / Flash Report,North Central; North West,Sokoto; Zamfara,Nigeria — North-central & North-west Flash Report 151 (10 - 16 July 2023),https://dtm.iom.int/reports/nigeria-north-central-north-west-flash-report-151-10-16-july-2023,https://dtm.iom.int/sites/g/files/tmzbdl1461/files/reports/IOM%20Nigeria%20Flash%20Report%20151%20NCNW%20%2018%20July%202023.pdf,title:flash report
623,2023,2023-07-18,Early Warning & Early Response Dashboard,North East,Adamawa; Taraba,Nigeria — Transhumance Tracking Tool Report — Early Warning Dashboard 14 (June 2023),https://dtm.iom.int/reports/nigeria-transhumance-tracking-tool-report-early-warning-dashboard-14-june-2023,https://dtm.iom.int/sites/g/files/tmzbdl1461/files/reports/Nigeria%20%E2%80%94%20Transhumance%20Tracking%20Tool%20Report%20%E2%80%94%20Early%20Warning%20Dashboard%2014%20%28June%202023%29.pdf,title:early warning dashboard
624,2023,2023-07-14,Emergency Tracking Tool (ETT),,,Nigeria — Emergency Tracking Tool Report 335 (3 - 9 July 2023),https://dtm.iom.int/reports/nigeria-emergency-tracking-tool-report-335-3-9-july-2023,https://dtm.iom.int/sites/g/files/tmzbdl1461/files/reports/IOM%20Nigeria%20DTM%20Emergency%20Tracking%20Tool%20%28ETT%29%20Report%20No.%20335.pdf,title:emergency tracking tool
625,2023,2023-07-12,Incident / Flash Report,North Central; North West,Katsina,Nigeria — North-central & North-west Flash Report 150 (03 - 09 July 2023),https://dtm.iom.int/reports/nigeria-north-central-north-west-flash-report-150-03-09-july-2023,https://dtm.iom.int/sites/g/files/tmzbdl1461/files/reports/IOM%20Nigeria%20Flash%20Report%20150%20NCNW%20%2010%20July%202023.pdf,title:flash report
626,2023,2023-07-06,Emergency Tracking Tool (ETT),,,Nigeria — Emergency Tracking Tool Report 334 (26 June - 2 July 2023),https://dtm.iom.int/reports/nigeria-emergency-tracking-tool-report-334-26-june-2-july-2023,https://dtm.iom.int/sites/g/files/tmzbdl1461/files/reports/IOM%20Nigeria%20DTM%20Emergency%20Tracking%20Tool%20%28ETT%29%20Report%20No.%20334.pdf,title:emergency tracking tool
627,2023,2023-06-29,Emergency Tracking Tool (ETT),,,Nigeria — Emergency Tracking Tool Report 333 (19 - 25 June 2023),https://dtm.iom.int/reports/nigeria-emergency-tracking-tool-report-333-19-25-june-2023,https://dtm.iom.int/sites/g/files/tmzbdl1461/files/reports/IOM%20Nigeria%20DTM%20Emergency%20Tracking%20Tool%20%28ETT%29%20Report%20No.%20333%20V2.pdf,title:emergency tracking tool
628,2023,2023-06-26,Incident / Flash Report,North East,Borno,Nigeria — Flood and Heavy Rainfall Flash Report Borno State (26 June 2023),https://dtm.iom.int/reports/nigeria-flood-and-heavy-rainfall-flash-report-borno-state-26-june-2023,https://dtm.iom.int/sites/g/files/tmzbdl1461/files/reports/IOM%20Nigeria%20DTM%20Flash%20Report%20NE%20MMC%20%26%20Mafa%20LGA%20Borno%20State.%2026%20June%202023.pdf,title:flash report
629,2023,2023-06-23,Incident / Flash Report,North Central; North West,Benue; Katsina,Nigeria — North-central & North-west Flash Report 149 (12 - 18 June 2023),https://dtm.iom.int/reports/nigeria-north-central-north-west-flash-report-149-12-18-june-2023,https://dtm.iom.int/sites/g/files/tmzbdl1461/files/reports/IOM%20Nigeria%20Flash%20Report%20NCNW%20%20149%20%2820%20June%202023%29.pdf,title:flash report
630,2023,2023-06-23,Emergency Tracking Tool (ETT),North East,Adamawa; Borno,Nigeria — Emergency Tracking Tool Report 332 (12 - 18 June 2023),https://dtm.iom.int/reports/nigeria-emergency-tracking-tool-report-332-12-18-june-2023,https://dtm.iom.int/sites/g/files/tmzbdl1461/files/reports/IOM%20Nigeria%20DTM%20Emergency%20Tracking%20Tool%20%28ETT%29%20Report%20No.%20332%20%2812%20-%2018%20June%202023%29.pdf,title:emergency tracking tool
631,2023,2023-06-19,Early Warning & Early Response Dashboard,North East,Adamawa; Taraba,Nigeria — Transhumance Tracking Tool Report — Early Warning Dashboard 13 (May 2023),https://dtm.iom.int/reports/nigeria-transhumance-tracking-tool-report-early-warning-dashboard-13-may-2023,https://dtm.iom.int/sites/g/files/tmzbdl1461/files/reports/Nigeria%20%E2%80%94%20Transhumance%20Tracking%20Tool%20Report%20%E2%80%94%20Early%20Warning%20Dashboard%2013%20%28May%202023%29.pdf,title:early warning dashboard
632,2023,2023-06-19,Emergency Tracking Tool (ETT),,,Nigeria — Emergency Tracking Tool Report 331 (5 - 11 June 2023),https://dtm.iom.int/reports/nigeria-emergency-tracking-tool-report-331-5-11-june-2023,https://dtm.iom.int/sites/g/files/tmzbdl1461/files/reports/IOM%20Nigeria%20DTM%20Emergency%20Tracking%20Tool%20%28ETT%29%20Report%20No.%20331%20%285%20-%2011%20June%202023%29.pdf,title:emergency tracking tool
633,2023,2023-06-16,Incident / Flash Report,North Central; North West,Benue,Nigeria — North-central & North-west Flash Report 148 (05 - 11 June 2023),https://dtm.iom.int/reports/nigeria-north-central-north-west-flash-report-148-05-11-june-2023,https://dtm.iom.int/sites/g/files/tmzbdl1461/files/reports/IOM%20Nigeria%20Flash%20Report%20NCNW%20148%20%2813%20June%202023%29.pdf,title:flash report
634,2023,2023-06-15,Transhumance Flow Monitoring Report,North West,Kaduna; Katsina,"Nigeria — Transhumance Tracking Tool Report — Baseline Mapping — Kachia and Kaura LGAs, Kaduna State and Faskari and Kaita LGAs, Katsina State (June 2023)",https://dtm.iom.int/reports/nigeria-transhumance-tracking-tool-report-baseline-mapping-kachia-and-kaura-lgas-kaduna,https://dtm.iom.int/sites/g/files/tmzbdl1461/files/reports/TTT%20-%20Baseline%20and%20Facility%20Mapping%20%28June%202023%29%20PBF.pdf,title:transhumance
635,2023,2023-06-15,Transhumance Flow Monitoring Report,North West,Katsina,"Nigeria — Transhumance Tracking Tool Report — Baseline Mapping — Batsari, Dan musa, Jibia and Kankara LGAs, Katsina State (June 2023)",https://dtm.iom.int/reports/nigeria-transhumance-tracking-tool-report-baseline-mapping-batsari-dan-musa-jibia-and,https://dtm.iom.int/sites/g/files/tmzbdl1461/files/reports/TTT%20-%20Baseline%20and%20Facility%20Mapping%20%28June%202023%29%20EU.pdf,title:transhumance
636,2023,2023-06-09,Incident / Flash Report,North Central; North West,Katsina; Sokoto,Nigeria — North-central & North-west Flash Report 147 (29 May - 4 June 2023),https://dtm.iom.int/reports/nigeria-north-central-north-west-flash-report-147-29-may-4-june-2023,https://dtm.iom.int/sites/g/files/tmzbdl1461/files/reports/IOM%20Nigeria%20Flash%20Report%20NCNW%20147%206%20June%202023_final.pdf,title:flash report
637,2023,2023-06-09,Emergency Tracking Tool (ETT),,,Nigeria — Emergency Tracking Tool Report 330 (29 May - 4 June 2023),https://dtm.iom.int/reports/nigeria-emergency-tracking-tool-report-330-29-may-4-june-2023,https://dtm.iom.int/sites/g/files/tmzbdl1461/files/reports/IOM%20Nigeria%20DTM%20Emergency%20Tracking%20Tool%20%28ETT%29%20Report%20No.%20330.pdf,title:emergency tracking tool
638,2023,2023-06-07,Incident / Flash Report,North Central; North West,Nasarawa; Zamfara,Nigeria — North-central & North-west Flash Report 146 (22 - 28 May 2023),https://dtm.iom.int/reports/nigeria-north-central-north-west-flash-report-146-22-28-may-2023,https://dtm.iom.int/sites/g/files/tmzbdl1461/files/reports/IOM%20Nigeria%20Flash%20Report%20NCNW%20146%20%2829%20May%202023%29.pdf,title:flash report
639,2023,2023-06-07,Emergency Tracking Tool (ETT),North East,Adamawa; Borno; Yobe,Nigeria — Emergency Tracking Tool Quarterly Report (January - March 2023),https://dtm.iom.int/reports/nigeria-emergency-tracking-tool-quarterly-report-january-march-2023,https://dtm.iom.int/sites/g/files/tmzbdl1461/files/reports/IOM%20Nigeria%20DTM%20Emergency%20Tracking%20Tool%20%28ETT%29%20Quarterly%20Report%20%20Jan%20-%20March%202023.pdf,title:emergency tracking tool
640,2023,2023-06-02,Emergency Tracking Tool (ETT),North East,Adamawa; Borno,Nigeria — Emergency Tracking Tool Report 329 (22 - 28 May 2023),https://dtm.iom.int/reports/nigeria-emergency-tracking-tool-report-329-22-28-may-2023,https://dtm.iom.int/sites/g/files/tmzbdl1461/files/reports/IOM%20Nigeria%20DTM%20Emergency%20Tracking%20Tool%20%28ETT%29%20Report%20No.%20329.pdf,title:emergency tracking tool
641,2023,2023-05-30,Incident / Flash Report,North East,Borno,Nigeria — Flood and Heavy Rainfall Flash Report Borno State (30 May 2023),https://dtm.iom.int/reports/nigeria-flood-and-heavy-rainfall-flash-report-borno-state-30-may-2023,https://dtm.iom.int/sites/g/files/tmzbdl1461/files/reports/IOM%20Nigeria%20DTM%20Flash%20Report%20NE%20Bama%20and%20Gwoza%20LGA%20Borno%20State%2030%20May%202023.pdf,title:flash report
642,2023,2023-05-26,Emergency Tracking Tool (ETT),,,Nigeria — Emergency Tracking Tool Report 328 (15 - 21 May 2023),https://dtm.iom.int/reports/nigeria-emergency-tracking-tool-report-328-15-21-may-2023,https://dtm.iom.int/sites/g/files/tmzbdl1461/files/reports/IOM%20Nigeria%20DTM%20Emergency%20Tracking%20Tool%20%28ETT%29%20Report%20No.%20328%20%2815%20-21%20May%202023%29.pdf,title:emergency tracking tool
643,2023,2023-05-25,Incident / Flash Report,North Central; North West,Benue,Nigeria — North-central & North-west Flash Report 145 (15 - 21 May 2023),https://dtm.iom.int/reports/nigeria-north-central-north-west-flash-report-145-15-21-may-2023,https://dtm.iom.int/sites/g/files/tmzbdl1461/files/reports/IOM%20Nigeria%20Flash%20Report%20NCNW%20145%20%2823%20May%202023%29.pdf,title:flash report
644,2023,2023-05-23,Incident / Flash Report,North East,Borno,Nigeria — Heavy Rainfall Flash Report Borno State (23 May 2023),https://dtm.iom.int/reports/nigeria-heavy-rainfall-flash-report-borno-state-23-may-2023,https://dtm.iom.int/sites/g/files/tmzbdl1461/files/reports/IOM%20Nigeria%20DTM%20Flash%20Report%20NE%20Damboa%20and%20Kaga%20LGA%20Borno%20State%2023%20May%202023.pdf,title:flash report
645,2023,2023-05-19,Early Warning & Early Response Dashboard,,,Nigeria — Transhumance Tracking Tool Report — Early Warning Dashboard 12 (April 2023),https://dtm.iom.int/reports/nigeria-transhumance-tracking-tool-report-early-warning-dashboard-12-april-2023,https://dtm.iom.int/sites/g/files/tmzbdl1461/files/reports/Nigeria%20%E2%80%94%20Transhumance%20Tracking%20Tool%20Report%20%E2%80%94%20Early%20Warning%20Dashboard%2012%20%28April%202023%29.pdf,title:early warning dashboard
646,2023,2023-05-19,Emergency Tracking Tool (ETT),,,Nigeria — Emergency Tracking Tool Report 327 (8 - 14 May 2023),https://dtm.iom.int/reports/nigeria-emergency-tracking-tool-report-327-8-14-may-2023,https://dtm.iom.int/sites/g/files/tmzbdl1461/files/reports/IOM%20Nigeria%20DTM%20Emergency%20Tracking%20Tool%20%28ETT%29%20Report%20No.%20327%20%282%29.pdf,title:emergency tracking tool
647,2023,2023-05-18,Incident / Flash Report,North East,Borno,Nigeria — Windstorm Flash Report Borno State (18 May 2023),https://dtm.iom.int/reports/nigeria-windstorm-flash-report-borno-state-18-may-2023,https://dtm.iom.int/sites/g/files/tmzbdl1461/files/reports/IOM%20Nigeria%20DTM%20Flash%20Report%20NE%20Bama%20LGA%20Borno%20State18%20May%202023.pdf,title:flash report
648,2023,2023-05-18,Incident / Flash Report,North East,Borno,Nigeria — Flood and Heavy Rainfall Flash Report Borno State (18 May 2023),https://dtm.iom.int/reports/nigeria-flood-and-heavy-rainfall-flash-report-borno-state-18-may-2023,https://dtm.iom.int/sites/g/files/tmzbdl1461/files/reports/IOM%20Nigeria%20DTM%20Flash%20Report%20NE%20Damboa%20LGA%20Borno%20State%2018%20May%202023.pdf,title:flash report
649,2023,2023-05-12,Incident / Flash Report,North East,Borno,"Nigeria — Windstorm Flash Report Kala/Balge LGA, Borno State (9 May 2023)",https://dtm.iom.int/reports/nigeria-windstorm-flash-report-kalabalge-lga-borno-state-9-may-2023,https://dtm.iom.int/sites/g/files/tmzbdl1461/files/reports/IOM%20Nigeria%20DTM%20Flash%20Report%20NE%20Kala-Balge%20LGA%20Borno%20State%209%20May%202023.pdf,title:flash report
650,2023,2023-05-12,Incident / Flash Report,North Central; North West,Benue,Nigeria — North-central & North-west Flash Report 144 (8 - 9 May 2023),https://dtm.iom.int/reports/nigeria-north-central-north-west-flash-report-144-8-9-may-2023,https://dtm.iom.int/sites/g/files/tmzbdl1461/files/reports/IOM%20Nigeria%20Flash%20Report%20Benue%20144%20%2810%20May%202023%29%20v2.pdf,title:flash report
651,2023,2023-05-12,Emergency Tracking Tool (ETT),North East,Adamawa; Borno,Nigeria — Emergency Tracking Tool Report 326 (1 - 7 May 2023),https://dtm.iom.int/reports/nigeria-emergency-tracking-tool-report-326-1-7-may-2023,https://dtm.iom.int/sites/g/files/tmzbdl1461/files/reports/IOM%20Nigeria%20DTM%20Emergency%20Tracking%20Tool%20%28ETT%29%20Report%20No.%20326%20%281%20-%207%20May%202023%29.pdf,title:emergency tracking tool
652,2023,2023-05-10,Mobility Tracking – IDP & Returnee Atlas,North East,,Nigeria — North-east — Mobility Tracking Round 44 IDP and Returnee Atlas (April 2023),https://dtm.iom.int/reports/nigeria-north-east-mobility-tracking-round-44-idp-and-returnee-atlas-april-2023,https://dtm.iom.int/sites/g/files/tmzbdl1461/files/reports/IDP%20and%20Returnee%20Atlas%20R44%20-%20April%202023_updated.pdf,title:atlas
653,2023,2023-05-05,Incident / Flash Report,North Central; North West,Katsina,Nigeria — North-central & North-west Flash Report 143 (24 - 30 April 2023),https://dtm.iom.int/reports/nigeria-north-central-north-west-flash-report-143-24-30-april-2023,https://dtm.iom.int/sites/g/files/tmzbdl1461/files/reports/IOM%20Nigeria%20Flash%20Report%20NCNW%20143%20%282%20May%202023%29.pdf,title:flash report
654,2023,2023-05-05,Emergency Tracking Tool (ETT),,,Nigeria — Emergency Tracking Tool Report 325 (24 - 30 April 2023),https://dtm.iom.int/reports/nigeria-emergency-tracking-tool-report-325-24-30-april-2023,https://dtm.iom.int/sites/g/files/tmzbdl1461/files/reports/IOM%20Nigeria%20DTM%20Emergency%20Tracking%20Tool%20%28ETT%29%20Report%20No.%20325%20%2824%20-%2030%20April%202023%29.pdf,title:emergency tracking tool
655,2023,2023-05-04,Incident / Flash Report,North East,Borno,Nigeria — Windstorm Flash Report Borno State (4 May 2023),https://dtm.iom.int/reports/nigeria-windstorm-flash-report-borno-state-4-may-2023,https://dtm.iom.int/sites/g/files/tmzbdl1461/files/reports/IOM%20Nigeria%20DTM%20Flash%20Report%20NE%20Gwoza%20LGA%20Borno%20State.4%20May%202023_.pdf,title:flash report
656,2023,2023-04-28,Incident / Flash Report,North East,Bauchi,Nigeria — Windstorm and Communal Clash Flash Report Bauchi State (26 April 2023),https://dtm.iom.int/reports/nigeria-windstorm-and-communal-clash-flash-report-bauchi-state-26-april-2023,https://dtm.iom.int/sites/g/files/tmzbdl1461/files/reports/IOM%20Nigeria%20DTM%20Flash%20Report%20NE%20-%20Windstorm%20and%20communal%20clash%20report-%20Bogoro%20and%20Ganjuwa%20LGA%20Borno%20State%20%2826%20April%202023%29.pdf,title:flash report
657,2023,2023-04-28,Incident / Flash Report,North East,Borno,"Nigeria — Fire Outbreak Flash Report Monguno LGA, Borno State (27 April 2023)",https://dtm.iom.int/reports/nigeria-fire-outbreak-flash-report-monguno-lga-borno-state-27-april-2023,https://dtm.iom.int/sites/g/files/tmzbdl1461/files/reports/IOM%20Nigeria%20DTM%20Flash%20Report%20NE%20-%20Fire%20Outrbreak%20Monguno%20LGA%20Borno%20State.%2027%20April%202023.pdf,title:flash report
658,2023,2023-04-28,Emergency Tracking Tool (ETT),,,Nigeria — Emergency Tracking Tool Report 324 (17 - 23 April 2023),https://dtm.iom.int/reports/nigeria-emergency-tracking-tool-report-324-17-23-april-2023,https://dtm.iom.int/sites/g/files/tmzbdl1461/files/reports/IOM%20Nigeria%20DTM%20Emergency%20Tracking%20Tool%20%28ETT%29%20Report%20No.%20324%20%2817%20-%2023%20April%202023%29.pdf,title:emergency tracking tool
659,2023,2023-04-27,Incident / Flash Report,North Central; North West,Plateau,Nigeria — North-central & North-west Flash Report 142 (17 - 23 April 2023),https://dtm.iom.int/reports/nigeria-north-central-north-west-flash-report-142-17-23-april-2023,https://dtm.iom.int/sites/g/files/tmzbdl1461/files/reports/IOM%20Nigeria%20Flash%20Report%20NCNW%20142%20%2825%20April%202023%29.pdf,title:flash report
660,2023,2023-04-21,Incident / Flash Report,North Central; North West,Sokoto,Nigeria — North-central & North-west Flash Report 141 (10 - 16 April 2023),https://dtm.iom.int/reports/nigeria-north-central-north-west-flash-report-141-10-16-april-2023,https://dtm.iom.int/sites/g/files/tmzbdl1461/files/reports/IOM%20Nigeria%20Flash%20Report%20NCNW%20141%20%2817%20April%202023%29.pdf,title:flash report
661,2023,2023-04-21,Emergency Tracking Tool (ETT),,,Nigeria — Emergency Tracking Tool Report 323 (10 - 16 April 2023),https://dtm.iom.int/reports/nigeria-emergency-tracking-tool-report-323-10-16-april-2023,https://dtm.iom.int/sites/g/files/tmzbdl1461/files/reports/IOM%20Nigeria%20DTM%20Emergency%20Tracking%20Tool%20%28ETT%29%20Report%20No.%20323%20%2810%20-16%20April%202023%29.pdf,title:emergency tracking tool
662,2023,2023-04-14,Emergency Tracking Tool (ETT),,,Nigeria — Emergency Tracking Tool Report 322 (3 - 9 April 2023),https://dtm.iom.int/reports/nigeria-emergency-tracking-tool-report-322-3-9-april-2023,https://dtm.iom.int/sites/g/files/tmzbdl1461/files/reports/IOM%20Nigeria%20DTM%20Emergency%20Tracking%20Tool%20%28ETT%29%20Report%20No.%20322%20%283%20-%209%20April%202023%29.pdf,title:emergency tracking tool
663,2023,2023-04-13,Incident / Flash Report,North Central; North West,Benue,Nigeria — North-central & North-west Flash Report 140 (3 - 9 April 2023),https://dtm.iom.int/reports/nigeria-north-central-north-west-flash-report-140-3-9-april-2023,https://dtm.iom.int/sites/g/files/tmzbdl1461/files/reports/IOM%20Nigeria%20Flash%20Report%20NCNW%20140%20%2811%20April%202023%29.pdf,title:flash report
664,2023,2023-04-11,Emergency Tracking Tool (ETT),,,Nigeria — Emergency Tracking Tool Report 321 (27 March - 2 April 2023),https://dtm.iom.int/reports/nigeria-emergency-tracking-tool-report-321-27-march-2-april-2023,https://dtm.iom.int/sites/g/files/tmzbdl1461/files/reports/IOM%20Nigeria%20DTM%20Emergency%20Tracking%20Tool%20%28ETT%29%20Report%20No.%20321.pdf,title:emergency tracking tool
665,2023,2023-04-06,Incident / Flash Report,North Central; North West,Kaduna,Nigeria — North-central & North-west Flash Report 139 (27 March - 2 April 2023),https://dtm.iom.int/reports/nigeria-north-central-north-west-flash-report-139-27-march-2-april-2023,https://dtm.iom.int/sites/g/files/tmzbdl1461/files/reports/IOM%20Nigeria%20Flash%20Report%20NCNW%20139%20%283%20April%202023%29.pdf,title:flash report
666,2023,2023-04-03,Incident / Flash Report,North East,Borno,Nigeria — Fire outbreak Flash Report Borno State (3 April 2023),https://dtm.iom.int/reports/nigeria-fire-outbreak-flash-report-borno-state-3-april-2023,https://dtm.iom.int/sites/g/files/tmzbdl1461/files/reports/IOM%20Nigeria%20DTM%20Flash%20Report%20NE-Monguno%20LGA%2CBorno%20State.3%20April%2C%202023..pdf,title:flash report
667,2023,2023-04-03,Emergency Tracking Tool (ETT),,,Nigeria — Emergency Tracking Tool Report 320 (20 - 26 March 2023),https://dtm.iom.int/reports/nigeria-emergency-tracking-tool-report-320-20-26-march-2023,https://dtm.iom.int/sites/g/files/tmzbdl1461/files/reports/IOM%20Nigeria%20DTM%20Emergency%20Tracking%20Tool%20%28ETT%29%20Report%20No.%20320.pdf,title:emergency tracking tool
668,2023,2023-03-30,Incident / Flash Report,North Central; North West,Benue,Nigeria — North-central & North-west Flash Report 138 (20 - 26 March 2023),https://dtm.iom.int/reports/nigeria-north-central-north-west-flash-report-138-20-26-march-2023,https://dtm.iom.int/sites/g/files/tmzbdl1461/files/reports/IOM%20Nigeria%20Flash%20Report%20NCNW%20138%20%2829%20March%202023%29.pdf,title:flash report
669,2023,2023-03-24,Emergency Tracking Tool (ETT),,,Nigeria — Emergency Tracking Tool Report 319 (13 - 19 March 2023),https://dtm.iom.int/reports/nigeria-emergency-tracking-tool-report-319-13-19-march-2023,https://dtm.iom.int/sites/g/files/tmzbdl1461/files/reports/IOM%20Nigeria%20DTM%20Emergency%20Tracking%20Tool%20%28ETT%29%20Report%20No.%20319%20%2813%20-%2019%20March%202023%29.pdf,title:emergency tracking tool
670,2023,2023-03-23,Incident / Flash Report,North Central; North West,Benue,Nigeria — North-central & North-west Flash Report 137 (13 - 19 March 2023),https://dtm.iom.int/reports/nigeria-north-central-north-west-flash-report-137-13-19-march-2023,https://dtm.iom.int/sites/g/files/tmzbdl1461/files/reports/IOM%20Nigeria%20Flash%20Report%20NCNW%20137%20%2820%20March%202023%29.pdf,title:flash report
671,2023,2023-03-23,Incident / Flash Report,North East,Yobe,"Nigeria — New Displacement Flash Report Yunusari LGA, Yobe State (11 March 2023)",https://dtm.iom.int/reports/nigeria-new-displacement-flash-report-yunusari-lga-yobe-state-11-march-2023,https://dtm.iom.int/sites/g/files/tmzbdl1461/files/reports/IOM%20Nigeria%20Flash%20Report%20NE%20Yobe%20State%2022%20March%202023-1%20%281%29.pdf,title:flash report
672,2023,2023-03-21,Mobility Tracking – IDP & Returnee Atlas,North Central; North West,,Nigeria — North-Central and North-West Displacement Report 11 (March 2023),https://dtm.iom.int/reports/nigeria-north-central-and-north-west-displacement-report-11-march-2023,https://dtm.iom.int/sites/g/files/tmzbdl1461/files/reports/DTM%20Nigeria%20-%20North-west%2C%20North-central%20Round%2011%20-%20Needs%20Monitoring%20Report_final_3.pdf,title:displacement report
673,2023,2023-03-21,Mobility Tracking – Needs Monitoring,North Central; North West,,"Nigeria — Needs Monitoring — North-west, North-central Round 11 - Needs Monitoring Report",https://dtm.iom.int/reports/nigeria-north-central-and-north-west-displacement-report-11-march-2023#needs-monitoring-1,https://dtm.iom.int/sites/g/files/tmzbdl1461/files/reports/DTM%20Nigeria%20-%20North-west%2C%20North-central%20Round%2011%20-%20Needs%20Monitoring%20Report_final_3.pdf,"attached file: North-west, North-central Round 11 - Needs Monitoring Report"
674,2023,2023-03-17,Emergency Tracking Tool (ETT),,,Nigeria — Emergency Tracking Tool Report 318 (6 - 12 March 2023),https://dtm.iom.int/reports/nigeria-emergency-tracking-tool-report-318-6-12-march-2023,https://dtm.iom.int/sites/g/files/tmzbdl1461/files/reports/IOM%20Nigeria%20DTM%20Emergency%20Tracking%20Tool%20%28ETT%29%20Report%20No.%20318.pdf,title:emergency tracking tool
675,2023,2023-03-16,Incident / Flash Report,North Central; North West,Katsina,Nigeria — North-central & North-west Flash Report 136 (06 - 12 March 2023),https://dtm.iom.int/reports/nigeria-north-central-north-west-flash-report-136-06-12-march-2023,https://dtm.iom.int/sites/g/files/tmzbdl1461/files/reports/IOM%20Nigeria%20Flash%20Report%20NCNW%20136%20%2813%20March%202023%29.pdf,title:flash report
676,2023,2023-03-14,Incident / Flash Report,North East,Borno,"Nigeria — Fire Outbreak Flash Report Dikwa LGA, Borno State (13 March 2023)",https://dtm.iom.int/reports/nigeria-fire-outbreak-flash-report-dikwa-lga-borno-state-13-march-2023,https://dtm.iom.int/sites/g/files/tmzbdl1461/files/reports/IOM%20Nigeria%20DTM%20Flash%20Report%20NE%20Dikwa%20LGA%20Borno%20State%20%2813%20March%202023%29.pdf,title:flash report
677,2023,2023-03-13,Incident / Flash Report,North East,Borno,"Nigeria — Fire Outbreak Flash Report Jere LGA, Borno State (10 March 2023)",https://dtm.iom.int/reports/nigeria-fire-outbreak-flash-report-jere-lga-borno-state-10-march-2023,https://dtm.iom.int/sites/g/files/tmzbdl1461/files/reports/IOM%20Nigeria%20DTM%20Flash%20Report%20NE%20Jere%20LGA%20Borno%20State%20%2810%20March%202023%29.pdf,title:flash report
678,2023,2023-03-13,Mobility Tracking – IDP & Returnee Atlas,North East,Adamawa; Borno; Yobe; Gombe; Taraba; Bauchi,Nigeria — Displacement Report 43 (February 2023),https://dtm.iom.int/reports/nigeria-displacement-report-43-february-2023,https://dtm.iom.int/sites/g/files/tmzbdl1461/files/reports/DTM%20Nigeria%20NE%20Report%20Round%2043%20%28February%202023%29%20updated_July7%202023.pdf,title:displacement report
679,2023,2023-03-10,Emergency Tracking Tool (ETT),,,Nigeria — Emergency Tracking Tool Report 317 (27 February -  5 March 2023),https://dtm.iom.int/reports/nigeria-emergency-tracking-tool-report-317-27-february-5-march-2023,https://dtm.iom.int/sites/g/files/tmzbdl1461/files/reports/IOM%20Nigeria%20DTM%20Emergency%20Tracking%20Tool%20%28ETT%29%20Report%20No.%20317.pdf,title:emergency tracking tool
680,2023,2023-03-08,Incident / Flash Report,North Central; North West,Benue,Nigeria — North-central & North-west Flash Report 135 (27 February - 05 March 2023),https://dtm.iom.int/reports/nigeria-north-central-north-west-flash-report-135-27-february-05-march-2023,https://dtm.iom.int/sites/g/files/tmzbdl1461/files/reports/IOM%20Nigeria%20Flash%20Report%20NCNW%20135%20%287%20March%202023%29.pdf,title:flash report
681,2023,2023-03-06,Incident / Flash Report,North East,Borno,Nigeria — Fire outbreak Flash Report Borno State (6 March 2023),https://dtm.iom.int/reports/nigeria-fire-outbreak-flash-report-borno-state-6-march-2023,https://dtm.iom.int/sites/g/files/tmzbdl1461/files/reports/IOM%20Nigeria%20DTM%20Flash%20Report%20NE-Monguno%20LGA%2CBorno%20State.%206%20March%202023..pdf,title:flash report
682,2023,2023-03-06,Incident / Flash Report,North East,Borno,Nigeria — Fire outbreak Flash Report Borno State (6 March 2023),https://dtm.iom.int/reports/nigeria-fire-outbreak-flash-report-borno-state-6-march-2023-0,https://dtm.iom.int/sites/g/files/tmzbdl1461/files/reports/IOM%20Nigeria%20DTM%20Flash%20Report%20NE-Monguno%20LGA%2CBorno%20State.%206%20March%202023._0.pdf,title:flash report
683,2023,2023-03-03,Emergency Tracking Tool (ETT),,,Nigeria — Emergency Tracking Tool Report 316 (20 - 26 February 2023),https://dtm.iom.int/reports/nigeria-emergency-tracking-tool-report-316-20-26-february-2023,https://dtm.iom.int/sites/g/files/tmzbdl1461/files/reports/IOM%20Nigeria%20DTM%20Emergency%20Tracking%20Tool%20%28ETT%29%20Report%20No.%20316.pdf,title:emergency tracking tool
684,2023,2023-02-24,Incident / Flash Report,North Central; North West,Kaduna; Katsina,Nigeria — North-central & North-west Flash Report 134 (13 - 19 February 2023),https://dtm.iom.int/reports/nigeria-north-central-north-west-flash-report-134-13-19-february-2023,https://dtm.iom.int/sites/g/files/tmzbdl1461/files/reports/IOM%20Nigeria%20Flash%20Report%20NCNW%20134%20%2821%20February%202023%29_0.pdf,title:flash report
685,2023,2023-02-24,Emergency Tracking Tool (ETT),,,Nigeria — Emergency Tracking Tool Report 315 (13 - 19 February 2023),https://dtm.iom.int/reports/nigeria-emergency-tracking-tool-report-315-13-19-february-2023,https://dtm.iom.int/sites/g/files/tmzbdl1461/files/reports/IOM%20Nigeria%20DTM%20Emergency%20Tracking%20Tool%20%28ETT%29%20Report%20No.%20315.pdf,title:emergency tracking tool
686,2023,2023-02-17,Incident / Flash Report,North Central; North West,Benue,Nigeria — North-central & North-west Flash Report 133 (06 - 12 February 2023),https://dtm.iom.int/reports/nigeria-north-central-north-west-flash-report-133-06-12-february-2023,https://dtm.iom.int/sites/g/files/tmzbdl1461/files/reports/IOM%20Nigeria%20Flash%20Report%20NCNW%20133%20%2814%20February%202023%29.pdf,title:flash report
687,2023,2023-02-17,Incident / Flash Report,North East,Borno,"Nigeria — Fire Outbreak Flash Report Monguno LGA, Borno State (13 February 2023)",https://dtm.iom.int/reports/nigeria-fire-outbreak-flash-report-monguno-lga-borno-state-13-february-2023,https://dtm.iom.int/sites/g/files/tmzbdl1461/files/reports/IOM%20Nigeria%20DTM%20Flash%20Report%20NE-Monguno%20LGA%2C%20Borno%20State%2013%20February%202023.pdf,title:flash report
688,2023,2023-02-17,Emergency Tracking Tool (ETT),,,Nigeria — Emergency Tracking Tool Report 314 (06 - 12 February 2023),https://dtm.iom.int/reports/nigeria-emergency-tracking-tool-report-314-06-12-february-2023,https://dtm.iom.int/sites/g/files/tmzbdl1461/files/reports/IOM%20Nigeria%20DTM%20Emergency%20Tracking%20Tool%20%28ETT%29%20Report%20No.%20314%20%286%20-12%20February%202023%29.pdf,title:emergency tracking tool
689,2023,2023-02-13,Incident / Flash Report,North East,Borno,Nigeria — Fire outbreak Flash Report Borno State (13 February 2023),https://dtm.iom.int/reports/nigeria-fire-outbreak-flash-report-borno-state-13-february-2023,https://dtm.iom.int/sites/g/files/tmzbdl1461/files/reports/IOM%20Nigeria%20DTM%20Flash%20Report%20NE-Monguno%20LGA%2CBorno%20State.%2013%20February%202023.%20-%20Copy.pdf,title:flash report
690,2023,2023-02-10,Incident / Flash Report,North Central; North West,Plateau,Nigeria — North-central & North-west Flash Report 132 (30 January - 5 February 2023),https://dtm.iom.int/reports/nigeria-north-central-north-west-flash-report-132-30-january-5-february-2023,https://dtm.iom.int/sites/g/files/tmzbdl1461/files/reports/IOM%20Nigeria%20Flash%20Report%20NCNW%20132%20%285%20February%202023%29.pdf,title:flash report
691,2023,2023-02-10,Incident / Flash Report,North East,Borno,"Nigeria — Fire Outbreak Flash Report Monguno LGA, Borno State (5 February 2023)",https://dtm.iom.int/reports/nigeria-fire-outbreak-flash-report-monguno-lga-borno-state-5-february-2023,https://dtm.iom.int/sites/g/files/tmzbdl1461/files/reports/IOM%20Nigeria%20DTM%20Flash%20Report%20NE-Monguno%20and%20Magumeri%20LGA%2CBorno%20State.%205%20February%202023..pdf,title:flash report
692,2023,2023-02-10,Emergency Tracking Tool (ETT),North East,Adamawa,Nigeria — Emergency Tracking Tool Report 313 (30 January - 5 February 2023),https://dtm.iom.int/reports/nigeria-emergency-tracking-tool-report-313-30-january-5-february-2023,https://dtm.iom.int/sites/g/files/tmzbdl1461/files/reports/IOM%20Nigeria%20DTM%20Emergency%20Tracking%20Tool%20%28ETT%29%20Report%20No.%20313%20%2830%20January%20-%205%20February%202023%29.pdf,title:emergency tracking tool
693,2023,2023-02-08,Incident / Flash Report,North East,Borno,Nigeria — Fire outbreak Flash Report Borno State (8 February 2023),https://dtm.iom.int/reports/nigeria-fire-outbreak-flash-report-borno-state-8-february-2023,https://dtm.iom.int/sites/g/files/tmzbdl1461/files/reports/IOM%20Nigeria%20DTM%20Flash%20Report%20NE-Monguno%20LGA%2CBorno%20State.%208%20February%202023..pdf,title:flash report
694,2023,2023-02-02,Incident / Flash Report,North East,Borno,"Nigeria — Fire Outbreak Flash Report Monguno LGA, Borno State (30 January 2023)",https://dtm.iom.int/reports/nigeria-fire-outbreak-flash-report-monguno-lga-borno-state-30-january-2023,https://dtm.iom.int/sites/g/files/tmzbdl1461/files/reports/IOM%20Nigeria%20DTM%20Flash%20Report%20NE-Monguno%20LGA%2CBorno%20State.%2030%20January%202023..pdf,title:flash report
695,2023,2023-02-02,Emergency Tracking Tool (ETT),,,Nigeria — Emergency Tracking Tool Report 312 (23 - 29 January 2023),https://dtm.iom.int/reports/nigeria-emergency-tracking-tool-report-312-23-29-january-2023,https://dtm.iom.int/sites/g/files/tmzbdl1461/files/reports/IOM%20Nigeria%20DTM%20Emergency%20Tracking%20Tool%20%28ETT%29%20Report%20No.%20312_0.pdf,title:emergency tracking tool
696,2023,2023-02-01,Incident / Flash Report,North Central; North West,Nasarawa,Nigeria — North-central & North-west Flash Report 131 (24 - 29 January 2023),https://dtm.iom.int/reports/nigeria-north-central-north-west-flash-report-131-24-29-january-2023,https://dtm.iom.int/sites/g/files/tmzbdl1461/files/reports/IOM%20Nigeria%20Flash%20Report%20NCNW%20131%20%2831%20January%202023%29.pdf,title:flash report
697,2023,2023-01-31,Emergency Tracking Tool (ETT),,,Nigeria — Emergency Tracking Tool Report 311 (16 - 22 January 2023),https://dtm.iom.int/reports/nigeria-emergency-tracking-tool-report-311-16-22-january-2023,https://dtm.iom.int/sites/g/files/tmzbdl1461/files/reports/IOM%20Nigeria%20DTM%20Emergency%20Tracking%20Tool%20%28ETT%29%20Report%20No.%20311.._0.pdf,title:emergency tracking tool
698,2023,2023-01-27,Incident / Flash Report,North Central; North West,Benue,Nigeria — North-central & North-west Flash Report 130 (16 - 23 January 2023),https://dtm.iom.int/reports/nigeria-north-central-north-west-flash-report-130-16-23-january-2023,https://dtm.iom.int/sites/g/files/tmzbdl1461/files/reports/IOM%20Nigeria%20Flash%20Report%20NCNW%20130%20%2823%20January%202023%29_final.pdf,title:flash report
699,2023,2023-01-25,Flow Monitoring (migrants) – extra category,,,Nigeria — Flow Monitoring Dashboard 57 (July - September 2022),https://dtm.iom.int/reports/nigeria-flow-monitoring-dashboard-57-july-september-2022,https://dtm.iom.int/sites/g/files/tmzbdl1461/files/reports/Flow%20Monitoring%20Dashboard%2057%20September%202022%20v3.pdf,title:flow monitoring
700,2023,2023-01-25,Post-Flood Situation Report (Ad-Hoc),,,Nigeria — Flood Rapid Needs Assessment Dashboard — Cross River State (30 December 2022),https://dtm.iom.int/reports/nigeria-flood-rapid-needs-assessment-dashboard-cross-river-state-30-december-2022,https://dtm.iom.int/sites/g/files/tmzbdl1461/files/reports/IOM%20Nigeria%20DTM%20Flood%20Report%20-%20Cross%20River%20Flood%20Response_V2.pdf,title:flood rapid needs
701,2023,2023-01-20,Emergency Tracking Tool (ETT),,,Nigeria — Emergency Tracking Tool Report 310 (09 - 15 January 2023),https://dtm.iom.int/reports/nigeria-emergency-tracking-tool-report-310-09-15-january-2023,https://dtm.iom.int/sites/g/files/tmzbdl1461/files/reports/IOM%20Nigeria%20DTM%20Emergency%20Tracking%20Tool%20%28ETT%29%20Report%20No.%20310.pdf,title:emergency tracking tool
702,2023,2023-01-16,Incident / Flash Report,North East,Borno,"Nigeria — Fire Outbreak Flash Report — ISS Camp, Ngala LGA, Borno State (16 January 2023)",https://dtm.iom.int/reports/nigeria-fire-outbreak-flash-report-iss-camp-ngala-lga-borno-state-16-january-2023,https://dtm.iom.int/sites/g/files/tmzbdl1461/files/reports/IOM%20Nigeria%20DTM%20Flash%20Report%20NE%20-%20ISS%20Camp%20Fire%20Outbreak%2C%20Ngala%20LGA%20Borno%20State%20%2813%20January%202023%29.pdf,title:flash report
703,2023,2023-01-16,Incident / Flash Report,North East,Borno,"Nigeria — Camp Closure Flash Report II — Gubio Camp, Borno State (16 January 2023)",https://dtm.iom.int/reports/nigeria-camp-closure-flash-report-ii-gubio-camp-borno-state-16-january-2023,https://dtm.iom.int/sites/g/files/tmzbdl1461/files/reports/IOM%20Nigeria%20DTM%20Flash%20Report%20NE%20-%20Gubio%20Camp%20Relocation%20Konduga%20LGA%20%28Borno%20State%29%2014%20January%202023.pdf,title:flash report
704,2023,2023-01-13,Emergency Tracking Tool (ETT),,,Nigeria — Emergency Tracking Tool Report 309 (02 - 08 January 2023),https://dtm.iom.int/reports/nigeria-emergency-tracking-tool-report-309-02-08-january-2023,https://dtm.iom.int/sites/g/files/tmzbdl1461/files/reports/IOM%20Nigeria%20DTM%20Emergency%20Tracking%20Tool%20%28ETT%29%20Report%20No.%20309.pdf,title:emergency tracking tool
705,2023,2023-01-12,Incident / Flash Report,North Central; North West,Zamfara,Nigeria — North-central & North-west Flash Report #129 (02 - 08 January 2023),https://dtm.iom.int/reports/nigeria-north-central-north-west-flash-report-129-02-08-january-2023,https://dtm.iom.int/sites/g/files/tmzbdl1461/files/reports/IOM%20Nigeria%20Flash%20Report%20NCNW%20129%20%2810%20January%202023%29.pdf,title:flash report
706,2023,2023-01-06,Emergency Tracking Tool (ETT),,,Nigeria — Emergency Tracking Tool Report 308 (26 December 2022 - 01 January 2023),https://dtm.iom.int/reports/nigeria-emergency-tracking-tool-report-308-26-december-2022-01-january-2023,https://dtm.iom.int/sites/g/files/tmzbdl1461/files/reports/IOM%20Nigeria%20DTM%20Emergency%20Tracking%20Tool%20%28ETT%29%20Report%20No.%20308.pdf,title:emergency tracking tool
707,2022,2022-12-30,Post-Flood Situation Report (Ad-Hoc),,,Nigeria — Flood Rapid Needs Assessment Dashboard — Delta State (30 December 2022),https://dtm.iom.int/reports/nigeria-flood-rapid-needs-assessment-dashboard-delta-state-30-december-2022,https://dtm.iom.int/sites/g/files/tmzbdl1461/files/reports/IOM%20Nigeria%20DTM%20Flood%20Report%20SS%20-%20Delta%20State%20%2823%20December%202022%29_Final%20%281%29.pdf,title:flood rapid needs
708,2022,2022-12-30,Emergency Tracking Tool (ETT),North East,Adamawa; Borno,Nigeria — Emergency Tracking Tool Report 307 (19 - 25 December 2022),https://dtm.iom.int/reports/nigeria-emergency-tracking-tool-report-307-19-25-december-2022,https://dtm.iom.int/sites/g/files/tmzbdl1461/files/reports/IOM%20Nigeria%20DTM%20Emergency%20Tracking%20Tool%20%28ETT%29%20Report%20No.%20307%20%282%29.pdf,title:emergency tracking tool
709,2022,2022-12-29,Post-Flood Situation Report (Ad-Hoc),,,Nigeria — Flood Rapid Needs Assessment Dashboard — Rivers State (28 December 2022),https://dtm.iom.int/reports/nigeria-flood-rapid-needs-assessment-dashboard-rivers-state-28-december-2022,https://dtm.iom.int/sites/g/files/tmzbdl1461/files/reports/IOM%20Nigeria%20DTM%20Flood%20Report%20SS%20-%20Rivers%20State%20%2828%20December%202022%29.pdf,title:flood rapid needs
710,2022,2022-12-23,Incident / Flash Report,North East,Borno,"Nigeria — Camp Closure Flash Report — Gubio Camp, Borno State (22 December 2022)",https://dtm.iom.int/reports/nigeria-camp-closure-flash-report-gubio-camp-borno-state-22-december-2022,https://dtm.iom.int/sites/g/files/tmzbdl1461/files/reports/IOM%20Nigeria%20DTM%20Flash%20Report%20NE%20-%20Gubio%20Camp%20Relocation%20Konduga%20LGA%20%28Borno%20State%29%2022%20December%202022.pdf,title:flash report
711,2022,2022-12-22,Incident / Flash Report,North Central; North West,Kaduna,Nigeria — North-central & North-west Flash Report #128 (20 December 2022),https://dtm.iom.int/reports/nigeria-north-central-north-west-flash-report-128-20-december-2022,https://dtm.iom.int/sites/g/files/tmzbdl1461/files/reports/IOM%20Nigeria%20DTM%20Flash%20Report%20NCNW%20128%20%2820%20December%202022%29.pdf,title:flash report
712,2022,2022-12-22,Emergency Tracking Tool (ETT),North East,Adamawa; Borno,Nigeria — Emergency Tracking Tool Report 306 (12 - 18 December 2022),https://dtm.iom.int/reports/nigeria-emergency-tracking-tool-report-306-12-18-december-2022,https://dtm.iom.int/sites/g/files/tmzbdl1461/files/reports/IOM%20Nigeria%20DTM%20Emergency%20Tracking%20Tool%20%28ETT%29%20Report%20No.%20306.pdf,title:emergency tracking tool
713,2022,2022-12-19,Post-Flood Situation Report (Ad-Hoc),North Central,Plateau,Nigeria — Flood Rapid Needs Assessment Dashboard — Plateau State (25 November 2022),https://dtm.iom.int/reports/nigeria-flood-rapid-needs-assessment-dashboard-plateau-state-25-november-2022,https://dtm.iom.int/sites/g/files/tmzbdl1461/files/reports/IOM%20Nigera%20DTM%20Flood%20Response%20Report%20NC%20-%20Plateau%20State%20%2829%20November%202022%29%20V2.pdf,title:flood rapid needs
714,2022,2022-12-19,Post-Flood Situation Report (Ad-Hoc),North West,Katsina,Nigeria — Flood Rapid Needs Assessment Dashboard — Katsina State (24 November 2022),https://dtm.iom.int/reports/nigeria-flood-rapid-needs-assessment-dashboard-katsina-state-24-november-2022,https://dtm.iom.int/sites/g/files/tmzbdl1461/files/reports/IOM%20Nigeria%20DTM%20Flood%20Report%20NW%20-%20Katsina%20State%20%2824%20November%202022%29.pdf,title:flood rapid needs
715,2022,2022-12-19,Post-Flood Situation Report (Ad-Hoc),North West,Kano,Nigeria — Flood Rapid Needs Assessment Dashboard — Kano State (18 November 2022),https://dtm.iom.int/reports/nigeria-flood-rapid-needs-assessment-dashboard-kano-state-18-november-2022,https://dtm.iom.int/sites/g/files/tmzbdl1461/files/reports/IOM%20Nigeria%20DTM%20Flood%20Report%20NW-Kano%20State%20%2822%20November%202022%29.pdf,title:flood rapid needs
716,2022,2022-12-19,Post-Flood Situation Report (Ad-Hoc),North West,Kaduna,Nigeria — Flood Rapid Needs Assessment Dashboard — Kaduna State (28 November 2022),https://dtm.iom.int/reports/nigeria-flood-rapid-needs-assessment-dashboard-kaduna-state-28-november-2022,https://dtm.iom.int/sites/g/files/tmzbdl1461/files/reports/IOM%20Nigeria%20Flood%20Report%20NW%20-Kaduna%20state%20%2825%20November%202022%29.pdf,title:flood rapid needs
717,2022,2022-12-19,Post-Flood Situation Report (Ad-Hoc),North East,Borno,Nigeria — Flood Rapid Needs Assessment Dashboard — Borno State (25 November 2022),https://dtm.iom.int/reports/nigeria-flood-rapid-needs-assessment-dashboard-borno-state-25-november-2022,https://dtm.iom.int/sites/g/files/tmzbdl1461/files/reports/IOM%20Nigeria%20DTM%20Flood%20Report%20NE%20-%20Borno%20State%20%2021%20November%202022%20V3.pdf,title:flood rapid needs
718,2022,2022-12-19,Post-Flood Situation Report (Ad-Hoc),North East,Bauchi,Nigeria — Flood Rapid Needs Assessment Dashboard — Bauchi State (28 November 2022),https://dtm.iom.int/reports/nigeria-flood-rapid-needs-assessment-dashboard-bauchi-state-28-november-2022,https://dtm.iom.int/sites/g/files/tmzbdl1461/files/reports/IOM%20Nigeria%20DTM%20Flood%20Report%20NE-Bauchi%20State%20%2818%20November%202022%29.pdf,title:flood rapid needs
719,2022,2022-12-16,Emergency Tracking Tool (ETT),,,Nigeria — Emergency Tracking Tool Report 305 (05 - 11 December 2022),https://dtm.iom.int/reports/nigeria-emergency-tracking-tool-report-305-05-11-december-2022,https://dtm.iom.int/sites/g/files/tmzbdl1461/files/reports/IOM%20Nigeria%20DTM%20Emergency%20Tracking%20Tool%20%28ETT%29%20Report%20No.%20305.pdf,title:emergency tracking tool
720,2022,2022-12-15,Incident / Flash Report,North Central; North West,Katsina,Nigeria — North-central & North-west Flash Report #127 (13 December 2022),https://dtm.iom.int/reports/nigeria-north-central-north-west-flash-report-127-13-december-2022,https://dtm.iom.int/sites/g/files/tmzbdl1461/files/reports/IOM%20Nigeria%20DTM%20Flash%20Report%20NCNW%20127%20%2813%20December%202022%29.pdf,title:flash report
721,2022,2022-12-09,Incident / Flash Report,North Central; North West,Katsina,Nigeria — North-central & North-west Flash Report #126 (6 December 2022),https://dtm.iom.int/reports/nigeria-north-central-north-west-flash-report-126-6-december-2022,https://dtm.iom.int/sites/g/files/tmzbdl1461/files/reports/IOM%20Nigeria%20DTM%20Flash%20Report%20NCNW%20126%20%286%20December%202022%29.pdf,title:flash report
722,2022,2022-12-09,Incident / Flash Report,North Central; North West,Zamfara,Nigeria — North-central & North-west Flash Report #125 (29 November 2022),https://dtm.iom.int/reports/nigeria-north-central-north-west-flash-report-125-29-november-2022,https://dtm.iom.int/sites/g/files/tmzbdl1461/files/reports/IOM%20Nigeria%20DTM%20Flash%20Report%20NCNW%20125%20%2829%20November%202022%29.pdf,title:flash report
723,2022,2022-12-09,Incident / Flash Report,North Central; North West,Benue; Plateau,Nigeria — North-central & North-west Flash Report #124 (15 November 2022),https://dtm.iom.int/reports/nigeria-north-central-north-west-flash-report-124-15-november-2022,https://dtm.iom.int/sites/g/files/tmzbdl1461/files/reports/IOM%20Nigeria%20DTM%20Flash%20Report%20NCNW%20124%20%2822%20November%202022%29.pdf,title:flash report
724,2022,2022-12-09,Emergency Tracking Tool (ETT),North East,Adamawa,Nigeria — Emergency Tracking Tool Report 304 (28 November - 04 December 2022),https://dtm.iom.int/reports/nigeria-emergency-tracking-tool-report-304-28-november-04-december-2022,https://dtm.iom.int/sites/g/files/tmzbdl1461/files/reports/IOM%20Nigeria%20DTM%20Emergency%20Tracking%20Tool%20%28ETT%29%20Report%20No.%20304.pdf,title:emergency tracking tool
725,2022,2022-12-09,Other / Unclassified,North East,Borno,Nigeria — COVID-19 Point of Entry Monthly Dashboard (October 2022),https://dtm.iom.int/reports/nigeria-covid-19-point-entry-monthly-dashboard-october-2022,https://dtm.iom.int/sites/g/files/tmzbdl1461/files/reports/IOM%20Nigeria%20COVID-19%20Point%20of%20Entry%20Dashboard%20%28October%202022%29.pdf,
726,2022,2022-12-08,Early Warning & Early Response Dashboard,North East,Adamawa,Nigeria — Transhumance Tracking Tool Report — Early Warning Dashboard 11 (November 2022),https://dtm.iom.int/reports/nigeria-transhumance-tracking-tool-report-early-warning-dashboard-11-november-2022,https://dtm.iom.int/sites/g/files/tmzbdl1461/files/reports/Nigeria%20%E2%80%94%20Transhumance%20Tracking%20Tool%20Report%20%E2%80%94%20Early%20Warning%20Dashboard%2011%20%28November%202022%29.pdf,title:early warning dashboard
727,2022,2022-12-08,Incident / Flash Report,North East,Borno,Nigeria — Fire Outbreak Flash Report — Borno State (7 December 2022),https://dtm.iom.int/reports/nigeria-fire-outbreak-flash-report-borno-state-7-december-2022,https://dtm.iom.int/sites/g/files/tmzbdl1461/files/reports/IOM%20Nigeria%20DTM%20Flash%20Report%20NE%20-%20Ajiri%20fire%20outbreak%2C%20Mafa%20LGA%2C%20Borno%20State%20%2807%20December%202022%29%20%283%29.pdf,title:flash report
728,2022,2022-12-02,Emergency Tracking Tool (ETT),North East,Adamawa; Borno,Nigeria — Emergency Tracking Tool Report 303 (21 - 27 November 2022),https://dtm.iom.int/reports/nigeria-emergency-tracking-tool-report-303-21-27-november-2022,https://dtm.iom.int/sites/g/files/tmzbdl1461/files/reports/IOM%20Nigeria%20DTM%20Emergency%20Tracking%20Tool%20%28ETT%29%20Report%20No.%20303%20%2821%20-%2027%20November%202022%29.pdf,title:emergency tracking tool
729,2022,2022-12-01,Incident / Flash Report,North Central; North West,Zamfara,Nigeria — North-central & North-west Flash Report #123 (15 November 2022),https://dtm.iom.int/reports/nigeria-north-central-north-west-flash-report-123-15-november-2022,https://dtm.iom.int/sites/g/files/tmzbdl1461/files/reports/IOM%20Nigeria%20DTM%20Flash%20Report%20NCNW%20123%20%2814%20November%202022%29.pdf,title:flash report
730,2022,2022-11-25,Emergency Tracking Tool (ETT),North East,Adamawa; Borno,Nigeria — Emergency Tracking Tool Report 302 (14 - 20 November 2022),https://dtm.iom.int/reports/nigeria-emergency-tracking-tool-report-302-14-20-november-2022,https://dtm.iom.int/sites/g/files/tmzbdl1461/files/reports/IOM%20Nigeria%20DTM%20Emergency%20Tracking%20Tool%20%28ETT%29%20Report%20No.%20302..pdf,title:emergency tracking tool
731,2022,2022-11-24,Flow Monitoring (migrants) – extra category,North Central; North West,Nasarawa; Niger; Kano; Sokoto,Nigeria — Flow Monitoring Dashboard 56 (August 2022),https://dtm.iom.int/reports/nigeria-flow-monitoring-dashboard-56-august-2022,https://dtm.iom.int/sites/g/files/tmzbdl1461/files/reports/Flow%20Monitoring%20Dashboard%2056%20August%202022_0.pdf,title:flow monitoring
732,2022,2022-11-18,Emergency Tracking Tool (ETT),,,Nigeria — Emergency Tracking Tool Report 301 (07 - 13 November 2022),https://dtm.iom.int/reports/nigeria-emergency-tracking-tool-report-301-07-13-november-2022,https://dtm.iom.int/sites/g/files/tmzbdl1461/files/reports/IOM%20Nigeria%20DTM%20Emergency%20Tracking%20Tool%20%28ETT%29%20Report%20No.%20301.pdf,title:emergency tracking tool
733,2022,2022-11-15,Post-Flood Situation Report (Ad-Hoc),North Central,Kogi,Nigeria — Flood Rapid Needs Assessment Dashboard — Kogi State (15 November 2022),https://dtm.iom.int/reports/nigeria-flood-rapid-needs-assessment-dashboard-kogi-state-15-november-2022,https://dtm.iom.int/sites/g/files/tmzbdl1461/files/reports/IOM%20Nigeria%20DTM%20Flood%20Report%20-%20Kogi%20State%20%2823%20November%202022%29_0.pdf,title:flood rapid needs
734,2022,2022-11-14,Early Warning & Early Response Dashboard,North East,Adamawa,Nigeria — Transhumance Tracking Tool Report — Early Warning Dashboard 10 (October 2022),https://dtm.iom.int/reports/nigeria-transhumance-tracking-tool-report-early-warning-dashboard-10-october-2022,https://dtm.iom.int/sites/g/files/tmzbdl1461/files/reports/Nigeria%20%E2%80%94%20Transhumance%20Tracking%20Tool%20Report%20%E2%80%94%20Early%20Warning%20Dashboard%2010%20%28October%202022%29.pdf,title:early warning dashboard
735,2022,2022-11-11,Incident / Flash Report,North Central; North West,Benue,Nigeria — North-central & North-west Flash Report #122 (9 November 2022),https://dtm.iom.int/reports/nigeria-north-central-north-west-flash-report-122-9-november-2022,https://dtm.iom.int/sites/g/files/tmzbdl1461/files/reports/IOM%20Nigeria%20DTM%20Flash%20Report%20NCNW%20122%20%287%20November%202022%29.pdf,title:flash report
736,2022,2022-11-11,Emergency Tracking Tool (ETT),,,Nigeria — Emergency Tracking Tool Report 300 (31 October - 6 November 2022),https://dtm.iom.int/reports/nigeria-emergency-tracking-tool-report-300-31-october-6-november-2022,https://dtm.iom.int/sites/g/files/tmzbdl1461/files/reports/IOM%20Nigeria%20DTM%20Emergency%20Tracking%20Tool%20%28ETT%29%20Report%20No.%20300%20.pdf,title:emergency tracking tool
737,2022,2022-11-09,Post-Flood Situation Report (Ad-Hoc),,,Nigeria — Flood Rapid Needs Assessment Dashboard — Anambra State (8 November 2022),https://dtm.iom.int/reports/nigeria-flood-rapid-needs-assessment-dashboard-anambra-state-8-november-2022,https://dtm.iom.int/sites/g/files/tmzbdl1461/files/reports/Anambra%20Flood%20Assessment%20Dashboard%20%289%20November%202022%29_3.pdf,title:flood rapid needs
738,2022,2022-11-03,Emergency Tracking Tool (ETT),,,Nigeria — Emergency Tracking Tool Report 299 (24 - 30 October 2022),https://dtm.iom.int/reports/nigeria-emergency-tracking-tool-report-299-24-30-october-2022,https://dtm.iom.int/sites/g/files/tmzbdl1461/files/reports/IOM%20Nigeria%20DTM%20Emergency%20Tracking%20Tool%20%28ETT%29%20Report%20No.%20299.pdf,title:emergency tracking tool
739,2022,2022-11-02,Mobility Tracking – IDP & Returnee Atlas,North Central; North West,,Nigeria — North-Central and North-West — Mobility Tracking Round 10 IDP Atlas (October 2022),https://dtm.iom.int/reports/nigeria-north-central-and-north-west-mobility-tracking-round-10-idp-atlas-october-2022,https://dtm.iom.int/sites/g/files/tmzbdl1461/files/reports/IDP%20Atlas%20-%20NCNW%20R10%20updated.pdf,title:atlas
740,2022,2022-10-28,Emergency Tracking Tool (ETT),North East,Adamawa; Borno,Nigeria — Emergency Tracking Tool Report 298 (17 - 23 October 2022),https://dtm.iom.int/reports/nigeria-emergency-tracking-tool-report-298-17-23-october-2022,https://dtm.iom.int/sites/g/files/tmzbdl1461/files/reports/IOM%20Nigeria%20DTM%20Emergency%20Tracking%20Tool%20%28ETT%29%20Report%20No.%20298.pdf,title:emergency tracking tool
741,2022,2022-10-27,Incident / Flash Report,North Central; North West,Benue; Zamfara,Nigeria — North-central & North-west Flash Report 121 (24 October 2022),https://dtm.iom.int/reports/nigeria-north-central-north-west-flash-report-121-24-october-2022,https://dtm.iom.int/sites/g/files/tmzbdl1461/files/reports/IOM%20Nigeria%20DTM%20Flash%20Report%20NCNW%20121%20%2824%20October%202022%29.pdf,title:flash report
742,2022,2022-10-24,Emergency Tracking Tool (ETT),North East; North Central,Adamawa; Borno; Yobe; Niger,Nigeria — Emergency Tracking Tool Quarterly Report (July - September 2022),https://dtm.iom.int/reports/nigeria-emergency-tracking-tool-quarterly-report-july-september-2022,https://dtm.iom.int/sites/g/files/tmzbdl1461/files/reports/IOM%20Nigeria%20DTM%20Emergency%20Tracking%20Tool%20%28ETT%29%20Quarterly%20Report%20%20Jul%20-%20Sep%202022.pdf,title:emergency tracking tool
743,2022,2022-10-20,Flow Monitoring (migrants) – extra category,North Central,Niger,Nigeria — Flow Monitoring Dashboard 55 (July 2022),https://dtm.iom.int/reports/nigeria-flow-monitoring-dashboard-55-july-2022,https://dtm.iom.int/sites/g/files/tmzbdl1461/files/reports/Flow%20Monitoring%20Dashboard%2055%20July%202022.pdf,title:flow monitoring
744,2022,2022-10-20,Emergency Tracking Tool (ETT),North East,Adamawa; Borno,Nigeria — Emergency Tracking Tool Report 297 (10 - 16 October 2022),https://dtm.iom.int/reports/nigeria-emergency-tracking-tool-report-297-10-16-october-2022,https://dtm.iom.int/sites/g/files/tmzbdl1461/files/reports/IOM%20Nigeria%20DTM%20Emergency%20Tracking%20Tool%20%28ETT%29%20Report%20No.%20297.pdf,title:emergency tracking tool
745,2022,2022-10-19,Incident / Flash Report,North Central; North West,Benue; Sokoto,Nigeria — North-central & North-west Flash Report 120 (17 October 2022),https://dtm.iom.int/reports/nigeria-north-central-north-west-flash-report-120-17-october-2022,https://dtm.iom.int/sites/g/files/tmzbdl1461/files/reports/IOM%20Nigeria%20DTM%20Flash%20Report%20NCNW%20120%20%2817%20October%202022%29.pdf,title:flash report
746,2022,2022-10-17,Early Warning & Early Response Dashboard,North East,Adamawa,Nigeria — Transhumance Tracking Tool Report — Early Warning Dashboard 9 (September 2022),https://dtm.iom.int/reports/nigeria-transhumance-tracking-tool-report-early-warning-dashboard-9-september-2022,https://dtm.iom.int/sites/g/files/tmzbdl1461/files/reports/Nigeria%20%E2%80%94%20Transhumance%20Tracking%20Tool%20Report%20%E2%80%94%20Early%20Warning%20Dashboard%209%20%28September%202022%29.pdf,title:early warning dashboard
747,2022,2022-10-14,Emergency Tracking Tool (ETT),,,Nigeria — Emergency Tracking Tool Report 296 (03 - 09 October 2022),https://dtm.iom.int/reports/nigeria-emergency-tracking-tool-report-296-03-09-october-2022,https://dtm.iom.int/sites/g/files/tmzbdl1461/files/reports/IOM%20Nigeria%20DTM%20Emergency%20Tracking%20Tool%20%28ETT%29%20Report%20No.%20296.pdf,title:emergency tracking tool
748,2022,2022-10-12,Incident / Flash Report,North Central; North West,Benue,Nigeria — North-central & North-west Flash Report 119 (10 October2022),https://dtm.iom.int/reports/nigeria-north-central-north-west-flash-report-119-10-october2022,https://dtm.iom.int/sites/g/files/tmzbdl1461/files/reports/IOM%20Nigeria%20DTM%20Flash%20Report%20NCNW%20119%20%2810%20October%202022%29.pdf,title:flash report
749,2022,2022-10-12,Incident / Flash Report,North East,Yobe; Bauchi,Nigeria — Flood Flash Report Bauchi and Yobe States (11 October2022),https://dtm.iom.int/reports/nigeria-flood-flash-report-bauchi-and-yobe-states-11-october2022,https://dtm.iom.int/sites/g/files/tmzbdl1461/files/reports/IOM%20Nigeria%20DTM%20Flash%20Report%20NE-%20Geidam%2C%20Karasuwa%20and%20Warji%20LGAs%20%2811%20October2022%29.pdf,title:flash report
750,2022,2022-10-07,Emergency Tracking Tool (ETT),,,Nigeria — Emergency Tracking Tool Report 295 (26 September - 02 October 2022),https://dtm.iom.int/reports/nigeria-emergency-tracking-tool-report-295-26-september-02-october-2022,https://dtm.iom.int/sites/g/files/tmzbdl1461/files/reports/IOM%20Nigeria%20DTM%20Emergency%20Tracking%20Tool%20%28ETT%29%20Report%20No.%20295.pdf,title:emergency tracking tool
751,2022,2022-10-07,Other / Unclassified,North East,Borno,Nigeria — COVID-19 Point of Entry Monthly Dashboard (September 2022),https://dtm.iom.int/reports/nigeria-covid-19-point-entry-monthly-dashboard-september-2022,https://dtm.iom.int/sites/g/files/tmzbdl1461/files/reports/IOM%20Nigeria%20COVID-19%20Point%20of%20Entry%20Monthly%20Dashboard%20%28September%202022%29.pdf,
752,2022,2022-10-05,Incident / Flash Report,North Central; North West,Benue,Nigeria — North-central & North-west Flash Report 118 (03 October 2022),https://dtm.iom.int/reports/nigeria-north-central-north-west-flash-report-118-03-october-2022,https://dtm.iom.int/sites/g/files/tmzbdl1461/files/reports/IOM%20Nigeria%20DTM%20Flash%20Report%20NCNW%20118%20%283%20October%202022%29.pdf,title:flash report
753,2022,2022-09-30,Incident / Flash Report,North East,Adamawa; Borno; Yobe; Bauchi,"Nigeria — Flood Flash Report Borno, Adamawa, Bauchi and Yobe States (14 - 26 September 2022)",https://dtm.iom.int/reports/nigeria-flood-flash-report-borno-adamawa-bauchi-and-yobe-states-14-26-september-2022,https://dtm.iom.int/sites/g/files/tmzbdl1461/files/reports/IOM%20Nigeria%20DTM%20Flash%20Report%20NE%20-Borno%20Adamawa%20Bauchi%20and%20Yobe%20State%20%2814%20-%2026%20September%202022%29_0.pdf,title:flash report
754,2022,2022-09-28,Incident / Flash Report,North Central; North West,Benue; Sokoto,Nigeria — North-central & North-west Flash Report 117  (19 - 25 September 2022),https://dtm.iom.int/reports/nigeria-north-central-north-west-flash-report-117-19-25-september-2022,https://dtm.iom.int/sites/g/files/tmzbdl1461/files/reports/IOM%20Nigeria%20DTM%20Flash%20Report%20NCNW%20117%20%2826%20September%202022%29.pdf,title:flash report
755,2022,2022-09-28,Emergency Tracking Tool (ETT),North East,Adamawa; Borno,Nigeria — Emergency Tracking Tool Report 294 (19 - 25 September 2022),https://dtm.iom.int/reports/nigeria-emergency-tracking-tool-report-294-19-25-september-2022,https://dtm.iom.int/sites/g/files/tmzbdl1461/files/reports/IOM%20Nigeria%20DTM%20Emergency%20Tracking%20Tool%20%28ETT%29%20Report%20No.%20294.pdf,title:emergency tracking tool
756,2022,2022-09-22,Early Warning & Early Response Dashboard,North East,Adamawa,Nigeria — Transhumance Tracking Tool Report — Early Warning Dashboard 8 (August 2022),https://dtm.iom.int/reports/nigeria-transhumance-tracking-tool-report-early-warning-dashboard-8-august-2022,https://dtm.iom.int/sites/g/files/tmzbdl1461/files/reports/Nigeria%20%E2%80%94%20Transhumance%20Tracking%20Tool%20Report%20%E2%80%94%20Early%20Warning%20Dashboard%20%238%20%28August%202022%29.pdf,title:early warning dashboard
757,2022,2022-09-22,Incident / Flash Report,North Central; North West,Zamfara,Nigeria — North-central & North-west Flash Report 116 (12 -18 September 2022),https://dtm.iom.int/reports/nigeria-north-central-north-west-flash-report-116-12-18-september-2022,https://dtm.iom.int/sites/g/files/tmzbdl1461/files/reports/IOM%20Nigeria%20DTM%20Flash%20Report%20NCNW%20116%20%2819%20September%202022%29.pdf,title:flash report
758,2022,2022-09-22,Emergency Tracking Tool (ETT),North East,Adamawa; Borno,Nigeria — Emergency Tracking Tool Report 293 (12 - 18 September 2022),https://dtm.iom.int/reports/nigeria-emergency-tracking-tool-report-293-12-18-september-2022,https://dtm.iom.int/sites/g/files/tmzbdl1461/files/reports/IOM%20Nigeria%20DTM%20Emergency%20Tracking%20Tool%20%28ETT%29%20Report%20No.%20293.pdf,title:emergency tracking tool
759,2022,2022-09-21,Flow Monitoring (migrants) – extra category,North Central; North West,Niger; Kano; Sokoto,Nigeria — Flow Monitoring Dashboard 54 (April - June 2022),https://dtm.iom.int/reports/nigeria-flow-monitoring-dashboard-54-april-june-2022,https://dtm.iom.int/sites/g/files/tmzbdl1461/files/reports/Flow%20Monitoring%20Dashboard%2054%20June%202022.pdf,title:flow monitoring
760,2022,2022-09-15,Incident / Flash Report,North East,Bauchi,Nigeria — Flood Flash Report — Bauchi State (12 September 2022),https://dtm.iom.int/reports/nigeria-flood-flash-report-bauchi-state-12-september-2022,https://dtm.iom.int/sites/g/files/tmzbdl1461/files/reports/IOM%20Nigeria%20DTM%20Flash%20Report%20NE%20-%20Ningi%2C%20Gamawa%2C%20Ganjuwa%2C%20Wargi%2C%20zaki%20and%20Damban%20LGA%20Bauchi%20State%20%2813%20September%202022%29.pdf,title:flash report
761,2022,2022-09-15,Emergency Tracking Tool (ETT),North East,Adamawa; Borno,Nigeria — Emergency Tracking Tool Report 292 (05 — 11 September 2022),https://dtm.iom.int/reports/nigeria-emergency-tracking-tool-report-292-05-11-september-2022,https://dtm.iom.int/sites/g/files/tmzbdl1461/files/reports/IOM%20Nigeria%20DTM%20Emergency%20Tracking%20Tool%20%28ETT%29%20Report%20No.%20292%20%281%29.pdf,title:emergency tracking tool
762,2022,2022-09-13,Incident / Flash Report,North Central; North West,Benue,Nigeria — North-central & North-west Flash Report 115 (12 September 2022),https://dtm.iom.int/reports/nigeria-north-central-north-west-flash-report-115-12-september-2022,https://dtm.iom.int/sites/g/files/tmzbdl1461/files/reports/IOM%20Nigeria%20DTM%20Flash%20Report%20NCNW%20115%20%2812%20September%202022%29.pdf,title:flash report
763,2022,2022-09-12,Incident / Flash Report,North Central; North West,Plateau; Katsina,Nigeria — North-central & North-west Flash Report 114 (05 September 2022),https://dtm.iom.int/reports/nigeria-north-central-north-west-flash-report-114-05-september-2022,https://dtm.iom.int/sites/g/files/tmzbdl1461/files/reports/IOM%20Nigeria%20DTM%20Flash%20Report%20NCNW%205%20September%202022.pdf,title:flash report
764,2022,2022-09-12,Emergency Tracking Tool (ETT),,,Nigeria — Emergency Tracking Tool Report 291 (29 August — 04 September 2022),https://dtm.iom.int/reports/nigeria-emergency-tracking-tool-report-291-29-august-04-september-2022,https://dtm.iom.int/sites/g/files/tmzbdl1461/files/reports/IOM%20Nigeria%20DTM%20Emergency%20Tracking%20Tool%20%28ETT%29%20Report%20No.%20291%20%2829%20August%20-%2004%20September%202022%29.pdf,title:emergency tracking tool
765,2022,2022-09-02,Incident / Flash Report,North East,Adamawa; Borno; Yobe,"Nigeria — Flood Flash Report — Borno, Adamawa and Yobe States (June - August 2022)",https://dtm.iom.int/reports/nigeria-flood-flash-report-borno-adamawa-and-yobe-states-june-august-2022,https://dtm.iom.int/sites/g/files/tmzbdl1461/files/reports/IOM%20Nigeria%20DTM%20Flash%20Report%20NE%20-Borno%2C%20Adamawa%20and%20Yobe%20Stae%20%281%20June%20-%2031%20August%202022%29.pdf,title:flash report
766,2022,2022-09-01,Early Warning & Early Response Dashboard,North East,Adamawa,Nigeria — Transhumance Tracking Tool Report — Early Warning Dashboard 7 (July 2022),https://dtm.iom.int/reports/nigeria-transhumance-tracking-tool-report-early-warning-dashboard-7-july-2022,https://dtm.iom.int/sites/g/files/tmzbdl1461/files/reports/Nigeria%20%E2%80%94%20Transhumance%20Tracking%20Tool%20Report%20%E2%80%94%20Early%20Warning%20Dashboard%207%20%28July%202022%29.pdf,title:early warning dashboard
767,2022,2022-09-01,Incident / Flash Report,North East,Borno,Nigeria — Flood Flash Report — Borno State (31 August 2022),https://dtm.iom.int/reports/nigeria-flood-flash-report-borno-state-31-august-2022,https://dtm.iom.int/sites/g/files/tmzbdl1461/files/reports/IOM%20Nigeria%20DTM%20Flash%20Report%20NE%20-Jere%20Monguno%20and%20Kala%20Balge%20LGA%20%2831%20August%202022%29.pdf,title:flash report
768,2022,2022-09-01,Emergency Tracking Tool (ETT),,,Nigeria — Emergency Tracking Tool Report 290 (22 - 28 August 2022),https://dtm.iom.int/reports/nigeria-emergency-tracking-tool-report-290-22-28-august-2022,https://dtm.iom.int/sites/g/files/tmzbdl1461/files/reports/IOM%20Nigeria%20DTM%20Emergency%20Tracking%20Tool%20%28ETT%29%20Report%20No.%20290%20%2822%20-%2028%20August%202022%29.pdf,title:emergency tracking tool
769,2022,2022-08-31,Incident / Flash Report,North Central; North West,Sokoto,Nigeria — North-central & North-west Flash Report 113 (31 August 2022),https://dtm.iom.int/reports/nigeria-north-central-north-west-flash-report-113-31-august-2022,https://dtm.iom.int/sites/g/files/tmzbdl1461/files/reports/IOM%20Nigeria%20DTM%20Flash%20Report%20NCNW%20113%20%2830%20August%202022%29.pdf,title:flash report
770,2022,2022-08-31,Incident / Flash Report,North East,Adamawa,Nigeria — Flood Flash Report — Adamawa State (30 August 2022),https://dtm.iom.int/reports/nigeria-flood-flash-report-adamawa-state-30-august-2022,https://dtm.iom.int/sites/g/files/tmzbdl1461/files/reports/IOM%20Nigeria%20DTM%20Flash%20Report%20NE%20-%20Numan%2C%20Lamurde%20and%20Madagali%20LGA%2C%20Adamawa%20State%20%2830%20August%202022%29.pdf,title:flash report
771,2022,2022-08-25,Incident / Flash Report,North East,Borno,"Nigeria — Camp Closure Flash Report — Dalori I and Dalori II, Borno State (24 August 2022)",https://dtm.iom.int/reports/nigeria-camp-closure-flash-report-dalori-i-and-dalori-ii-borno-state-24-august-2022,https://dtm.iom.int/sites/g/files/tmzbdl1461/files/reports/IOM%20Nigeria%20DTM%20Flash%20Report%20NE%20-%20Dalori%20I%20%20II%20Camp%20Relocation%20Konduga%20LGA%20Borno%20State%20%2824%20August%202022%29.pdf,title:flash report
772,2022,2022-08-24,Incident / Flash Report,North Central; North West,Benue; Zamfara,Nigeria — North-central & North-west Flash Report 112 — Benue and Zamfara States (22 August 2022),https://dtm.iom.int/reports/nigeria-north-central-north-west-flash-report-112-benue-and-zamfara-states-22-august-2022,https://dtm.iom.int/sites/g/files/tmzbdl1461/files/reports/IOM%20Nigeria%20DTM%20Flash%20Report%20NCNW%20112%20%2822%20August%202022%29.pdf,title:flash report
773,2022,2022-08-24,Incident / Flash Report,North East,Adamawa,Nigeria — Flood Flash Report — Adamawa State (24 August 2022),https://dtm.iom.int/reports/nigeria-flood-flash-report-adamawa-state-24-august-2022,https://dtm.iom.int/sites/g/files/tmzbdl1461/files/reports/IOM%20Nigeria%20DTM%20Flash%20Report%20NE%20-%20Numan%20and%20Shelleng%20LGA%20Adamawa%20State%20%2823%20August%202022%29.pdf,title:flash report
774,2022,2022-08-24,Emergency Tracking Tool (ETT),,,Nigeria — Emergency Tracking Tool Report 289 (15 -21 August 2022),https://dtm.iom.int/reports/nigeria-emergency-tracking-tool-report-289-15-21-august-2022,https://dtm.iom.int/sites/g/files/tmzbdl1461/files/reports/IOM%20Nigeria%20DTM%20Emergency%20Tracking%20Tool%20%28ETT%29%20Report%20No.%20289%20%2815%20-21%20August%202022%29.pdf,title:emergency tracking tool
775,2022,2022-08-22,Incident / Flash Report,North East,Yobe,Nigeria — Heavy Rainfall Flash Report — Yobe State (22 August 2022),https://dtm.iom.int/reports/nigeria-heavy-rainfall-flash-report-yobe-state-22-august-2022,https://dtm.iom.int/sites/g/files/tmzbdl1461/files/reports/IOM%20Nigeria%20DTM%20Flash%20Report%20NE%20-%20Gujba%20and%20Gulani%20LGA%20%2822%20August%202022%29.pdf,title:flash report
776,2022,2022-08-18,Emergency Tracking Tool (ETT),,,Nigeria — Emergency Tracking Tool Report 288 (08 -14 August 2022),https://dtm.iom.int/reports/nigeria-emergency-tracking-tool-report-288-08-14-august-2022,https://dtm.iom.int/sites/g/files/tmzbdl1461/files/reports/IOM%20Nigeria%20DTM%20Emergency%20Tracking%20Tool%20%28ETT%29%20Report%20No.%20288%20%288%20-14%20August%202022%29.pdf,title:emergency tracking tool
777,2022,2022-08-16,Incident / Flash Report,North East,Yobe,Nigeria — Heavy Rainfall Flash Report — Yobe State (16 August 2022),https://dtm.iom.int/reports/nigeria-heavy-rainfall-flash-report-yobe-state-16-august-2022,https://dtm.iom.int/sites/g/files/tmzbdl1461/files/reports/IOM%20Nigeria%20DTM%20Flash%20Report%20NE%20-Damaturu%20and%20Tarmua%20LGA%20%2817%20August%202022%29.pdf,title:flash report
778,2022,2022-08-12,Emergency Tracking Tool (ETT),North East,Adamawa; Borno,Nigeria — Emergency Tracking Tool Report 287 (01 -07 August 2022),https://dtm.iom.int/reports/nigeria-emergency-tracking-tool-report-287-01-07-august-2022,https://dtm.iom.int/sites/g/files/tmzbdl1461/files/reports/IOM%20Nigeria%20DTM%20Emergency%20Tracking%20Tool%20%28ETT%29%20Report%20No.%20287%20%2801%20-07%20August%202022%29.pdf,title:emergency tracking tool
779,2022,2022-08-11,Incident / Flash Report,North Central; North West,,Nigeria — North-central & North-west Flash Report 110 (8 August 2022),https://dtm.iom.int/reports/nigeria-north-central-north-west-flash-report-110-8-august-2022,https://dtm.iom.int/sites/g/files/tmzbdl1461/files/reports/IOM%20Nigeria%20DTM%20Flash%20Report%20NCNW%20110%20%288%20August%202022%29.pdf,title:flash report
780,2022,2022-08-10,Incident / Flash Report,North East,Borno,"Nigeria — North-east Dalori I Camp, Konduga LGA — Borno State Flash Report (9 August 2022)",https://dtm.iom.int/reports/nigeria-north-east-dalori-i-camp-konduga-lga-borno-state-flash-report-9-august-2022,https://dtm.iom.int/sites/g/files/tmzbdl1461/files/reports/IOM%20Nigeria%20DTM%20Flash%20Report%20NE%20-%20Dalori%20I%20Camp%20Relocation%20Konduga%20LGA%20%28Borno%20State%29%2009%20August%202022.pdf,title:flash report
781,2022,2022-08-10,Socio Economic Survey,North East,Adamawa; Borno,Nigeria — Assessing the Quality of Return in North-East Nigeria (July 2022),https://dtm.iom.int/reports/nigeria-assessing-quality-return-north-east-nigeria-july-2022,https://dtm.iom.int/sites/g/files/tmzbdl1461/files/reports/Assessing%20the%20quality%20of%20return%20in%20NE%20Nigeria.pdf,summary:socio-economic
782,2022,2022-08-09,Incident / Flash Report,North East,Yobe,Nigeria — North-east Yobe State Flash Report (08 August 2022),https://dtm.iom.int/reports/nigeria-north-east-yobe-state-flash-report-08-august-2022,https://dtm.iom.int/sites/g/files/tmzbdl1461/files/reports/IOM%20Nigeria%20DTM%20Flash%20Report%20NE%20-%20Gulani%20Gujba%20Geidam%20Machina%20and%20Bursari%20LGA%20%2808%20August%202022%29.pdf,title:flash report
783,2022,2022-08-09,Incident / Flash Report,North East,Yobe,Nigeria — North-east Yobe State Flash Report (08 August 2022),https://dtm.iom.int/reports/nigeria-north-east-yobe-state-flash-report-08-august-2022-0,https://dtm.iom.int/sites/g/files/tmzbdl1461/files/reports/IOM%20Nigeria%20DTM%20Flash%20Report%20NE%20-%20Gujba%20GeidamKarasawa%20Potiskum%20Damaturu%20and%20Yusufari%20LGA%20%2808%20August%202022%29.pdf,title:flash report
784,2022,2022-08-09,Mobility Tracking – IDP & Returnee Atlas,North East,,Nigeria — North-East — Mobility Tracking IDP and Returnee Atlas Round 42 (July 2022),https://dtm.iom.int/reports/nigeria-north-east-mobility-tracking-idp-and-returnee-atlas-round-42-july-2022,https://dtm.iom.int/sites/g/files/tmzbdl1461/files/reports/IDP%20and%20Returnee%20Atlas%20%20%28July%202022%29.pdf,title:atlas
785,2022,2022-08-08,Incident / Flash Report,North East,Borno,Nigeria — North-east  Konduga LGA — Borno State Flash Report (5 August 2022),https://dtm.iom.int/reports/nigeria-north-east-konduga-lga-borno-state-flash-report-5-august-2022,https://dtm.iom.int/sites/g/files/tmzbdl1461/files/reports/IOM%20Nigeria%20DTM%20Flash%20Report%20NE%20-%20Dalori%20II%20Camp%20Relocation%20Konduga%20LGA%20%28Borno%20State%29%2005%20August%202022.pdf,title:flash report
786,2022,2022-08-04,Emergency Tracking Tool (ETT),,,Nigeria — Emergency Tracking Tool Report 286 (25 - 31 July 2022),https://dtm.iom.int/reports/nigeria-emergency-tracking-tool-report-286-25-31-july-2022,https://dtm.iom.int/sites/g/files/tmzbdl1461/files/reports/IOM%20Nigeria%20DTM%20Emergency%20Tracking%20Tool%20%28ETT%29%20Report%20No.286%20%2825%20-%2031%20July%202022%29_0.pdf,title:emergency tracking tool
787,2022,2022-08-01,Incident / Flash Report,North East,Borno,Nigeria — North-east Bama LGA Borno State Flash Report (29 July 2022),https://dtm.iom.int/reports/nigeria-north-east-bama-lga-borno-state-flash-report-29-july-2022,https://dtm.iom.int/sites/g/files/tmzbdl1461/files/reports/IOM%20Nigeria%20DTM%20Flash%20Report%20NE%20-%20Banki%20Camp%2C%20Bama%20LGA%2C%20Borno%20State%20%2829%20July%202022%29.pdf,title:flash report
788,2022,2022-07-29,Incident / Flash Report,North Central; North West,,Nigeria — North-central & North-west Flash Report #108 (18 - 24 July 2022),https://dtm.iom.int/reports/nigeria-north-central-north-west-flash-report-108-18-24-july-2022,https://dtm.iom.int/sites/g/files/tmzbdl1461/files/reports/IOM%20Nigeria%20DTM%20Flash%20Report%20NCNW%20108%20%2825%20July%202022%29.pdf,title:flash report
789,2022,2022-07-29,Emergency Tracking Tool (ETT),,,Nigeria — Emergency Tracking Tool Report 285 (18 - 24 July 2022),https://dtm.iom.int/reports/nigeria-emergency-tracking-tool-report-285-18-24-july-2022,https://dtm.iom.int/sites/g/files/tmzbdl1461/files/reports/IOM%20Nigeria%20DTM%20Emergency%20Tracking%20Tool%20%28ETT%29%20Report%20No.285%20%28%2018%20-%2024%20July%202022%29.pdf,title:emergency tracking tool
790,2022,2022-07-22,Flow Monitoring (migrants) – extra category,North Central; North West,Niger; Kano; Sokoto,Nigeria — Flow Monitoring Dashboard 53 (May 2022),https://dtm.iom.int/reports/nigeria-flow-monitoring-dashboard-53-may-2022,https://dtm.iom.int/sites/g/files/tmzbdl1461/files/reports/Flow%20Monitoring%20dashboard%2053%20May%202022.pdf,title:flow monitoring
791,2022,2022-07-21,Early Warning & Early Response Dashboard,North East,Adamawa,Nigeria — Transhumance Tracking Tool Report — Early Warning Dashboard 6 (June 2022),https://dtm.iom.int/reports/nigeria-transhumance-tracking-tool-report-early-warning-dashboard-6-june-2022,https://dtm.iom.int/sites/g/files/tmzbdl1461/files/reports/Nigeria%20%E2%80%94%20Transhumance%20Tracking%20Tool%20Report%20%E2%80%94%20Early%20Warning%20Dashboard%20%236%20%28June%202022%29.pdf,title:early warning dashboard
792,2022,2022-07-21,Emergency Tracking Tool (ETT),,,Nigeria — Emergency Tracking Tool Report 284 (11 - 17 July 2022),https://dtm.iom.int/reports/nigeria-emergency-tracking-tool-report-284-11-17-july-2022,https://dtm.iom.int/sites/g/files/tmzbdl1461/files/reports/IOM%20Nigeria%20DTM%20Emergency%20Tracking%20Tool%20%28ETT%29%20Report%20No.284%20%28%2011%20-%2017%20July%202022%29.pdf,title:emergency tracking tool
793,2022,2022-07-19,Incident / Flash Report,North East,Adamawa,Nigeria — North-east Song LGA Adamawa State Flash Report (19 July 2022),https://dtm.iom.int/reports/nigeria-north-east-song-lga-adamawa-state-flash-report-19-july-2022,https://dtm.iom.int/sites/g/files/tmzbdl1461/files/reports/IOM%20Nigeria%20DTM%20Flash%20Report%20NE%20-%20Song%20LGA%20Flood%20Adamawa%20State%20%2819%20July%202022%29.pdf,title:flash report
794,2022,2022-07-14,Emergency Tracking Tool (ETT),,,Nigeria — Emergency Tracking Tool Report 283 (04 - 10 July 2022),https://dtm.iom.int/reports/nigeria-emergency-tracking-tool-report-283-04-10-july-2022,https://dtm.iom.int/sites/g/files/tmzbdl1461/files/reports/IOM%20Nigeria%20DTM%20Emergency%20Tracking%20Tool%20%28ETT%29%20Report%20No.283%20%2804%20-%2010%20July%202022%29.pdf,title:emergency tracking tool
795,2022,2022-07-13,Mobility Tracking – IDP & Returnee Atlas,North East,Adamawa; Borno; Yobe; Gombe; Taraba; Bauchi,Nigeria — North-east — Displacement Report 41 (June 2022),https://dtm.iom.int/reports/nigeria-north-east-displacement-report-41-june-2022,https://dtm.iom.int/sites/g/files/tmzbdl1461/files/reports/DTM%20Report%20Round%2041%20%20%28June%202022%29.pdf,title:displacement report
796,2022,2022-07-08,Incident / Flash Report,North East,Borno,Nigeria — North-east Jere and Maiduguri M. C. LGAs Borno State Flash Report (08 July 2022),https://dtm.iom.int/reports/nigeria-north-east-jere-and-maiduguri-m-c-lgas-borno-state-flash-report-08-july-2022,https://dtm.iom.int/sites/g/files/tmzbdl1461/files/reports/IOM%20Nigeria%20DTM%20Flash%20Report%20NE%20-%20Maiduguri%20M.C%20and%20Jere%20LGAs%20Windstorm%20%28Borno%20State%29%20-%20%2808%20July%202022%29.pdf,title:flash report
797,2022,2022-07-08,Emergency Tracking Tool (ETT),,,Nigeria — Emergency Tracking Tool Report 282 (27 June - 03 July 2022),https://dtm.iom.int/reports/nigeria-emergency-tracking-tool-report-282-27-june-03-july-2022,https://dtm.iom.int/sites/g/files/tmzbdl1461/files/reports/IOM%20Nigeria%20DTM%20Emergency%20Tracking%20Tool%20%28ETT%29%20Report%20No.282.pdf,title:emergency tracking tool
798,2022,2022-07-07,Incident / Flash Report,North Central; North West,,Nigeria — North-central & North-west Flash Report 107 (27 June - 03 July 2022),https://dtm.iom.int/reports/nigeria-north-central-north-west-flash-report-107-27-june-03-july-2022,https://dtm.iom.int/sites/g/files/tmzbdl1461/files/reports/IOM%20Nigeria%20DTM%20Flash%20Report%20NCNW%20107%20%284%20July%202022%29.pdf,title:flash report
799,2022,2022-07-06,Other / Unclassified,North East,Borno,Nigeria — COVID-19 Point of Entry Monthly Dashboard (June 2022),https://dtm.iom.int/reports/nigeria-covid-19-point-entry-monthly-dashboard-june-2022,https://dtm.iom.int/sites/g/files/tmzbdl1461/files/reports/IOM%20Nigeria%20COVID-19%20Point%20of%20Entry%20Monthly%20Dashboard%20%28June%202022%29.pdf,
800,2022,2022-07-01,Flow Monitoring (migrants) – extra category,North Central; North West,Niger; Kano; Sokoto,Nigeria — Flow Monitoring Dashboard 52 (April 2022),https://dtm.iom.int/reports/nigeria-flow-monitoring-dashboard-52-april-2022,https://dtm.iom.int/sites/g/files/tmzbdl1461/files/reports/Flow%20Monitoring%20Dashboard%2052%20April%202022.pdf,title:flow monitoring
801,2022,2022-07-01,Emergency Tracking Tool (ETT),,,Nigeria — Emergency Tracking Tool Report 281 (20 - 26 June 2022),https://dtm.iom.int/reports/nigeria-emergency-tracking-tool-report-281-20-26-june-2022,https://dtm.iom.int/sites/g/files/tmzbdl1461/files/reports/IOM%20Nigeria%20DTM%20Emergency%20Tracking%20Tool%20%28ETT%29%20Report%20No.281_0.pdf,title:emergency tracking tool
802,2022,2022-06-29,Incident / Flash Report,North East,Adamawa,"Nigeria — North-east Madagali LGA, Adamawa State Flash Report (27 June 2022)",https://dtm.iom.int/reports/nigeria-north-east-madagali-lga-adamawa-state-flash-report-27-june-2022,https://dtm.iom.int/sites/g/files/tmzbdl1461/files/reports/IOM%20Nigeria%20DTM%20Flash%20Report%20NE%20-%20Madagali%20Adamawa%20State%20%2828%20June%202022%29.pdf,title:flash report
803,2022,2022-06-29,Incident / Flash Report,North Central; North West,,Nigeria — North-central & North-west Flash Report #106 (20 - 26 June 2022),https://dtm.iom.int/reports/nigeria-north-central-north-west-flash-report-106-20-26-june-2022,https://dtm.iom.int/sites/g/files/tmzbdl1461/files/reports/IOM%20Nigeria%20DTM%20Flash%20Report%20NCNW%20106%20%2827%20June%202022%29.pdf,title:flash report
804,2022,2022-06-24,Emergency Tracking Tool (ETT),,,Nigeria — Emergency Tracking Tool Report 280 (13 - 19 June 2022),https://dtm.iom.int/reports/nigeria-emergency-tracking-tool-report-280-13-19-june-2022,https://dtm.iom.int/sites/g/files/tmzbdl1461/files/reports/IOM%20Nigeria%20DTM%20Emergency%20Tracking%20Tool%20%28ETT%29%20Report%20No.280%20%2813%20-%2019%20June%202022%29_1.pdf,title:emergency tracking tool
805,2022,2022-06-22,Incident / Flash Report,North East,Adamawa; Gombe,Nigeria — North-east Adamawa and Gombe States Flash Report (22 June 2022),https://dtm.iom.int/reports/nigeria-north-east-adamawa-and-gombe-states-flash-report-22-june-2022,https://dtm.iom.int/sites/g/files/tmzbdl1461/files/reports/IOM%20Nigeria%20DTM%20Flash%20Report%20NE%20-%20Lamurde%20Guyuk%20and%20Balanga%20LGA%28Adamawa%20and%20Gombe%29%20communal%20clash%2022%20June%202022.pdf,title:flash report
806,2022,2022-06-22,Incident / Flash Report,North Central; North West,,Nigeria — North-central & North-west Flash Report #105 (06 - 11 June 2022),https://dtm.iom.int/reports/nigeria-north-central-north-west-flash-report-105-06-11-june-2022,https://dtm.iom.int/sites/g/files/tmzbdl1461/files/reports/IOM%20Nigeria%20DTM%20Flash%20Report%20NCNW%20104%20%2821%20June%202022%29.pdf,title:flash report
807,2022,2022-06-22,Mobility Tracking – IDP & Returnee Atlas,North East,Adamawa; Borno; Yobe; Gombe; Taraba; Bauchi,Nigeria — North-East — Displacement Factsheet 41 (14 February - 30 March 2022),https://dtm.iom.int/reports/nigeria-north-east-displacement-factsheet-41-14-february-30-march-2022,https://dtm.iom.int/sites/g/files/tmzbdl1461/files/reports/Round%2041%20-%20Factsheet_0.pdf,title:displacement factsheet
808,2022,2022-06-21,Flow Monitoring (migrants) – extra category,,,Nigeria — Flow Monitoring Dashboard 51 (March 2022),https://dtm.iom.int/reports/nigeria-flow-monitoring-dashboard-51-march-2022,https://dtm.iom.int/sites/g/files/tmzbdl1461/files/reports/Flow%20Monitoring%20Dashboard%2051%20March%202022.pdf,title:flow monitoring
809,2022,2022-06-21,Other / Unclassified,North East,Borno,Nigeria — COVID-19 Point of Entry Dashboard 109 (11 — 17 June 2022),https://dtm.iom.int/reports/nigeria-covid-19-point-entry-dashboard-109-11-17-june-2022,https://dtm.iom.int/sites/g/files/tmzbdl1461/files/reports/IOM%20Nigeria%20DTM%20COVID-19%20Point%20of%20Entry%20Dashboard%20109%20%2811-17%20June%202022%29.pdf,
810,2022,2022-06-21,Other / Unclassified,North East,Borno,Nigeria — COVID-19 Point of Entry Dashboard 109 (11 — 17 June 2022),https://dtm.iom.int/reports/nigeria-covid-19-point-entry-dashboard-109-11-17-june-2022-0,https://dtm.iom.int/sites/g/files/tmzbdl1461/files/reports/IOM%20Nigeria%20DTM%20COVID-19%20Point%20of%20Entry%20Dashboard%20109%20%2811-17%20June%202022%29_0.pdf,
811,2022,2022-06-17,Emergency Tracking Tool (ETT),,,Nigeria — Emergency Tracking Tool Report 279 (06 - 12 June 2022),https://dtm.iom.int/reports/nigeria-emergency-tracking-tool-report-279-06-12-june-2022,https://dtm.iom.int/sites/g/files/tmzbdl1461/files/reports/IOM%20Nigeria%20DTM%20Emergency%20Tracking%20Tool%20%28ETT%29%20Report%20No.279%20%2806%20-%2012%20June%202022%29.pdf,title:emergency tracking tool
812,2022,2022-06-16,Early Warning & Early Response Dashboard,,,Nigeria — Transhumance Tracking Tool Report — Early Warning Dashboard 5 (May 2022),https://dtm.iom.int/reports/nigeria-transhumance-tracking-tool-report-early-warning-dashboard-5-may-2022,https://dtm.iom.int/sites/g/files/tmzbdl1461/files/reports/Nigeria%20%E2%80%94%20Transhumance%20Tracking%20Tool%20Report%20%E2%80%94%20Early%20Warning%20%235%20%28May%202022%29.pdf,title:early warning dashboard
813,2022,2022-06-14,Other / Unclassified,North East,Borno,Nigeria — COVID-19 Point of Entry Dashboard 108 (04 — 10 June 2022),https://dtm.iom.int/reports/nigeria-covid-19-point-entry-dashboard-108-04-10-june-2022,https://dtm.iom.int/sites/g/files/tmzbdl1461/files/reports/IOM%20Nigeria%20DTM%20COVID-19%20Point%20of%20Entry%20Dashboard%20%2804%20-10%20June%202022%29.pdf,
814,2022,2022-06-10,Incident / Flash Report,North East,Adamawa,Nigeria — North-east Guyuk and Lamurde LGA — (Adamawa State) Flash Report 10 June 2022,https://dtm.iom.int/reports/nigeria-north-east-guyuk-and-lamurde-lga-adamawa-state-flash-report-10-june-2022,https://dtm.iom.int/sites/g/files/tmzbdl1461/files/reports/IOM%20Nigeria%20DTM%20Flash%20Report%20NE%20-%20Lamurde%20and%20Guyuk%20LGA%20Adamawa%20State%20Communal%20Clash%20report%2010%20June%202022.pdf,title:flash report
815,2022,2022-06-10,Emergency Tracking Tool (ETT),,,Nigeria — Emergency Tracking Tool Report 278 (30 May - 05 June 2022),https://dtm.iom.int/reports/nigeria-emergency-tracking-tool-report-278-30-may-05-june-2022,https://dtm.iom.int/sites/g/files/tmzbdl1461/files/reports/IOM%20Nigeria%20DTM%20Emergency%20Tracking%20Tool%20%28ETT%29%20Report%20No.278%20%2830%20May%20-%2005%20June%202022%29.pdf,title:emergency tracking tool
816,2022,2022-06-08,Incident / Flash Report,North Central; North West,,Nigeria — North-central & North-west Flash Report #103 (30 May - 05 June 2022),https://dtm.iom.int/reports/nigeria-north-central-north-west-flash-report-103-30-may-05-june-2022,https://dtm.iom.int/sites/g/files/tmzbdl1461/files/reports/IOM%20Nigeria%20DTM%20Flash%20Report%20NCNW%20103%20%287%20June%202022%29.pdf,title:flash report
817,2022,2022-06-07,Other / Unclassified,North East,Borno,Nigeria — COVID-19 Point of Entry Dashboard 107 (28 May — 03 June 2022),https://dtm.iom.int/reports/nigeria-covid-19-point-entry-dashboard-107-28-may-03-june-2022,https://dtm.iom.int/sites/g/files/tmzbdl1461/files/reports/IOM%20Nigeria%20DTM%20COVID-19%20Point%20of%20Entry%20Dashboard%20107%20%2828%20May%20-%2003%20June%202022%29_0.pdf,
818,2022,2022-06-03,Emergency Tracking Tool (ETT),,,Nigeria — Emergency Tracking Tool Report 277 (23 - 29 May 2022),https://dtm.iom.int/reports/nigeria-emergency-tracking-tool-report-277-23-29-may-2022,https://dtm.iom.int/sites/g/files/tmzbdl1461/files/reports/IOM%20Nigeria%20DTM%20Emergency%20Tracking%20Tool%20%28ETT%29%20Report%20No.277%20%2823%20-%2029%20May%202022%29.pdf,title:emergency tracking tool
819,2022,2022-06-01,Incident / Flash Report,North Central; North West,,Nigeria — North-central & North-west Flash Report #102 (23 - 29 May 2022),https://dtm.iom.int/reports/nigeria-north-central-north-west-flash-report-102-23-29-may-2022,https://dtm.iom.int/sites/g/files/tmzbdl1461/files/reports/IOM%20Nigeria%20DTM%20Flash%20Report%20NCNW%20102%20%2831%20May%202022%29.pdf,title:flash report
820,2022,2022-06-01,Other / Unclassified,North East,Borno,Nigeria — COVID-19 Point of Entry Dashboard 106 (21 — 27 May 2022),https://dtm.iom.int/reports/nigeria-covid-19-point-entry-dashboard-106-21-27-may-2022,https://dtm.iom.int/sites/g/files/tmzbdl1461/files/reports/IOM%20Nigeria%20DTM%20COVID-19%20Point%20of%20Entry%20Dashboard%20106%20%2821%20-%2027%20May%202022%29.pdf,
821,2022,2022-05-27,Emergency Tracking Tool (ETT),,,Nigeria — Emergency Tracking Tool Report 276 (16 - 22 May 2022),https://dtm.iom.int/reports/nigeria-emergency-tracking-tool-report-276-16-22-may-2022,https://dtm.iom.int/sites/g/files/tmzbdl1461/files/reports/IOM%20Nigeria%20DTM%20Emergency%20Tracking%20Tool%20%28ETT%29%20Report%20No.276%20%2816%20-%2022%20May%202022%29.pdf,title:emergency tracking tool
822,2022,2022-05-24,Incident / Flash Report,North Central; North West,,Nigeria — North-central & North-west Flash Report #101 (16 - 22 May 2022),https://dtm.iom.int/reports/nigeria-north-central-north-west-flash-report-101-16-22-may-2022,https://dtm.iom.int/sites/g/files/tmzbdl1461/files/reports/IOM%20Nigeria%20DTM%20Flash%20Report%20NCNW%20101%20%2824%20May%202022%29.pdf,title:flash report
823,2022,2022-05-24,Other / Unclassified,North East,Borno,Nigeria — COVID-19 Point of Entry Dashboard 105 (14 — 20 May 2022),https://dtm.iom.int/reports/nigeria-covid-19-point-entry-dashboard-105-14-20-may-2022,https://dtm.iom.int/sites/g/files/tmzbdl1461/files/reports/IOM%20Nigeria%20DTM%20COVID-19%20Point%20of%20Entry%20Dashboard%20105%20%2814%20-%2020%20May%202022%29.pdf,
824,2022,2022-05-19,Emergency Tracking Tool (ETT),,,Nigeria — Emergency Tracking Tool Report 275 (9 - 15 May 2022),https://dtm.iom.int/reports/nigeria-emergency-tracking-tool-report-275-9-15-may-2022,https://dtm.iom.int/sites/g/files/tmzbdl1461/files/reports/IOM%20Nigeria%20DTM%20Emergency%20Tracking%20Tool%20%28ETT%29%20Report%20No.275%20%2809%20-%2015%20May%202022%29.pdf,title:emergency tracking tool
825,2022,2022-05-17,Early Warning & Early Response Dashboard,North East,Adamawa,Nigeria — Transhumance Tracking Tool Report — Early Warning Dashboard 4 (April 2022),https://dtm.iom.int/reports/nigeria-transhumance-tracking-tool-report-early-warning-dashboard-4-april-2022,https://dtm.iom.int/sites/g/files/tmzbdl1461/files/reports/Nigeria%20%E2%80%94%20Transhumance%20Tracking%20Tool%20Report%20%E2%80%94%20Early%20Warning%204%20%28April%202022%29.pdf,title:early warning dashboard
826,2022,2022-05-17,Other / Unclassified,North East,Borno,Nigeria — COVID-19 Point of Entry Dashboard 104 (7 — 13 May 2022),https://dtm.iom.int/reports/nigeria-covid-19-point-entry-dashboard-104-7-13-may-2022,https://dtm.iom.int/sites/g/files/tmzbdl1461/files/reports/IOM%20Nigeria%20DTM%20COVID-19%20Point%20of%20Entry%20Dashboard%20104%20%2807%20-%2013%20May%202022%29.pdf,
827,2022,2022-05-13,Emergency Tracking Tool (ETT),North East,Adamawa; Borno,Nigeria — Emergency Tracking Tool Report 274 (02 - 08 May 2022),https://dtm.iom.int/reports/nigeria-emergency-tracking-tool-report-274-02-08-may-2022,https://dtm.iom.int/sites/g/files/tmzbdl1461/files/reports/IOM%20Nigeria%20DTM%20Emergency%20Tracking%20Tool%20%28ETT%29%20Report%20No.274%20%2802%20-%2008%20May%202022%29.pdf,title:emergency tracking tool
828,2022,2022-05-11,Incident / Flash Report,North Central; North West,,Nigeria — North-central & North-west Flash Report #100 (2 - 8 May 2022),https://dtm.iom.int/reports/nigeria-north-central-north-west-flash-report-100-2-8-may-2022,https://dtm.iom.int/sites/g/files/tmzbdl1461/files/reports/IOM%20Nigeria%20DTM%20Flash%20Report%20NCNW%20100%20%2810%20May%202022%29.pdf,title:flash report
829,2022,2022-05-11,Other / Unclassified,North East,Borno,Nigeria — COVID-19 Point of Entry Dashboard 103 (30 April — 6 May 2022),https://dtm.iom.int/reports/nigeria-covid-19-point-entry-dashboard-103-30-april-6-may-2022,https://dtm.iom.int/sites/g/files/tmzbdl1461/files/reports/IOM%20Nigeria%20DTM%20COVID-19%20Point%20of%20Entry%20Dashboard%20103%20%2830%20April%20-%2006%20May%202022%29.pdf,
830,2022,2022-05-06,Emergency Tracking Tool (ETT),,,Nigeria — Emergency Tracking Tool Report 273 (25 April - 01 May 2022),https://dtm.iom.int/reports/nigeria-emergency-tracking-tool-report-273-25-april-01-may-2022,https://dtm.iom.int/sites/g/files/tmzbdl1461/files/reports/IOM%20Nigeria%20DTM%20Emergency%20Tracking%20Tool%20%28ETT%29%20Report%20No.273%20%2825%20April%20-%2001%20May%202022%29.pdf,title:emergency tracking tool
831,2022,2022-05-06,Other / Unclassified,North East,Borno,Nigeria — COVID-19 Point of Entry Monthly Dashboard (April 2022),https://dtm.iom.int/reports/nigeria-covid-19-point-entry-monthly-dashboard-april-2022,https://dtm.iom.int/sites/g/files/tmzbdl1461/files/reports/IOM%20Nigeria%20DTM%20COVID-19%20Point%20of%20Entry%20Monthly%20Dashboard%20%28April%202022%29.pdf,
832,2022,2022-05-03,Incident / Flash Report,North Central; North West,,Nigeria — North-central & North-west Flash Report #99 (25 April - 1 May 2022),https://dtm.iom.int/reports/nigeria-north-central-north-west-flash-report-99-25-april-1-may-2022,https://dtm.iom.int/sites/g/files/tmzbdl1461/files/reports/IOM%20Nigeria%20DTM%20Flash%20Report%20NCNW%2099%20%2803%20May%202022%29.pdf,title:flash report
833,2022,2022-05-03,Other / Unclassified,North East,Borno,Nigeria — COVID-19 Point of Entry Dashboard 102 (23 — 29 April 2022),https://dtm.iom.int/reports/nigeria-covid-19-point-entry-dashboard-102-23-29-april-2022,https://dtm.iom.int/sites/g/files/tmzbdl1461/files/reports/IOM%20Nigeria%20DTM%20COVID-19%20Point%20of%20Entry%20Dashboard%20102%20%2823%20-%2029%20April%202022%29.pdf,
834,2022,2022-04-29,Incident / Flash Report,North Central; North West,,Nigeria — North-central & North-west Flash Report #98 (18 - 24 April 2022),https://dtm.iom.int/reports/nigeria-north-central-north-west-flash-report-98-18-24-april-2022,https://dtm.iom.int/sites/g/files/tmzbdl1461/files/reports/IOM%20Nigeria%20DTM%20Flash%20Report%20NCNW%2098%20%2825%20April%202022%29_0.pdf,title:flash report
835,2022,2022-04-29,Other / Unclassified,North East,Adamawa; Borno; Yobe; Gombe; Taraba; Bauchi,Nigeria — COVID-19 Situational Analysis 10: North-east (April 2022),https://dtm.iom.int/reports/nigeria-covid-19-situational-analysis-10-north-east-april-2022,https://dtm.iom.int/sites/g/files/tmzbdl1461/files/reports/COVID-19%20Situation%20Report%2010%20-%20North-East%20Nigeria%20v2.pdf,
836,2022,2022-04-29,Other / Unclassified,North East,Borno,Nigeria — COVID-19 Point of Entry Dashboard 101 (16 — 22 April 2022),https://dtm.iom.int/reports/nigeria-covid-19-point-entry-dashboard-101-16-22-april-2022,https://dtm.iom.int/sites/g/files/tmzbdl1461/files/reports/IOM%20Nigeria%20DTM%20COVID-19%20Point%20of%20Entry%20Dashboard%20101%20%2816%20-%2022%20April%202022%29_0.pdf,
837,2022,2022-04-28,Emergency Tracking Tool (ETT),,,Nigeria — Emergency Tracking Tool Report 272 (18 - 24 April 2022),https://dtm.iom.int/reports/nigeria-emergency-tracking-tool-report-272-18-24-april-2022,https://dtm.iom.int/sites/g/files/tmzbdl1461/files/reports/IOM%20Nigeria%20DTM%20Emergency%20Tracking%20Tool%20%28ETT%29%20Report%20No.272%20%2818%20-%2024%20April%202022%29_0.pdf,title:emergency tracking tool
838,2022,2022-04-22,Solutions Mobility Index / Stability Index,North East,Adamawa; Borno; Yobe,Nigeria — Stability Index Overview Round 2 – March 2022,https://dtm.iom.int/reports/nigeria-stability-index-overview-round-2-march-2022,https://dtm.iom.int/sites/g/files/tmzbdl1461/files/reports/Stability%20Index%20Report%20-%20Nigeria%20%28Round%202%29_0.pdf,title:stability index
839,2022,2022-04-22,Emergency Tracking Tool (ETT),,,Nigeria — Emergency Tracking Tool Report 271 (11 — 17 April 2022),https://dtm.iom.int/reports/nigeria-emergency-tracking-tool-report-271-11-17-april-2022,https://dtm.iom.int/sites/g/files/tmzbdl1461/files/reports/IOM%20Nigeria%20DTM%20Emergency%20Tracking%20Tool%20%28ETT%29%20Report%20No.271%20%2811%20-%2017%20April%202022%29.pdf,title:emergency tracking tool
840,2022,2022-04-20,Incident / Flash Report,North Central; North West,,Nigeria — North-central & North-west Flash Report #97 (11 - 17 April 2022),https://dtm.iom.int/reports/nigeria-north-central-north-west-flash-report-97-11-17-april-2022,https://dtm.iom.int/sites/g/files/tmzbdl1461/files/reports/IOM%20Nigeria%20DTM%20Flash%20Report%20NCNW%2097%20%2818%20April%202022%29.pdf,title:flash report
841,2022,2022-04-20,Other / Unclassified,North East,Borno,Nigeria — COVID-19 Point of Entry Dashboard 100 (09 — 15 April 2022),https://dtm.iom.int/reports/nigeria-covid-19-point-entry-dashboard-100-09-15-april-2022,https://dtm.iom.int/sites/g/files/tmzbdl1461/files/reports/IOM%20Nigeria%20COVID-19%20Point%20of%20Entry%20Dashboard%20100%20%2809%20-15%20April%202022%29.pdf,
842,2022,2022-04-19,Biometric Registration Report,North East,Borno,"Nigeria — Biometric Registration Report Muna El Badawy Camp, Borno State (21 March 2022)",https://dtm.iom.int/reports/nigeria-biometric-registration-report-muna-el-badawy-camp-borno-state-21-march-2022,https://dtm.iom.int/sites/g/files/tmzbdl1461/files/reports/IOM%20Nigeria%20DTM%20Biometric%20Registration%20Update%20Report%20Muna%20El%20Badawy%2014%20April%202022.pdf,title:biometric
843,2022,2022-04-14,Early Warning & Early Response Dashboard,North East,Adamawa,Nigeria — Transhumance Tracking Tool Report — Early Warning Dashboard 3 (March 2022),https://dtm.iom.int/reports/nigeria-transhumance-tracking-tool-report-early-warning-dashboard-3-march-2022,https://dtm.iom.int/sites/g/files/tmzbdl1461/files/reports/Nigeria%20%E2%80%94%20Transhumance%20Tracking%20Tool%20Report%20%E2%80%94%20Early%20Warning%203%20%28March%202022%29.pdf,title:early warning dashboard
844,2022,2022-04-14,Emergency Tracking Tool (ETT),,,Nigeria — Emergency Tracking Tool Report 270 (04 — 10 April 2022),https://dtm.iom.int/reports/nigeria-emergency-tracking-tool-report-270-04-10-april-2022,https://dtm.iom.int/sites/g/files/tmzbdl1461/files/reports/IOM%20Nigeria%20DTM%20Emergency%20Tracking%20Tool%20%28ETT%29%20Report%20No.270%20%2804%20-%2010%20April%202022%29.pdf,title:emergency tracking tool
845,2022,2022-04-13,Incident / Flash Report,North Central; North West,,Nigeria — North-central & North-west Flash Report #96 (04 - 10 April 2022),https://dtm.iom.int/reports/nigeria-north-central-north-west-flash-report-96-04-10-april-2022,https://dtm.iom.int/sites/g/files/tmzbdl1461/files/reports/IOM%20Nigeria%20DTM%20Flash%20Report%20NCNW%2096%20%2811%20April%202022%29.pdf,title:flash report
846,2022,2022-04-13,Other / Unclassified,North East,Borno,Nigeria — COVID-19 Point of Entry Dashboard 99 (02 — 08 April 2022),https://dtm.iom.int/reports/nigeria-covid-19-point-entry-dashboard-99-02-08-april-2022,https://dtm.iom.int/sites/g/files/tmzbdl1461/files/reports/IOM%20Nigeria%20COVID-19%20Point%20of%20Entry%20Dashboard%2099%20%2802%20-08%20April%202022%29.pdf,
847,2022,2022-04-11,Mobility Tracking – IDP & Returnee Atlas,North Central; North West,,Nigeria — North-central And North-west Zones Site Assessment Dashboard 9 (March 2022),https://dtm.iom.int/reports/nigeria-north-central-and-north-west-zones-site-assessment-dashboard-9-march-2022,https://dtm.iom.int/sites/g/files/tmzbdl1461/files/reports/DTM%20Nigeria%20-%20NCNW%20Round%209%20Dashboard%20of%20Site%20Assessment.pdf,title:site assessment
848,2022,2022-04-11,Mobility Tracking – IDP & Returnee Atlas,North Central; North West,,Nigeria — North-central And North-west Zones List of Wards Assessed 9 (March 2022),https://dtm.iom.int/reports/nigeria-north-central-and-north-west-zones-list-wards-assessed-9-march-2022,https://dtm.iom.int/sites/g/files/tmzbdl1461/files/reports/R9%20LIST%20OF%20WARDS%20ASSESSED.pdf,title:list of wards assessed
849,2022,2022-04-11,Mobility Tracking – IDP & Returnee Atlas,North Central; North West,,Nigeria — North-central And North-west Zones List of Displacement Sites Assessed 9 (March 2022),https://dtm.iom.int/reports/nigeria-north-central-and-north-west-zones-list-displacement-sites-assessed-9-march-2022,https://dtm.iom.int/sites/g/files/tmzbdl1461/files/reports/R9%20List%20of%20Sites%20assessed.pdf,title:list of displacement sites
850,2022,2022-04-11,Mobility Tracking – IDP & Returnee Atlas,North Central; North West,,Nigeria — North-central And North-west Zones IDP Population Variation Dashboard 9 (March 2022),https://dtm.iom.int/reports/nigeria-north-central-and-north-west-zones-idp-population-variation-dashboard-9-march-2022,https://dtm.iom.int/sites/g/files/tmzbdl1461/files/reports/DTM%20Nigeria%20-%20NCNW%20Round%209%20Dashboard%20of%20IDP%20Population%20Variation_0.pdf,title:idp population variation
851,2022,2022-04-11,Mobility Tracking – IDP & Returnee Atlas,North Central; North West,Benue; Nasarawa; Plateau; Kano; Kaduna; Katsina; Sokoto; Zamfara,Nigeria — North-central And North-west Zones Displacement Report 9 (March 2022),https://dtm.iom.int/reports/nigeria-north-central-and-north-west-zones-displacement-report-9-march-2022,https://dtm.iom.int/sites/g/files/tmzbdl1461/files/reports/Round%209%20North-central%20and%20North-west%20mobility%20report.pdf,title:displacement report
852,2022,2022-04-11,Mobility Tracking – IDP & Returnee Atlas,North Central; North West,,Nigeria — North-central And North-west Zones Dashboard 9 (March 2022),https://dtm.iom.int/reports/nigeria-north-central-and-north-west-zones-dashboard-9-march-2022,https://dtm.iom.int/sites/g/files/tmzbdl1461/files/reports/DTM%20Nigeria%20-%20NCNW%20Round%209%20Baseline%20Dashboard.pdf,title:zones dashboard
853,2022,2022-04-08,Incident / Flash Report,North Central; North West,,Nigeria — North-central & North-west Flash Report #95 (28 March - 03 April 2022),https://dtm.iom.int/reports/nigeria-north-central-north-west-flash-report-95-28-march-03-april-2022,https://dtm.iom.int/sites/g/files/tmzbdl1461/files/reports/IOM%20Nigeria%20DTM%20Flash%20Report%20NCNW%2095%20%2807%20April%202022%29.pdf,title:flash report
854,2022,2022-04-08,Other / Unclassified,North East,Borno,Nigeria — COVID-19 Point of Entry Monthly Dashboard (March 2022),https://dtm.iom.int/reports/nigeria-covid-19-point-entry-monthly-dashboard-march-2022,https://dtm.iom.int/sites/g/files/tmzbdl1461/files/reports/IOM%20Nigeria%20DTM%20COVID-19%20Point%20of%20Entry%20Monthly%20Dashboard%20%28March%202022%29.pdf,
855,2022,2022-04-08,Other / Unclassified,North East,Borno,Nigeria — COVID-19 Point of Entry Dashboard 98 (26 March — 01 April 2022),https://dtm.iom.int/reports/nigeria-covid-19-point-entry-dashboard-98-26-march-01-april-2022,https://dtm.iom.int/sites/g/files/tmzbdl1461/files/reports/IOM%20Nigeria%20COVID-19%20Point%20of%20Entry%20Dashboard%2098%20%2826%20March%20-%2001%20April%202022%29.pdf,
856,2022,2022-04-07,Emergency Tracking Tool (ETT),,,Nigeria — Emergency Tracking Tool Report 269 (28 March - 03 April 2022),https://dtm.iom.int/reports/nigeria-emergency-tracking-tool-report-269-28-march-03-april-2022,https://dtm.iom.int/sites/g/files/tmzbdl1461/files/reports/IOM%20Nigeria%20DTM%20Emergency%20Tracking%20Tool%20%28ETT%29%20Report%20No.269%20%2828%20March%20-%2003%20April%202022%29.pdf,title:emergency tracking tool
857,2022,2022-04-06,Mobility Tracking – IDP & Returnee Atlas,North Central; North West,,Nigeria — North-central  & North-west — Displacement Factsheet 9 (16 November - 30 December 2021),https://dtm.iom.int/reports/nigeria-north-central-north-west-displacement-factsheet-9-16-november-30-december-2021,https://dtm.iom.int/sites/g/files/tmzbdl1461/files/reports/Factsheet%20-%20NCNW%20Displacement%20Report%20R9.pdf,title:displacement factsheet
858,2022,2022-04-06,Flow Monitoring (migrants) – extra category,,,Nigeria — Flow Monitoring Dashboard 50 (February 2022),https://dtm.iom.int/reports/nigeria-flow-monitoring-dashboard-50-february-2022,https://dtm.iom.int/sites/g/files/tmzbdl1461/files/reports/Flow%20Monitoring%20Dashboard%2050%20February%202022.pdf,title:flow monitoring
859,2022,2022-03-31,Incident / Flash Report,North East,Borno,"Nigeria — North-east Muna El-Badawy, Jere LGA — (Borno State) Fire Outbreak Flash Report 31 March 2022",https://dtm.iom.int/reports/nigeria-north-east-muna-el-badawy-jere-lga-borno-state-fire-outbreak-flash-report-31-march,https://dtm.iom.int/sites/g/files/tmzbdl1461/files/reports/IOM%20Nigeria%20DTM%20Flash%20Report%20NE%20-%20Jere%20LGA%20%28Borno%20State%29%20Fire%20Outbreak%2031%20March%202022.pdf,title:flash report
860,2022,2022-03-31,Emergency Tracking Tool (ETT),,,Nigeria — Emergency Tracking Tool Report 268 (21 - 27 March 2022),https://dtm.iom.int/reports/nigeria-emergency-tracking-tool-report-268-21-27-march-2022,https://dtm.iom.int/sites/g/files/tmzbdl1461/files/reports/IOM%20Nigeria%20DTM%20Emergency%20Tracking%20Tool%20%28ETT%29%20Report%20No.268%20%2821%20-%2027%20March%202022%29.pdf,title:emergency tracking tool
861,2022,2022-03-30,Incident / Flash Report,North Central; North West,,Nigeria — North Central & North West Flash Report #94 (20 - 27 March 2022),https://dtm.iom.int/reports/nigeria-north-central-north-west-flash-report-94-20-27-march-2022,https://dtm.iom.int/sites/g/files/tmzbdl1461/files/reports/IOM%20Nigeria%20DTM%20Flash%20Report%20NCNW%2094%20%2829%20March%202022%29.pdf,title:flash report
862,2022,2022-03-30,Other / Unclassified,North East,Borno,Nigeria — COVID-19 Point of Entry Dashboard 97 (19 — 25 March 2022),https://dtm.iom.int/reports/nigeria-covid-19-point-entry-dashboard-97-19-25-march-2022,https://dtm.iom.int/sites/g/files/tmzbdl1461/files/reports/IOM%20Nigeria%20DTM%20COVID-19%20Point%20of%20Entry%20Dashboard%2097%20%2819%20-%2025%20March%202022%29.pdf,
863,2022,2022-03-29,Incident / Flash Report,North East,Borno,"Nigeria — North-east Sulumri Bakin Kwalta, Maiduguri M.C. LGA — (Borno State) Fire Outbreak Flash Report 29 March 2022",https://dtm.iom.int/reports/nigeria-north-east-sulumri-bakin-kwalta-maiduguri-mc-lga-borno-state-fire-outbreak-flash,https://dtm.iom.int/sites/g/files/tmzbdl1461/files/reports/IOM%20Nigeria%20DTM%20Flash%20Report%20NE%20-%20Maiduguri%20M.C.%20LGA%20%28Borno%20State%29%20Fire%20Outbreak%2029%20March%202022.pdf,title:flash report
864,2022,2022-03-24,Emergency Tracking Tool (ETT),,,Nigeria — Emergency Tracking Tool Report 267 (14 — 20 March 2022),https://dtm.iom.int/reports/nigeria-emergency-tracking-tool-report-267-14-20-march-2022,https://dtm.iom.int/sites/g/files/tmzbdl1461/files/reports/IOM%20Nigeria%20DTM%20Emergency%20Tracking%20Tool%20%28ETT%29%20Report%20No.267%20%2814%20March%20-%2020%20March%202022%29.pdf,title:emergency tracking tool
865,2022,2022-03-23,Incident / Flash Report,North Central; North West,,Nigeria — North Central & North West Flash Report 93 (22 March 2022),https://dtm.iom.int/reports/nigeria-north-central-north-west-flash-report-93-22-march-2022,https://dtm.iom.int/sites/g/files/tmzbdl1461/files/reports/IOM%20Nigeria%20DTM%20Flash%20Report%20NCNW%2093%20%2822%20March%202022%29.pdf,title:flash report
866,2022,2022-03-23,Other / Unclassified,North East,Borno,Nigeria — COVID-19 Point of Entry Dashboard 96 (12 - 18 March 2022),https://dtm.iom.int/reports/nigeria-covid-19-point-entry-dashboard-96-12-18-march-2022,https://dtm.iom.int/sites/g/files/tmzbdl1461/files/reports/IOM%20Nigeria%20DTM%20COVID-19%20Point%20of%20Entry%20Dashboard%20%2096%20%2812%20-%2018%20March%202022%29.pdf,
867,2022,2022-03-21,Mobility Tracking – IDP & Returnee Atlas,North East,,Nigeria — North-east — Site Assessment Dashboard 40 (March 2022),https://dtm.iom.int/reports/nigeria-north-east-site-assessment-dashboard-40-march-2022,https://dtm.iom.int/sites/g/files/tmzbdl1461/files/reports/DTM%20Nigeria%20Round%2040%20Dashboard%20of%20Site%20Assessment_0.pdf,title:site assessment
868,2022,2022-03-21,Mobility Tracking – IDP & Returnee Atlas,North East,,Nigeria — North-east — Returnee Dashboard 40 (March 2022),https://dtm.iom.int/reports/nigeria-north-east-returnee-dashboard-40-march-2022,https://dtm.iom.int/sites/g/files/tmzbdl1461/files/reports/DTM%20Round%2040%20Returnee%20Dashboard.pdf,title:returnee dashboard
869,2022,2022-03-21,Mobility Tracking – IDP & Returnee Atlas,North East,,Nigeria — North-east — List of Wards Assessed 40 (March 2022),https://dtm.iom.int/reports/nigeria-north-east-list-wards-assessed-40-march-2022,https://dtm.iom.int/sites/g/files/tmzbdl1461/files/reports/R40%20LIST%20OF%20WARDS%20ASSESSED.pdf,title:list of wards assessed
870,2022,2022-03-21,Mobility Tracking – IDP & Returnee Atlas,North East,,Nigeria — North-east — List of Displacement Sites Assessed 40 (March 2022),https://dtm.iom.int/reports/nigeria-north-east-list-displacement-sites-assessed-40-march-2022,https://dtm.iom.int/sites/g/files/tmzbdl1461/files/reports/R40%20LIST%20OF%20SITES%20ASSESSED.pdf,title:list of displacement sites
871,2022,2022-03-21,Mobility Tracking – IDP & Returnee Atlas,North East,,Nigeria — North-east — IDP Population Variation Dashboard 40 (March 2022),https://dtm.iom.int/reports/nigeria-north-east-idp-population-variation-dashboard-40-march-2022,https://dtm.iom.int/sites/g/files/tmzbdl1461/files/reports/Nigeria%20-%20DTM%20%20Round%2040%20Dashboard%20of%20IDP%20Population%20Variation.pdf,title:idp population variation
872,2022,2022-03-21,Mobility Tracking – IDP & Returnee Atlas,North East,Adamawa; Bauchi,Nigeria — North-east — Displacement Report 40 (March 2022),https://dtm.iom.int/reports/nigeria-north-east-displacement-report-40-march-2022,https://dtm.iom.int/sites/g/files/tmzbdl1461/files/reports/DTM%20Report%20Round%2040%20.pdf,title:displacement report
873,2022,2022-03-21,Mobility Tracking – IDP & Returnee Atlas,North East,,Nigeria — North-east — Displacement Dashboard 40 (March 2022),https://dtm.iom.int/reports/nigeria-north-east-displacement-dashboard-40-march-2022,https://dtm.iom.int/sites/g/files/tmzbdl1461/files/reports/DTM%20Round%2040%20Baseline%20Dashboard.pdf,title:displacement dashboard
874,2022,2022-03-18,Emergency Tracking Tool (ETT),,,Nigeria — Emergency Tracking Tool Report 266 (7 - 13 March 2022),https://dtm.iom.int/reports/nigeria-emergency-tracking-tool-report-266-7-13-march-2022,https://dtm.iom.int/sites/g/files/tmzbdl1461/files/reports/IOM%20Nigeria%20DTM%20Emergency%20Tracking%20Tool%20%28ETT%29%20Report%20No.266%20%2807%20March%20-%2013%20March%202022%29.pdf,title:emergency tracking tool
875,2022,2022-03-17,Early Warning & Early Response Dashboard,,,Nigeria — Transhumance Tracking Tool Report — Early Warning Systems Dashboard 2 (February 2022),https://dtm.iom.int/reports/nigeria-transhumance-tracking-tool-report-early-warning-systems-dashboard-2-february-2022,https://dtm.iom.int/sites/g/files/tmzbdl1461/files/reports/Transhumance%20Tracking%20Tool%20Early%20Warning%20Systems%20Dashboard%202%20%28February%202022%29.pdf,title:early warning system
876,2022,2022-03-16,Incident / Flash Report,North Central; North West,,Nigeria — North Central & North West Flash Report 92 (15 March 2022),https://dtm.iom.int/reports/nigeria-north-central-north-west-flash-report-92-15-march-2022,https://dtm.iom.int/sites/g/files/tmzbdl1461/files/reports/IOM%20Nigeria%20DTM%20Flash%20Report%20NCNW%2092%20%2815%20March%202022%29.pdf,title:flash report
877,2022,2022-03-15,Other / Unclassified,North East,Borno,Nigeria — COVID-19 Point of Entry Dashboard 95 (05 — 11 March 2022),https://dtm.iom.int/reports/nigeria-covid-19-point-entry-dashboard-95-05-11-march-2022,https://dtm.iom.int/sites/g/files/tmzbdl1461/files/reports/IOM%20Nigeria%20DTM%20COVID-19%20Point%20of%20Entry%20Dashboard%2095%20%2805%20-%2011%20March%202022%29.pdf,
878,2022,2022-03-11,Mobility Tracking – IDP & Returnee Atlas,North East,,Nigeria — North-East — Displacement Factsheet 40 (16 November - 30 December 2021),https://dtm.iom.int/reports/nigeria-north-east-displacement-factsheet-40-16-november-30-december-2021,https://dtm.iom.int/sites/g/files/tmzbdl1461/files/reports/Round%2040%20-%20Factsheet.pdf,title:displacement factsheet
879,2022,2022-03-11,Emergency Tracking Tool (ETT),,,Nigeria — Emergency Tracking Tool Report 265 (28 February — 06 March 2022),https://dtm.iom.int/reports/nigeria-emergency-tracking-tool-report-265-28-february-06-march-2022,https://dtm.iom.int/sites/g/files/tmzbdl1461/files/reports/IOM%20Nigeria%20DTM%20Emergency%20Tracking%20Tool%20%28ETT%29%20Report%20No.265%20%2828%20February%20-%2006%20March%202022%29.pdf,title:emergency tracking tool
880,2022,2022-03-09,Incident / Flash Report,North East,Borno,"Nigeria — North East Muna El Badawy, Jere LGA — Borno State Fire Outbreak (08 March 2022)",https://dtm.iom.int/reports/nigeria-north-east-muna-el-badawy-jere-lga-borno-state-fire-outbreak-08-march-2022,https://dtm.iom.int/sites/g/files/tmzbdl1461/files/reports/IOM%20Nigeria%20DTM%20Flash%20Report%20NE%20-%20Jere%20LGA%20%28Borno%20State%29%20Fire%20Outbreak%2008%20March%202022.pdf,title:fire outbreak
881,2022,2022-03-09,Other / Unclassified,North Central; North West,Benue; Nasarawa; Plateau; Kano; Kaduna; Katsina; Sokoto; Zamfara,Nigeria — COVID-19 Situational Analysis 6: North-central and North-west (March 2022),https://dtm.iom.int/reports/nigeria-covid-19-situational-analysis-6-north-central-and-north-west-march-2022,https://dtm.iom.int/sites/g/files/tmzbdl1461/files/reports/NC%20AND%20NW%20COVID%2019%20REPORT%206.pdf,
882,2022,2022-03-08,Other / Unclassified,North East,Adamawa; Borno,Nigeria — COVID-19 Point of Entry Dashboard 94 (26 February - 04 March 2022),https://dtm.iom.int/reports/nigeria-covid-19-point-entry-dashboard-94-26-february-04-march-2022,https://dtm.iom.int/sites/g/files/tmzbdl1461/files/reports/IOM%20Nigeria%20DTM%20COVID-19%20Point%20of%20Entry%20Dashboard%2094%20%2826%20February%20-%2004%20March%202022%29_0.pdf,
883,2022,2022-03-04,Emergency Tracking Tool (ETT),North East,Adamawa; Borno,Nigeria — Emergency Tracking Tool Report 264 (21 - 27 February 2022),https://dtm.iom.int/reports/nigeria-emergency-tracking-tool-report-264-21-27-february-2022,https://dtm.iom.int/sites/g/files/tmzbdl1461/files/reports/IOM%20Nigeria%20DTM%20Emergency%20Tracking%20Tool%20%28ETT%29%20Report%20No.264%20%2821%20-%2027%20February%202022%29.pdf,title:emergency tracking tool
884,2022,2022-03-02,Incident / Flash Report,North Central; North West,,Nigeria — North Central & North West Flash Report 91 (03 March 2022),https://dtm.iom.int/reports/nigeria-north-central-north-west-flash-report-91-03-march-2022,https://dtm.iom.int/sites/g/files/tmzbdl1461/files/reports/IOM%20Nigeria%20DTM%20Flash%20Report%20NCNW%2091%20%2803%20March%202022%29.pdf,title:flash report
885,2022,2022-03-01,Other / Unclassified,North East,Adamawa; Borno,Nigeria — COVID-19 Point of Entry Dashboard 93 (19 - 25 February 2022),https://dtm.iom.int/reports/nigeria-covid-19-point-entry-dashboard-93-19-25-february-2022,https://dtm.iom.int/sites/g/files/tmzbdl1461/files/reports/IOM%20Nigeria%20DTM%20COVID-19%20Point%20of%20Entry%20Dashboard%2093%20%2819%20-%2025%20February%202022%29.pdf,
886,2022,2022-02-28,Early Warning & Early Response Dashboard,North East,Adamawa,"Nigeria — Transhumance Tracking Tool Early Warning Systems, Adamawa State Dashboard 1 (January 2022)",https://dtm.iom.int/reports/nigeria-transhumance-tracking-tool-early-warning-systems-adamawa-state-dashboard-1-january,https://dtm.iom.int/sites/g/files/tmzbdl1461/files/reports/Transhumance%20Tracking%20Tool%20Early%20Warning%20Systems%20Dashboard%201.pdf,title:early warning system
887,2022,2022-02-28,Other / Unclassified,North East,Adamawa; Borno; Yobe; Gombe; Taraba; Bauchi,Nigeria — COVID-19 Situational Analysis 9: North-east (February 2022),https://dtm.iom.int/reports/nigeria-covid-19-situational-analysis-9-north-east-february-2022,https://dtm.iom.int/sites/g/files/tmzbdl1461/files/reports/COVID-19%20Situation%20Report%209%20-%20North-East%20Nigeria1.pdf,
888,2022,2022-02-25,Emergency Tracking Tool (ETT),North East,Adamawa; Borno,Nigeria — Emergency Tracking Tool Report 263 (14 – 20 February 2022),https://dtm.iom.int/reports/nigeria-emergency-tracking-tool-report-263-14-20-february-2022,https://dtm.iom.int/sites/g/files/tmzbdl1461/files/reports/IOM%20Nigeria%20DTM%20Emergency%20Tracking%20Tool%20%28ETT%29%20Report%20No.263%20%2814%20-%2020%20February%202022%29.pdf,title:emergency tracking tool
889,2022,2022-02-24,Incident / Flash Report,North Central; North West,,Nigeria — North Central & North West Flash Report 90 (22 February 2022),https://dtm.iom.int/reports/nigeria-north-central-north-west-flash-report-90-22-february-2022,https://dtm.iom.int/sites/g/files/tmzbdl1461/files/reports/IOM%20Nigeria%20DTM%20Flash%20Report%20NCNW%2090%20%2822%20February%202022%29.pdf,title:flash report
890,2022,2022-02-22,Other / Unclassified,North East,Adamawa; Borno,Nigeria — COVID-19 Point of Entry Dashboard 92 (12 - 18 February 2022),https://dtm.iom.int/reports/nigeria-covid-19-point-entry-dashboard-92-12-18-february-2022,https://dtm.iom.int/sites/g/files/tmzbdl1461/files/reports/IOM%20Nigeria%20DTM%20COVID-19%20Point%20of%20Entry%20Dashboard%2092%20%2812%20-%2018%20February%202022%29.pdf,
891,2022,2022-02-18,Emergency Tracking Tool (ETT),North East,Adamawa; Borno,Nigeria — Emergency Tracking Tool Report 262 (07 - 13 February 2022),https://dtm.iom.int/reports/nigeria-emergency-tracking-tool-report-262-07-13-february-2022,https://dtm.iom.int/sites/g/files/tmzbdl1461/files/reports/IOM%20Nigeria%20DTM%20Emergency%20Tracking%20Tool%20%28ETT%29%20Report%20No.262%20%287%20-%2011%20February%202022%29_0.pdf,title:emergency tracking tool
892,2022,2022-02-17,Incident / Flash Report,North Central; North West,,Nigeria — North Central & North West Flash Report 89 (16 February 2022),https://dtm.iom.int/reports/nigeria-north-central-north-west-flash-report-89-16-february-2022,https://dtm.iom.int/sites/g/files/tmzbdl1461/files/reports/IOM%20Nigeria%20DTM%20Flash%20Report%20NCNW%2089%20%2816%20February%202022%29_0.pdf,title:flash report
893,2022,2022-02-16,Incident / Flash Report,North Central; North West,,Nigeria — North Central & North West Flash Report 89 (07 - 13 February 2022),https://dtm.iom.int/reports/nigeria-north-central-north-west-flash-report-89-07-13-february-2022,https://dtm.iom.int/sites/g/files/tmzbdl1461/files/reports/IOM%20Nigeria%20DTM%20Flash%20Report%20NCNW%2089%20%2816%20February%202022%29.pdf,title:flash report
894,2022,2022-02-16,Other / Unclassified,North East,Adamawa; Borno,Nigeria — COVID-19 Point of Entry Dashboard 91 (05 - 11 February 2022),https://dtm.iom.int/reports/nigeria-covid-19-point-entry-dashboard-91-05-11-february-2022,https://dtm.iom.int/sites/g/files/tmzbdl1461/files/reports/IOM%20Nigeria%20DTM%20COVID-19%20Point%20of%20Entry%20Dashboard%2091%20%2804%20-%2011%20February%202022%29.pdf,
895,2022,2022-02-09,Emergency Tracking Tool (ETT),North East,Adamawa; Borno,Nigeria — Emergency Tracking Tool Report 261 (31 January - 06 February 2022 ),https://dtm.iom.int/reports/nigeria-emergency-tracking-tool-report-261-31-january-06-february-2022,https://dtm.iom.int/sites/g/files/tmzbdl1461/files/reports/IOM%20Nigeria%20DTM%20Emergency%20Tracking%20Tool%20%28ETT%29%20Report%20No.261%20%2831%20January%20-%206%20February%202022%29.pdf,title:emergency tracking tool
896,2022,2022-02-09,Other / Unclassified,North East,Adamawa; Borno,Nigeria — COVID-19 Point of Entry Dashboard 90 (29 January - 04 February 2022),https://dtm.iom.int/reports/nigeria-covid-19-point-entry-dashboard-90-29-january-04-february-2022,https://dtm.iom.int/sites/g/files/tmzbdl1461/files/reports/IOM%20Nigeria%20DTM%20COVID-19%20Point%20of%20Entry%20Dashboard%2090%20%2829%20January%20-%2004%20February%202022%29.pdf,
897,2022,2022-02-04,Incident / Flash Report,North Central; North West,,Nigeria — North Central & North West Flash Report 88 (04 February 2022),https://dtm.iom.int/reports/nigeria-north-central-north-west-flash-report-88-04-february-2022,https://dtm.iom.int/sites/g/files/tmzbdl1461/files/reports/IOM%20Nigeria%20DTM%20Flash%20Report%20NC%20-%20Kaduna%20State%20%2088%20%2804%20February%202022%29.pdf,title:flash report
898,2022,2022-02-04,Emergency Tracking Tool (ETT),North East,Adamawa; Borno,Nigeria — Emergency Tracking Tool Report 260 (24 - 30 January 2022),https://dtm.iom.int/reports/nigeria-emergency-tracking-tool-report-260-24-30-january-2022,https://dtm.iom.int/sites/g/files/tmzbdl1461/files/reports/IOM%20Nigeria%20DTM%20Emergency%20Tracking%20Tool%20%28ETT%29%20Report%20No.260%20%2824%20-%2030%20January%202022%29.pdf,title:emergency tracking tool
899,2022,2022-02-03,Incident / Flash Report,North Central; North West,,Nigeria — Nigeria — North Central & North West Flash Report 87 (24 - 30 January 2022),https://dtm.iom.int/reports/nigeria-nigeria-north-central-north-west-flash-report-87-24-30-january-2022,https://dtm.iom.int/sites/g/files/tmzbdl1461/files/reports/IOM%20Nigeria%20DTM%20Flash%20Report%20NCNW%2087%20%2801%20February%202022%29.pdf,title:flash report
900,2022,2022-02-02,Other / Unclassified,North East,Adamawa; Borno,Nigeria — COVID-19 Point of Entry Monthly Dashboard (January 2022),https://dtm.iom.int/reports/nigeria-covid-19-point-entry-monthly-dashboard-january-2022,https://dtm.iom.int/sites/g/files/tmzbdl1461/files/reports/IOM%20Nigeria%20DTM%20COVID-19%20Point%20of%20Entry%20Monthly%20Dashboard%20%28January%202022%29.pdf,
901,2022,2022-02-02,Other / Unclassified,North East,Adamawa; Borno,Nigeria — COVID-19 Point of Entry Dashboard 89 (22 - 28 January 2022),https://dtm.iom.int/reports/nigeria-covid-19-point-entry-dashboard-89-22-28-january-2022,https://dtm.iom.int/sites/g/files/tmzbdl1461/files/reports/IOM%20Nigeria%20DTM%20COVID-19%20Point%20of%20Entry%20Dashboard%2089%20%2822%20-%2028%20January%202022%29.pdf,
902,2022,2022-01-31,Mobility Tracking – IDP & Returnee Atlas,North Central; North West,,Nigeria — North-central And North-west Zones Site Assessment Dashboard 8 (December 2021),https://dtm.iom.int/reports/nigeria-north-central-and-north-west-zones-site-assessment-dashboard-8-december-2021,https://dtm.iom.int/sites/g/files/tmzbdl1461/files/reports/DTM%20Nigeria%20-%20North-Central%20and%20North-West%20Zones%20Round%208%20Dashboard%20of%20Site%20Assessment%20%282%29.pdf,title:site assessment
903,2022,2022-01-31,Mobility Tracking – IDP & Returnee Atlas,North Central; North West,,Nigeria — North-central And North-west Zones List of Wards Assessed 8 (December 2021),https://dtm.iom.int/reports/nigeria-north-central-and-north-west-zones-list-wards-assessed-8-december-2021,https://dtm.iom.int/sites/g/files/tmzbdl1461/files/reports/R8%20LIST%20OF%20WARDS%20ASSESSED.pdf,title:list of wards assessed
904,2022,2022-01-31,Mobility Tracking – IDP & Returnee Atlas,North Central; North West,,Nigeria — North-central And North-west Zones List of Displacement Sites Assessed 8 (December 2021),https://dtm.iom.int/reports/nigeria-north-central-and-north-west-zones-list-displacement-sites-assessed-8-december-2021,https://dtm.iom.int/sites/g/files/tmzbdl1461/files/reports/R8%20List%20Of%20Sites%20Assessed_0.pdf,title:list of displacement sites
905,2022,2022-01-31,Mobility Tracking – IDP & Returnee Atlas,North Central; North West,,Nigeria — North-central And North-west Zones IDP Population Variation Dashboard 8 (December 2021),https://dtm.iom.int/reports/nigeria-north-central-and-north-west-zones-idp-population-variation-dashboard-8-december,https://dtm.iom.int/sites/g/files/tmzbdl1461/files/reports/DTM%20Nigeria%20-%20North-Central%20and%20North-West%20Zones%20Round%208%20Dashboard%20of%20IDP%20Population%20Variation.pdf,title:idp population variation
906,2022,2022-01-31,Mobility Tracking – IDP & Returnee Atlas,North Central; North West,Benue; Nasarawa; Plateau; Kano; Kaduna; Katsina; Sokoto; Zamfara,Nigeria — North-central And North-west Zones Displacement Report 8 (December 2021),https://dtm.iom.int/reports/nigeria-north-central-and-north-west-zones-displacement-report-8-december-2021,https://dtm.iom.int/sites/g/files/tmzbdl1461/files/reports/Round%208%20North%20Central%20and%20North%20west%20Report.pdf,title:displacement report
907,2022,2022-01-31,Mobility Tracking – IDP & Returnee Atlas,North Central; North West,,Nigeria — North-central And North-west Zones Dashboard 8 (December 2021),https://dtm.iom.int/reports/nigeria-north-central-and-north-west-zones-dashboard-8-december-2021,https://dtm.iom.int/sites/g/files/tmzbdl1461/files/reports/DTM%20Nigeria%20-%20North%20Central%20and%20North-West%20Zones%20Round%208%20Baseline%20Dashboard.pdf,title:zones dashboard
908,2022,2022-01-28,Emergency Tracking Tool (ETT),North East,Adamawa; Borno,Nigeria — Emergency Tracking Tool Report 259 (17 - 23 January 2022),https://dtm.iom.int/reports/nigeria-emergency-tracking-tool-report-259-17-23-january-2022,https://dtm.iom.int/sites/g/files/tmzbdl1461/files/reports/IOM%20Nigeria%20DTM%20Emergency%20Tracking%20Tool%20%28ETT%29%20Report%20No.259%20%2817%20-%2023%20January%202022%29.pdf,title:emergency tracking tool
909,2022,2022-01-24,Other / Unclassified,North East,Adamawa; Borno,Nigeria — COVID-19 Point of Entry Dashboard 88 (15 - 21 January 2022),https://dtm.iom.int/reports/nigeria-covid-19-point-entry-dashboard-88-15-21-january-2022,https://dtm.iom.int/sites/g/files/tmzbdl1461/files/reports/IOM%20Nigeria%20DTM%20COVID-19%20Point%20of%20Entry%20Dashboard%2088%20%2815%20-%2021%20January%202022%29.pdf,
910,2022,2022-01-20,Incident / Flash Report,North Central; North West,,Nigeria — North Central & North West Flash Report #86 (06 - 17 January 2022),https://dtm.iom.int/reports/nigeria-north-central-north-west-flash-report-86-06-17-january-2022,https://dtm.iom.int/sites/g/files/tmzbdl1461/files/reports/IOM%20Nigeria%20DTM%20Flash%20Report%20NW%20-%20Zamfara%20State%2086%20%2819%20January%202022%29.pdf,title:flash report
911,2022,2022-01-20,Incident / Flash Report,North Central; North West,,Nigeria — North Central & North West Flash Report #85 (10 - 16 January 2022),https://dtm.iom.int/reports/nigeria-north-central-north-west-flash-report-85-10-16-january-2022,https://dtm.iom.int/sites/g/files/tmzbdl1461/files/reports/IOM%20Nigeria%20DTM%20Flash%20Report%20NCNW%2085%20%2817%20January%202022%29.pdf,title:flash report
912,2022,2022-01-20,Emergency Tracking Tool (ETT),North East,Adamawa; Borno,Nigeria — Emergency Tracking Tool Report #258 (10 - 16 January 2022),https://dtm.iom.int/reports/nigeria-emergency-tracking-tool-report-258-10-16-january-2022,https://dtm.iom.int/sites/g/files/tmzbdl1461/files/reports/IOM%20Nigeria%20DTM%20Emergency%20Tracking%20Tool%20%28ETT%29%20Report%20No.258%20%2810%20-%2016%20January%202022%29.pdf,title:emergency tracking tool
913,2022,2022-01-20,Emergency Tracking Tool (ETT),North East,Adamawa; Borno,Nigeria — Emergency Tracking Tool Quarterly Report  (October - December 2021),https://dtm.iom.int/reports/nigeria-emergency-tracking-tool-quarterly-report-october-december-2021,https://dtm.iom.int/sites/g/files/tmzbdl1461/files/reports/IOM%20Nigeria%20DTM%20Emergency%20Tracking%20Tool%20%28ETT%29%20Quarterly%20Report%20October%20-%20December%202021.pdf,title:emergency tracking tool
914,2022,2022-01-20,Other / Unclassified,North East,Adamawa; Borno,Nigeria — COVID-19 Point of Entry Dashboard 87 (08 - 14 January 2022),https://dtm.iom.int/reports/nigeria-covid-19-point-entry-dashboard-87-08-14-january-2022,https://dtm.iom.int/sites/g/files/tmzbdl1461/files/reports/IOM%20Nigeria%20DTM%20COVID-19%20Point%20of%20Entry%20Dashboard%2087%20%2808%20-%2014%20January%202022%29.pdf,
915,2022,2022-01-14,Emergency Tracking Tool (ETT),North East,Adamawa; Borno,Nigeria — Emergency Tracking Tool Report 257 (3 - 9 January 2022),https://dtm.iom.int/reports/nigeria-emergency-tracking-tool-report-257-3-9-january-2022,https://dtm.iom.int/sites/g/files/tmzbdl1461/files/reports/IOM%20Nigeria%20DTM%20Emergency%20Tracking%20Tool%20%28ETT%29%20Report%20No.257%20%2803%20-%2009%20January%202022%29.pdf,title:emergency tracking tool
916,2022,2022-01-11,Incident / Flash Report,North Central; North West,,Nigeria — North Central & North West Flash Report #84 (03 - 09 January 2022),https://dtm.iom.int/reports/nigeria-north-central-north-west-flash-report-84-03-09-january-2022,https://dtm.iom.int/sites/g/files/tmzbdl1461/files/reports/IOM%20Nigeria%20DTM%20Flash%20Report%20NCNW%2084%20%2811%20January%202022%29.pdf,title:flash report
917,2022,2022-01-11,Other / Unclassified,North East,Adamawa; Borno,Nigeria — COVID-19 Point of Entry Dashboard 87 (01 - 07 January 2022),https://dtm.iom.int/reports/nigeria-covid-19-point-entry-dashboard-87-01-07-january-2022,https://dtm.iom.int/sites/g/files/tmzbdl1461/files/reports/IOM%20Nigeria%20DTM%20COVID-19%20Point%20of%20Entry%20Dashboard%2086%20%2801%20-%2007%20January%202022%29.pdf,
918,2022,2022-01-07,Emergency Tracking Tool (ETT),North East,Adamawa; Borno,Nigeria — Emergency Tracking Tool Report 256 (27 December 2021 - 2 January 2022),https://dtm.iom.int/reports/nigeria-emergency-tracking-tool-report-256-27-december-2021-2-january-2022,https://dtm.iom.int/sites/g/files/tmzbdl1461/files/reports/IOM%20Nigeria%20DTM%20Emergency%20Tracking%20Tool%20%28ETT%29%20Report%20No.256%20%2827%20December%202021%20-%2002%20January%202022%29.pdf,title:emergency tracking tool
919,2022,2022-01-05,Other / Unclassified,North East,Adamawa; Borno,Nigeria — COVID-19 Point of Entry Quarterly Dashboard (October - December 2021),https://dtm.iom.int/reports/nigeria-covid-19-point-entry-quarterly-dashboard-october-december-2021,https://dtm.iom.int/sites/g/files/tmzbdl1461/files/reports/IOM%20Nigeria%20DTM%20COVID-19%20Point%20of%20Entry%20Quarterly%20Dashboard%20%28October%20-%20December%202021%29.pdf,
920,2022,2022-01-04,Incident / Flash Report,North Central; North West,,Nigeria — North Central & North West Flash Report #83 (27 December 2021 - 02 January 2022),https://dtm.iom.int/reports/nigeria-north-central-north-west-flash-report-83-27-december-2021-02-january-2022,https://dtm.iom.int/sites/g/files/tmzbdl1461/files/reports/IOM%20Nigeria%20DTM%20Flash%20Report%20NCNW%2004%20January%202022.pdf,title:flash report
921,2022,2022-01-04,Other / Unclassified,North East,Adamawa; Borno,Nigeria — COVID-19 Point of Entry Monthly Dashboard  (December 2021),https://dtm.iom.int/reports/nigeria-covid-19-point-entry-monthly-dashboard-december-2021,https://dtm.iom.int/sites/g/files/tmzbdl1461/files/reports/IOM%20Nigeria%20DTM%20COVID-19%20Point%20of%20Entry%20Dashboard%20%28December%202021%29.pdf,
922,2022,2022-01-04,Other / Unclassified,North East,Adamawa; Borno,Nigeria — COVID-19 Point of Entry Dashboard 85 (25 - 31 December 2021),https://dtm.iom.int/reports/nigeria-covid-19-point-entry-dashboard-85-25-31-december-2021,https://dtm.iom.int/sites/g/files/tmzbdl1461/files/reports/IOM%20Nigeria%20DTM%20COVID-19%20Point%20of%20Entry%2085%20%2825%20-%2031%20December%202021%29.pdf,
923,2021,2021-12-31,Intention Surveys,North East,Borno,"Nigeria — Return Intention Survey Dashboard — Camps in Gwoza, Borno State (December 2021)",https://dtm.iom.int/reports/nigeria-return-intention-survey-dashboard-camps-gwoza-borno-state-december-2021,https://dtm.iom.int/sites/g/files/tmzbdl1461/files/reports/RIS%20Gwoza%20LGA%20Dashboard%20December%202021.pdf,title:intention survey
924,2021,2021-12-31,Emergency Tracking Tool (ETT),,,Nigeria — Emergency Tracking Tool Report 255 (20 - 26 December 2021),https://dtm.iom.int/reports/nigeria-emergency-tracking-tool-report-255-20-26-december-2021,https://dtm.iom.int/sites/g/files/tmzbdl1461/files/reports/IOM%20Nigeria%20DTM%20Emergency%20Tracking%20Tool%20%28ETT%29%20Report%20No.255%20%2820%20-%2026%20December%202021%29_0.pdf,title:emergency tracking tool
925,2021,2021-12-29,Mobility Tracking – IDP & Returnee Atlas,North East,,Nigeria — north-east — Returnee Dashboard 39 (December 2021 ),https://dtm.iom.int/reports/nigeria-north-east-returnee-dashboard-39-december-2021,https://dtm.iom.int/sites/g/files/tmzbdl1461/files/reports/DTM%20Round%2039%20Returnee%20Dashboard.pdf,title:returnee dashboard
926,2021,2021-12-29,Incident / Flash Report,North Central; North West,,Nigeria — North Central & North West Flash Report #82 (20 - 26 December 2021),https://dtm.iom.int/reports/nigeria-north-central-north-west-flash-report-82-20-26-december-2021,https://dtm.iom.int/sites/g/files/tmzbdl1461/files/reports/IOM%20Nigeria%20DTM%20Flash%20Report%20NCNW%2082%20%2828%20December%202021%29.pdf,title:flash report
927,2021,2021-12-29,Other / Unclassified,North East,Adamawa; Borno,Nigeria — COVID-19 Point of Entry Dashboard 84 (18 - 24 December 2021),https://dtm.iom.int/reports/nigeria-covid-19-point-entry-dashboard-84-18-24-december-2021,https://dtm.iom.int/sites/g/files/tmzbdl1461/files/reports/IOM%20Nigeria%20DTM%20COVID-19%20Point%20of%20Entry%20Dashboard%2084%20%2818%20-%2024%20December%202021%29.pdf,
928,2021,2021-12-28,Intention Surveys,North East,Borno,"Nigeria — Return Intention Survey Dashboard — Teachers Village Camp, Borno State (December 2021)",https://dtm.iom.int/reports/nigeria-return-intention-survey-dashboard-teachers-village-camp-borno-state-december-2021,https://dtm.iom.int/sites/g/files/tmzbdl1461/files/reports/Teachers%20Village%20Camp%20Dashboard%20%281%29.pdf,title:intention survey
929,2021,2021-12-28,Intention Surveys,North East,Borno,"Nigeria — Return Intention Survey Dashboard — Stadium Camp, Borno State (December 2021)",https://dtm.iom.int/reports/nigeria-return-intention-survey-dashboard-stadium-camp-borno-state-december-2021,https://dtm.iom.int/sites/g/files/tmzbdl1461/files/reports/Stadium%20Camp%20Dashboard%20%281%29.pdf,title:intention survey
930,2021,2021-12-28,Intention Surveys,North East,Borno,"Nigeria — Return Intention Survey Dashboard — Muna Elbadawy Camp, Borno State (December 2021)",https://dtm.iom.int/reports/nigeria-return-intention-survey-dashboard-muna-elbadawy-camp-borno-state-december-2021,https://dtm.iom.int/sites/g/files/tmzbdl1461/files/reports/RIS%20Muna%20Elbadawy%20Dashboard%20%281%29.pdf,title:intention survey
931,2021,2021-12-28,Intention Surveys,North East,Borno,"Nigeria — Return Intention Survey Dashboard — Federal Training Centre Camp, Dalori I, Borno State (December 2021)",https://dtm.iom.int/reports/nigeria-return-intention-survey-dashboard-federal-training-centre-camp-dalori-i-borno-state,https://dtm.iom.int/sites/g/files/tmzbdl1461/files/reports/Federal%20Training%20Centre%20%28Dalori%20I%29%20Dashboard%20%281%29.pdf,title:intention survey
932,2021,2021-12-28,Intention Surveys,North East,Borno,"Nigeria — Return Intention Survey Dashboard — Bakassi Camp, Borno State (December 2021)",https://dtm.iom.int/reports/nigeria-return-intention-survey-dashboard-bakassi-camp-borno-state-december-2021,https://dtm.iom.int/sites/g/files/tmzbdl1461/files/reports/RIS%20Bakassi%20Camp%20-%20Dashboard%20%281%29.pdf,title:intention survey
933,2021,2021-12-28,Intention Surveys,North East,Borno,"Nigeria — Return Intention Survey Dashboard — 400 Housing Estate Gubio Camp, Borno State (December 2021)",https://dtm.iom.int/reports/nigeria-return-intention-survey-dashboard-400-housing-estate-gubio-camp-borno-state,https://dtm.iom.int/sites/g/files/tmzbdl1461/files/reports/Gubio%20Camp%20Dashboard%20%281%29.pdf,title:intention survey
934,2021,2021-12-28,Intention Surveys,North East,Borno,"Nigeria — Return Intention Survey Dashboard — 250 Housing Estate Camp, Dalori II, Borno State (December 2021)",https://dtm.iom.int/reports/nigeria-return-intention-survey-dashboard-250-housing-estate-camp-dalori-ii-borno-state,https://dtm.iom.int/sites/g/files/tmzbdl1461/files/reports/RIS%20250%20Housing%20Estate%20%28Dalori%20II%29%20Dashboard%20%281%29.pdf,title:intention survey
935,2021,2021-12-28,Intention Surveys,North East,Borno,"Nigeria — Return Intention Survey Comprehensive Dashboard — Six Camps in Maiduguri, Borno State (December 2021)",https://dtm.iom.int/reports/nigeria-return-intention-survey-comprehensive-dashboard-six-camps-maiduguri-borno-state,https://dtm.iom.int/sites/g/files/tmzbdl1461/files/reports/RIS%20-%20Summary%20of%20Six%20Camps%20Maiduguri%20-%20Dashboard.pdf,title:intention survey
936,2021,2021-12-24,Mobility Tracking – IDP & Returnee Atlas,North East,,Nigeria — north-east — Site Assessment Dashboard 39 (December 2021),https://dtm.iom.int/reports/nigeria-north-east-site-assessment-dashboard-39-december-2021,https://dtm.iom.int/sites/g/files/tmzbdl1461/files/reports/DTM%20Nigeria%20Round%2039%20Dashboard%20of%20Site%20Assessment_0.pdf,title:site assessment
937,2021,2021-12-24,Mobility Tracking – IDP & Returnee Atlas,North East,,Nigeria — north-east — List of Wards Assessed 39 (December 2021),https://dtm.iom.int/reports/nigeria-north-east-list-wards-assessed-39-december-2021,https://dtm.iom.int/sites/g/files/tmzbdl1461/files/reports/R39%20LIST%20OF%20WARDS%20ASSESSED.pdf,title:list of wards assessed
938,2021,2021-12-24,Mobility Tracking – IDP & Returnee Atlas,North East,,Nigeria — north-east — List of Displacement Sites Assessed 39 (December 2021),https://dtm.iom.int/reports/nigeria-north-east-list-displacement-sites-assessed-39-december-2021,https://dtm.iom.int/sites/g/files/tmzbdl1461/files/reports/R39%20LIST%20OF%20SITES%20ASSESSED.pdf,title:list of displacement sites
939,2021,2021-12-24,Mobility Tracking – IDP & Returnee Atlas,North East,,Nigeria — north-east — IDP Population Variation Dashboard 39 (December 2021),https://dtm.iom.int/reports/nigeria-north-east-idp-population-variation-dashboard-39-december-2021,https://dtm.iom.int/sites/g/files/tmzbdl1461/files/reports/Nigeria%20-%20DTM%20%20Round%2039%20Dashboard%20of%20IDP%20Population%20Variation.pdf,title:idp population variation
940,2021,2021-12-24,Mobility Tracking – IDP & Returnee Atlas,North East,Adamawa; Bauchi,Nigeria — north-east — Displacement Report 39 (December 2021),https://dtm.iom.int/reports/nigeria-north-east-displacement-report-39-december-2021,https://dtm.iom.int/sites/g/files/tmzbdl1461/files/reports/DTM%20Report%20Round%2039%20%281%29.pdf,title:displacement report
941,2021,2021-12-24,Mobility Tracking – IDP & Returnee Atlas,North East,,Nigeria — north-east — Displacement Dashboard 39 (December 2021),https://dtm.iom.int/reports/nigeria-north-east-displacement-dashboard-39-december-2021,https://dtm.iom.int/sites/g/files/tmzbdl1461/files/reports/DTM%20Round%2039%20Baseline%20Dashboard_0.pdf,title:displacement dashboard
942,2021,2021-12-24,Emergency Tracking Tool (ETT),North East,Adamawa; Borno,Nigeria — Emergency Tracking Tool Report 254 (13 - 19 December 2021),https://dtm.iom.int/reports/nigeria-emergency-tracking-tool-report-254-13-19-december-2021,https://dtm.iom.int/sites/g/files/tmzbdl1461/files/reports/IOM%20Nigeria%20DTM%20Emergency%20Tracking%20Tool%20%28ETT%29%20Report%20No.254%20%2813%20-%2019%20December%202021%29%20.pdf,title:emergency tracking tool
943,2021,2021-12-22,Mobility Tracking – IDP & Returnee Atlas,North East,,Nigeria — North East — Displacement Factsheet 39 (30 August - 15 October 2021),https://dtm.iom.int/reports/nigeria-north-east-displacement-factsheet-39-30-august-15-october-2021,https://dtm.iom.int/sites/g/files/tmzbdl1461/files/reports/Round%2039%20-%20Factsheet.pdf,title:displacement factsheet
944,2021,2021-12-22,Incident / Flash Report,North Central; North West,,Nigeria — North Central & North West Flash Report #81 (13 - 19 December 2021),https://dtm.iom.int/reports/nigeria-north-central-north-west-flash-report-81-13-19-december-2021,https://dtm.iom.int/sites/g/files/tmzbdl1461/files/reports/IOM%20Nigeria%20DTM%20Flash%20Report%20NCNW%2081%20%2821%20December%202021%29.pdf,title:flash report
945,2021,2021-12-22,Other / Unclassified,North East,Adamawa; Borno,Nigeria — COVID-19 Point of Entry Dashboard 83 (11 - 17 December 2021),https://dtm.iom.int/reports/nigeria-covid-19-point-entry-dashboard-83-11-17-december-2021,https://dtm.iom.int/sites/g/files/tmzbdl1461/files/reports/IOM%20Nigeria%20DTM%20COVID-19%20Point%20of%20Entry%20Dashboard%2083%20%2811%20-%2017%20December%202021%29.pdf,
946,2021,2021-12-17,Emergency Tracking Tool (ETT),North East,Adamawa; Borno,Nigeria — Emergency Tracking Tool Report 253 (06 - 12 December 2021),https://dtm.iom.int/reports/nigeria-emergency-tracking-tool-report-253-06-12-december-2021,https://dtm.iom.int/sites/g/files/tmzbdl1461/files/reports/IOM%20Nigeria%20DTM%20Emergency%20Tracking%20Tool%20%28ETT%29%20Report%20No.253%20%2806%20-%2012%20December%202021%29.pdf,title:emergency tracking tool
947,2021,2021-12-15,Incident / Flash Report,North Central; North West,,Nigeria — North Central & North West Flash Report #80 (06 - 12 December 2021),https://dtm.iom.int/reports/nigeria-north-central-north-west-flash-report-80-06-12-december-2021,https://dtm.iom.int/sites/g/files/tmzbdl1461/files/reports/IOM%20Nigeria%20DTM%20Flash%20Report%20NCNW%2080%20%2814%20December%202021%29.pdf,title:flash report
948,2021,2021-12-15,Other / Unclassified,North East,Adamawa; Borno,Nigeria — COVID-19 Point of Entry Dashboard 82 (04 - 10 December 2021),https://dtm.iom.int/reports/nigeria-covid-19-point-entry-dashboard-82-04-10-december-2021,https://dtm.iom.int/sites/g/files/tmzbdl1461/files/reports/IOM%20Nigeria%20DTM%20COVID-19%20Point%20of%20Entry%20Dashboard%2082%20%2804%20-10%20December%202021%29.pdf,
949,2021,2021-12-10,Emergency Tracking Tool (ETT),North East,Adamawa; Borno,Nigeria — Emergency Tracking Tool Report 252 (29 November - 05 December 2021),https://dtm.iom.int/reports/nigeria-emergency-tracking-tool-report-252-29-november-05-december-2021,https://dtm.iom.int/sites/g/files/tmzbdl1461/files/reports/IOM%20Nigeria%20DTM%20Emergency%20Tracking%20Tool%20%28ETT%29%20Report%20No.252%20%2829%20November%20-%2005%20December%202021%29.pdf,title:emergency tracking tool
950,2021,2021-12-08,Incident / Flash Report,North Central; North West,,Nigeria — Nigeria — North Central & North West Flash Report 79 (29 November - 05 December 2021),https://dtm.iom.int/reports/nigeria-nigeria-north-central-north-west-flash-report-79-29-november-05-december-2021,https://dtm.iom.int/sites/g/files/tmzbdl1461/files/reports/IOM%20Nigeria%20DTM%20Flash%20Report%20NCNW%2079%20%2807%20December%202021%29.pdf,title:flash report
951,2021,2021-12-07,Other / Unclassified,North East,Adamawa; Borno,Nigeria — COVID-19 Point of Entry Monthly Dashboard  (November 2021),https://dtm.iom.int/reports/nigeria-covid-19-point-entry-monthly-dashboard-november-2021,https://dtm.iom.int/sites/g/files/tmzbdl1461/files/reports/IOM%20Nigeria%20DTM%20COVID-19%20Point%20of%20Entry%20Monthly%20Dashboard%20%28November%202021%29.pdf,
952,2021,2021-12-07,Other / Unclassified,North East,Adamawa; Borno,Nigeria — COVID-19 Point of Entry Dashboard 81 (27 November - 03 December 2021),https://dtm.iom.int/reports/nigeria-covid-19-point-entry-dashboard-81-27-november-03-december-2021,https://dtm.iom.int/sites/g/files/tmzbdl1461/files/reports/IOM%20Nigeria%20DTM%20COVID-19%20Point%20of%20Entry%2081%20%2827%20November%20-%2003%20December%202021%29.pdf,
953,2021,2021-12-04,Incident / Flash Report,North East,Borno,Nigeria — North East — Maiduguri Metropolitan Council LGA (Borno State) Flash Report  (03 December 2021),https://dtm.iom.int/reports/nigeria-north-east-maiduguri-metropolitan-council-lga-borno-state-flash-report-03-december,https://dtm.iom.int/sites/g/files/tmzbdl1461/files/reports/IOM%20Nigeria%20DTM%20Flash%20Report%20NE%20-%20Bakasi%20Camp%20Relocation%20MMC%20LGA%20%28Borno%20State%29%2003%20December%202021.pdf,title:flash report
954,2021,2021-12-03,Emergency Tracking Tool (ETT),North East,Adamawa; Borno,Nigeria — Emergency Tracking Tool Report 251 (22 - 28 November 2021),https://dtm.iom.int/reports/nigeria-emergency-tracking-tool-report-251-22-28-november-2021,https://dtm.iom.int/sites/g/files/tmzbdl1461/files/reports/IOM%20Nigeria%20DTM%20Emergency%20Tracking%20Tool%20%28ETT%29%20Report%20No.251%20%2822%20%20-%2028%20November%202021%29.pdf,title:emergency tracking tool
955,2021,2021-12-02,Incident / Flash Report,North Central; North West,,Nigeria — North Central & North West Flash Report #78 (22 - 28 November 2021),https://dtm.iom.int/reports/nigeria-north-central-north-west-flash-report-78-22-28-november-2021,https://dtm.iom.int/sites/g/files/tmzbdl1461/files/reports/IOM%20Nigeria%20DTM%20Flash%20Report%20NCNW%2078%20%2801%20December%202021%29.pdf,title:flash report
956,2021,2021-12-02,Other / Unclassified,North East,Adamawa; Borno,Nigeria — COVID-19 Point of Entry Dashboard 80 (20 - 26 November 2021),https://dtm.iom.int/reports/nigeria-covid-19-point-entry-dashboard-80-20-26-november-2021,https://dtm.iom.int/sites/g/files/tmzbdl1461/files/reports/IOM%20Nigeria%20DTM%20COVID-19%20Point%20of%20Entry%2080%20%2820%20-%2026%20November%202021%29.pdf,
957,2021,2021-11-25,Emergency Tracking Tool (ETT),North East,Adamawa; Borno,Nigeria — Emergency Tracking Tool Report 250 (15 - 21 November 2021),https://dtm.iom.int/reports/nigeria-emergency-tracking-tool-report-250-15-21-november-2021,https://dtm.iom.int/sites/g/files/tmzbdl1461/files/reports/IOM%20Nigeria%20DTM%20Emergency%20Tracking%20Tool%20%28ETT%29%20Report%20No.250%20%2815%20%20-%2021%20November%202021%29.pdf,title:emergency tracking tool
958,2021,2021-11-24,Incident / Flash Report,North Central; North West,,Nigeria — North Central & North West Flash Report #77 (15 - 21 November 2021),https://dtm.iom.int/reports/nigeria-north-central-north-west-flash-report-77-15-21-november-2021,https://dtm.iom.int/sites/g/files/tmzbdl1461/files/reports/IOM%20Nigeria%20DTM%20Flash%20Report%20NCNW%2077%20%2823%20November%202021%29.pdf,title:flash report
959,2021,2021-11-24,Other / Unclassified,North East,Adamawa; Borno,Nigeria — COVID-19 Point of Entry Dashboard 79 (13 - 19 November 2021),https://dtm.iom.int/reports/nigeria-covid-19-point-entry-dashboard-79-13-19-november-2021,https://dtm.iom.int/sites/g/files/tmzbdl1461/files/reports/IOM%20Nigeria%20DTM%20COVID-19%20Point%20of%20Entry%20Dashboard%2079%20%2813%20-%2019%20November%202021%29.pdf,
960,2021,2021-11-22,Other / Unclassified,North East,Adamawa; Borno; Yobe; Gombe; Taraba; Bauchi,Nigeria — COVID-19 Situational Analysis 8: North East (November 2021),https://dtm.iom.int/reports/nigeria-covid-19-situational-analysis-8-north-east-november-2021,https://dtm.iom.int/sites/g/files/tmzbdl1461/files/reports/COVID-19%20Situation%20Report%208%20-%20North%20East%20Nigeria.pdf,
961,2021,2021-11-18,Emergency Tracking Tool (ETT),North East,Adamawa; Borno,Nigeria — Emergency Tracking Tool Report 249 (08 - 14 November 2021),https://dtm.iom.int/reports/nigeria-emergency-tracking-tool-report-249-08-14-november-2021,https://dtm.iom.int/sites/g/files/tmzbdl1461/files/reports/IOM%20Nigeria%20DTM%20Emergency%20Tracking%20Tool%20%28ETT%29%20Report%20No.249%20%2808%20%20-%2014%20November%202021%29_0.pdf,title:emergency tracking tool
962,2021,2021-11-18,Other / Unclassified,North Central; North West,Benue; Nasarawa; Plateau; Kano; Kaduna; Katsina; Sokoto; Zamfara,Nigeria — COVID-19 Situational Analysis 5: North Central and North West November 2021),https://dtm.iom.int/reports/nigeria-covid-19-situational-analysis-5-north-central-and-north-west-november-2021,https://dtm.iom.int/sites/g/files/tmzbdl1461/files/reports/COVID%20-%2019%20Situation%20Report%20-%20North%20Central%20and%20North%20West%20Nigeria%205.pdf,
963,2021,2021-11-13,Other / Unclassified,North East,Adamawa; Borno,Nigeria — North East — COVID-19 Point of Entry Dashboard 78 (6—12 November 2021),https://dtm.iom.int/reports/nigeria-north-east-covid-19-point-entry-dashboard-78-6-12-november-2021,https://dtm.iom.int/sites/g/files/tmzbdl1461/files/reports/IOM%20Nigeria%20DTM%20COVID-19%20Point%20of%20Entry%20Dashboard%2078%20%2806%20-%2012%20November%202021%29.pdf,
964,2021,2021-11-11,Emergency Tracking Tool (ETT),North East,Adamawa; Borno,Nigeria — Emergency Tracking Tool Report 248 (01 - 07 November 2021),https://dtm.iom.int/reports/nigeria-emergency-tracking-tool-report-248-01-07-november-2021,https://dtm.iom.int/sites/g/files/tmzbdl1461/files/reports/IOM%20Nigeria%20DTM%20Emergency%20Tracking%20Tool%20%28ETT%29%20Report%20No.248%20%2801%20%20-%2007%20November%202021%29.pdf,title:emergency tracking tool
965,2021,2021-11-10,Mobility Tracking – IDP & Returnee Atlas,North East,,Nigeria — North East — Site Assessment Dashboard 38 (June — July 2021),https://dtm.iom.int/reports/nigeria-north-east-site-assessment-dashboard-38-june-july-2021,https://dtm.iom.int/sites/g/files/tmzbdl1461/files/reports/DTM%20Nigeria%20Round%2038%20Dashboard%20of%20Site%20Assessment.pdf,title:site assessment
966,2021,2021-11-10,Mobility Tracking – IDP & Returnee Atlas,North East,,Nigeria — North East — Returnee Dashboard 38 (June — July 2021 ),https://dtm.iom.int/reports/nigeria-north-east-returnee-dashboard-38-june-july-2021,https://dtm.iom.int/sites/g/files/tmzbdl1461/files/reports/DTM%20Round%2038%20Returnee%20Dashboard.pdf,title:returnee dashboard
967,2021,2021-11-10,Mobility Tracking – IDP & Returnee Atlas,North East,,Nigeria — North East — List of Wards Assessed 38 (June — July 2021),https://dtm.iom.int/reports/nigeria-north-east-list-wards-assessed-38-june-july-2021,https://dtm.iom.int/sites/g/files/tmzbdl1461/files/reports/R38%20LIST%20OF%20WARDS%20ASSESSED.pdf,title:list of wards assessed
968,2021,2021-11-10,Mobility Tracking – IDP & Returnee Atlas,North East,,Nigeria — North East — List of Displacement Sites Assessed 38 (June — July 2021),https://dtm.iom.int/reports/nigeria-north-east-list-displacement-sites-assessed-38-june-july-2021,https://dtm.iom.int/sites/g/files/tmzbdl1461/files/reports/R38%20List%20Of%20Sites%20Assessed.pdf,title:list of displacement sites
969,2021,2021-11-10,Mobility Tracking – IDP & Returnee Atlas,North East,,Nigeria — North East — IDP Population Variation Dashboard 38 (June — July 2021),https://dtm.iom.int/reports/nigeria-north-east-idp-population-variation-dashboard-38-june-july-2021,https://dtm.iom.int/sites/g/files/tmzbdl1461/files/reports/Nigeria%20-%20DTM%20%20Round%2038%20Dashboard%20of%20IDP%20Population%20Variation.pdf,title:idp population variation
970,2021,2021-11-10,Mobility Tracking – IDP & Returnee Atlas,North East,Adamawa; Borno; Yobe; Gombe; Taraba; Bauchi,Nigeria — North East — Displacement Report 38 (June — July 2021),https://dtm.iom.int/reports/nigeria-north-east-displacement-report-38-june-july-2021,https://dtm.iom.int/sites/g/files/tmzbdl1461/files/reports/DTM%20Report%20Round%2038%20.pdf,title:displacement report
971,2021,2021-11-10,Mobility Tracking – IDP & Returnee Atlas,North East,,Nigeria — North East — Displacement Factsheet 38 (21 June — 27 July 2021),https://dtm.iom.int/reports/nigeria-north-east-displacement-factsheet-38-21-june-27-july-2021,https://dtm.iom.int/sites/g/files/tmzbdl1461/files/reports/Round%2038%20-%20Factsheet.pdf,title:displacement factsheet
972,2021,2021-11-10,Mobility Tracking – IDP & Returnee Atlas,North East,,Nigeria — North East — Displacement Dashboard 38 (June — July 2021),https://dtm.iom.int/reports/nigeria-north-east-displacement-dashboard-38-june-july-2021,https://dtm.iom.int/sites/g/files/tmzbdl1461/files/reports/DTM%20Round%2038%20Baseline%20Dashboard.pdf,title:displacement dashboard
973,2021,2021-11-09,Incident / Flash Report,North Central; North West,,Nigeria — North West/North Central — Flash Report 75 (1—7 November 2021),https://dtm.iom.int/reports/nigeria-north-westnorth-central-flash-report-75-1-7-november-2021,https://dtm.iom.int/sites/g/files/tmzbdl1461/files/reports/IOM%20Nigeria%20DTM%20Flash%20Report%20NCNW%2075%20%2809%20November%202021%29.pdf,title:flash report
974,2021,2021-11-07,Other / Unclassified,North East,Adamawa; Borno,Nigeria — North East — COVID-19 Point of Entry Monthly Dashboard (October 2021),https://dtm.iom.int/reports/nigeria-north-east-covid-19-point-entry-monthly-dashboard-october-2021,https://dtm.iom.int/sites/g/files/tmzbdl1461/files/reports/IOM%20Nigeria%20DTM%20COVID-19%20Point%20of%20Entry%20Monthly%20Dashboard%20%28October%202021%29.pdf,
975,2021,2021-11-06,Other / Unclassified,North East,Adamawa; Borno,Nigeria — North East — COVID-19 Point of Entry Dashboard 77 (30 October — 5 November 2021),https://dtm.iom.int/reports/nigeria-north-east-covid-19-point-entry-dashboard-77-30-october-5-november-2021,https://dtm.iom.int/sites/g/files/tmzbdl1461/files/reports/IOM%20Nigeria%20DTM%20COVID-19%20Point%20of%20Entry%20Dashboard%2077%20%2830%20October%20-%2005%20November%202021%29.pdf,
976,2021,2021-11-04,Emergency Tracking Tool (ETT),North East,Adamawa; Borno,Nigeria — Emergency Tracking Tool Report 247 (25 - 31 October 2021),https://dtm.iom.int/reports/nigeria-emergency-tracking-tool-report-247-25-31-october-2021,https://dtm.iom.int/sites/g/files/tmzbdl1461/files/reports/IOM%20Nigeria%20DTM%20Emergency%20Tracking%20Tool%20%28ETT%29%20Report%20No.247%20%2825%20%20-%2031%20October%202021%29.pdf,title:emergency tracking tool
977,2021,2021-11-02,Incident / Flash Report,North Central; North West,,Nigeria — North West/North Central — Flash Report 74 (25—31 October 2021),https://dtm.iom.int/reports/nigeria-north-westnorth-central-flash-report-74-25-31-october-2021,https://dtm.iom.int/sites/g/files/tmzbdl1461/files/reports/IOM%20Nigeria%20DTM%20Flash%20Report%20NCNW%2074%20%2802%20November%202021%29.pdf,title:flash report
978,2021,2021-11-01,Other / Unclassified,North East,Adamawa; Borno,Nigeria — COVID-19 Point of Entry Dashboard 76 (23 - 29 October 2021),https://dtm.iom.int/reports/nigeria-covid-19-point-entry-dashboard-76-23-29-october-2021,https://dtm.iom.int/sites/g/files/tmzbdl1461/files/reports/IOM%20Nigeria%20DTM%20COVID-19%20Point%20of%20Entry%20Dashboard%2076%20%2823%20-%2029%20October%202021%29_0.pdf,
979,2021,2021-10-30,Other / Unclassified,North East,Adamawa; Borno,Nigeria — North East — COVID-19 Point of Entry Dashboard 76 (23—29 October 2021),https://dtm.iom.int/reports/nigeria-north-east-covid-19-point-entry-dashboard-76-23-29-october-2021,https://dtm.iom.int/sites/g/files/tmzbdl1461/files/reports/IOM%20Nigeria%20DTM%20COVID-19%20Point%20of%20Entry%20Dashboard%2076%20%2823%20-%2029%20October%202021%29.pdf,
980,2021,2021-10-28,Emergency Tracking Tool (ETT),North East,Adamawa; Borno,Nigeria — Emergency Tracking Tool Report 246 (18 - 24 October 2021),https://dtm.iom.int/reports/nigeria-emergency-tracking-tool-report-246-18-24-october-2021,https://dtm.iom.int/sites/g/files/tmzbdl1461/files/reports/IOM%20Nigeria%20DTM%20Emergency%20Tracking%20Tool%20%28ETT%29%20Report%20No.246%20%2818%20%20-%2024%20October%202021%29.pdf,title:emergency tracking tool
981,2021,2021-10-26,Incident / Flash Report,North Central; North West,,Nigeria — North West/North Central — Flash Report 73 (18—24 October 2021),https://dtm.iom.int/reports/nigeria-north-westnorth-central-flash-report-73-18-24-october-2021,https://dtm.iom.int/sites/g/files/tmzbdl1461/files/reports/IOM%20Nigeria%20DTM%20Flash%20Report%20NCNW%2073%20%2826%20October%202021%29_1.pdf,title:flash report
982,2021,2021-10-25,Other / Unclassified,North East,Adamawa; Borno,Nigeria — COVID-19 Point of Entry Dashboard 75 (16 - 22 October 2021),https://dtm.iom.int/reports/nigeria-covid-19-point-entry-dashboard-75-16-22-october-2021,https://dtm.iom.int/sites/g/files/tmzbdl1461/files/reports/IOM%20Nigeria%20DTM%20COVID-19%20Point%20of%20Entry%20Dashboard%2075%20%2816%20-%2022%20October%202021%29_0.pdf,
983,2021,2021-10-23,Other / Unclassified,North East,Adamawa; Borno,Nigeria — North East — COVID-19 Point of Entry Dashboard 75 (16—22 October 2021),https://dtm.iom.int/reports/nigeria-north-east-covid-19-point-entry-dashboard-75-16-22-october-2021,https://dtm.iom.int/sites/g/files/tmzbdl1461/files/reports/IOM%20Nigeria%20DTM%20COVID-19%20Point%20of%20Entry%20Dashboard%2075%20%2816%20-%2022%20October%202021%29.pdf,
984,2021,2021-10-21,Emergency Tracking Tool (ETT),North East,Adamawa; Borno,Nigeria — Emergency Tracking Tool Report 245 (11 - 17 October 2021),https://dtm.iom.int/reports/nigeria-emergency-tracking-tool-report-245-11-17-october-2021,https://dtm.iom.int/sites/g/files/tmzbdl1461/files/reports/IOM%20Nigeria%20DTM%20Emergency%20Tracking%20Tool%20%28ETT%29%20Report%20No.245%20%2811%20%20-%2017%20October%202021%29.pdf,title:emergency tracking tool
985,2021,2021-10-19,Other / Unclassified,North East,Adamawa; Borno,Nigeria — COVID-19 Point Of Entry Dashboard 73 (02 - 10 October 2021),https://dtm.iom.int/reports/nigeria-%E2%80%94-covid-19-point-entry-dashboard-73-02-10-october-2021,https://dtm.iom.int/sites/g/files/tmzbdl1461/files/reports/IOM%20Nigeria%20DTM%20COVID-19%20Point%20of%20Entry%20Dashboard%2073%20%2802%20-%2008%20October%202021%29.pdf,
986,2021,2021-10-18,Incident / Flash Report,North Central; North West,,Nigeria — North Central & North West Flash Report #71 (04 – 10 October 2021),https://dtm.iom.int/reports/nigeria-north-central-north-west-flash-report-71-04-10-october-2021,https://dtm.iom.int/sites/g/files/tmzbdl1461/files/reports/IOM%20Nigeria%20DTM%20Flash%20Report%20NCNW%2071%20%2811%20October%202021%29.pdf,title:flash report
987,2021,2021-10-18,Emergency Tracking Tool (ETT),North East,Adamawa; Borno,Nigeria — Emergency Tracking Tool Report 244 (04 - 10 October 2021),https://dtm.iom.int/reports/nigeria-emergency-tracking-tool-report-244-04-10-october-2021,https://dtm.iom.int/sites/g/files/tmzbdl1461/files/reports/IOM%20Nigeria%20DTM%20Emergency%20Tracking%20Tool%20%28ETT%29%20Report%20No.244%20%2804%20%20-%2010%20October%202021%29.pdf,title:emergency tracking tool
988,2021,2021-10-18,Other / Unclassified,North East,Adamawa; Borno,Nigeria — COVID-19 Point of Entry Dashboard 74 (9 - 15 October 2021),https://dtm.iom.int/reports/nigeria-covid-19-point-entry-dashboard-74-9-15-october-2021,https://dtm.iom.int/sites/g/files/tmzbdl1461/files/reports/IOM%20Nigeria%20DTM%20COVID-19%20Point%20of%20Entry%20Dashboard%2074%20%2809%20-%2015%20October%202021%29_0.pdf,
989,2021,2021-10-16,Other / Unclassified,North East,Adamawa; Borno,Nigeria — North East — COVID-19 Point of Entry Dashboard 74 (9—15 October 2021),https://dtm.iom.int/reports/nigeria-north-east-covid-19-point-entry-dashboard-74-9-15-october-2021,https://dtm.iom.int/sites/g/files/tmzbdl1461/files/reports/IOM%20Nigeria%20DTM%20COVID-19%20Point%20of%20Entry%20Dashboard%2074%20%2809%20-%2015%20October%202021%29.pdf,
990,2021,2021-10-08,Emergency Tracking Tool (ETT),,,Nigeria — Emergency Tracking Tool Report 243 (27 September - 03 October 2021),https://dtm.iom.int/reports/nigeria-%E2%80%94-emergency-tracking-tool-report-243-27-september-03-october-2021,https://dtm.iom.int/sites/g/files/tmzbdl1461/files/reports/IOM%20Nigeria%20DTM%20Emergency%20Tracking%20Tool%20%28ETT%29%20Report%20No.243%20%2827%20September%20%20-%2003%20October%202021%29.pdf,title:emergency tracking tool
991,2021,2021-10-08,Emergency Tracking Tool (ETT),,,Nigeria — Emergency Tracking Tool Report 243 (27 September - 03 October 2021),https://dtm.iom.int/reports/nigeria-%E2%80%94-emergency-tracking-tool-report-243-27-september-03-october-2021-0,https://dtm.iom.int/sites/g/files/tmzbdl1461/files/reports/IOM%20Nigeria%20DTM%20Emergency%20Tracking%20Tool%20%28ETT%29%20Report%20No.243%20%2827%20September%20%20-%2003%20October%202021%29_0.pdf,title:emergency tracking tool
992,2021,2021-10-07,Mobility Tracking – IDP & Returnee Atlas,North Central; North West,,Nigeria — North Central And North West Zones List of Wards Assessed Round 7 (September 2021),https://dtm.iom.int/reports/nigeria-%E2%80%94-north-central-and-north-west-zones-list-wards-assessed-round-7-september-2021,https://dtm.iom.int/sites/g/files/tmzbdl1461/files/reports/R7%20LIST%20OF%20WARDS%20ASSESSED.pdf,title:list of wards assessed
993,2021,2021-10-07,Mobility Tracking – IDP & Returnee Atlas,North Central; North West,,Nigeria — North Central And North West Zones List of Displacement Sites Assessed Round 7 (September 2021),https://dtm.iom.int/reports/nigeria-%E2%80%94-north-central-and-north-west-zones-list-displacement-sites-assessed-round-7,https://dtm.iom.int/sites/g/files/tmzbdl1461/files/reports/R7%20List%20Of%20Sites%20Assessed.pdf,title:list of displacement sites
994,2021,2021-10-06,Mobility Tracking – IDP & Returnee Atlas,North Central; North West,,Nigeria — North Central and North West Zones Displacement Dashboard 7 (September 2021),https://dtm.iom.int/reports/nigeria-%E2%80%94-north-central-and-north-west-zones-displacement-dashboard-7-september-2021,https://dtm.iom.int/sites/g/files/tmzbdl1461/files/reports/DTM%20Nigeria%20-%20North%20Central%20and%20North-West%20Zones%20Round%207%20Baseline%20Dashboard.pdf,title:displacement dashboard
995,2021,2021-10-06,Mobility Tracking – IDP & Returnee Atlas,North Central; North West,,Nigeria — North Central And North West Zones Site Assessment Dashboard 7 (September 2021),https://dtm.iom.int/reports/nigeria-%E2%80%94-north-central-and-north-west-zones-site-assessment-dashboard-7-september-2021,https://dtm.iom.int/sites/g/files/tmzbdl1461/files/reports/DTM%20Nigeria%20-%20North-Central%20and%20North-West%20Zones%20Round%207%20Dashboard%20of%20Site%20Assessment.pdf,title:site assessment
996,2021,2021-10-06,Mobility Tracking – IDP & Returnee Atlas,North Central; North West,,Nigeria — North Central And North West Zones IDP Population Variation Dashboard 7 (September 2021),https://dtm.iom.int/reports/nigeria-%E2%80%94-north-central-and-north-west-zones-idp-population-variation-dashboard-7-september,https://dtm.iom.int/sites/g/files/tmzbdl1461/files/reports/DTM%20Nigeria%20-%20North-Central%20and%20North-West%20Zones%20Round%207%20Dashboard%20of%20IDP%20Population%20Variation_0.pdf,title:idp population variation
997,2021,2021-10-06,Mobility Tracking – IDP & Returnee Atlas,North Central; North West,,Nigeria — North Central And North West Zones Displacement Report 7 (September 2021),https://dtm.iom.int/reports/nigeria-%E2%80%94-north-central-and-north-west-zones-displacement-report-7-september-2021,https://dtm.iom.int/sites/g/files/tmzbdl1461/files/reports/Round%207%20North%20Central%20and%20North%20West%20Report.pdf,title:displacement report
998,2021,2021-10-06,Other / Unclassified,North East,Adamawa; Borno,Nigeria — COVID-19 Point Of Entry Dashboard 72 (25 September — 1 October 2021),https://dtm.iom.int/reports/nigeria-%E2%80%94-covid-19-point-entry-dashboard-72-25-september-%E2%80%94-1-october-2021,https://dtm.iom.int/sites/g/files/tmzbdl1461/files/reports/IOM%20Nigeria%20DTM%20COVID-19%20Point%20of%20Entry%20Dashboard%2072%20%2825%20September%20-%2001%20October%202021%29.pdf,
999,2021,2021-10-05,Other / Unclassified,,,Nigeria — COVID-19 Point Of Entry Monthly Dashboard (September 2021),https://dtm.iom.int/reports/nigeria-%E2%80%94-covid-19-point-entry-monthly-dashboard-september-2021,https://dtm.iom.int/sites/g/files/tmzbdl1461/files/reports/IOM%20Nigeria%20DTM%20COVID-19%20Point%20of%20Entry%20Monthly%20Dashboard%20%28September%202021%29.pdf,
1000,2021,2021-10-01,Emergency Tracking Tool (ETT),,,Nigeria — Emergency Tracking Tool Report 242 (20 - 26 September 2021),https://dtm.iom.int/reports/nigeria-%E2%80%94-emergency-tracking-tool-report-242-20-26-september-2021,https://dtm.iom.int/sites/g/files/tmzbdl1461/files/reports/IOM%20Nigeria%20DTM%20Emergency%20Tracking%20Tool%20%28ETT%29%20Report%20No.242%20%2820%20%20-%2026%20September%202021%29.pdf,title:emergency tracking tool
1001,2021,2021-09-29,Incident / Flash Report,North Central; North West,,Nigeria — North Central & North West Flash Report #70 (20 – 26 September 2021),https://dtm.iom.int/reports/nigeria-%E2%80%94-north-central-north-west-flash-report-70-20-%E2%80%93-26-september-2021,https://dtm.iom.int/sites/g/files/tmzbdl1461/files/reports/IOM%20Nigeria%20DTM%20Flash%20Report%20NCNW%2070%20%2828%20September%202021%29.pdf,title:flash report
1002,2021,2021-09-29,Other / Unclassified,,,Nigeria — COVID-19 Point Of Entry Dashboard 71 (18 - 24 September 2021),https://dtm.iom.int/reports/nigeria-%E2%80%94-covid-19-point-entry-dashboard-71-18-24-september-2021,https://dtm.iom.int/sites/g/files/tmzbdl1461/files/reports/IOM%20Nigeria%20DTM%20COVID-19%20Point%20of%20Entry%20Dashboard%2071%20%2818%20-%2024%20September%202021%29.pdf,
1003,2021,2021-09-24,Mobility Tracking – IDP & Returnee Atlas,North Central; North West,,Nigeria — North Central And North West Displacement Factsheet Round 7 (September 2021),https://dtm.iom.int/reports/nigeria-%E2%80%94-north-central-and-north-west-displacement-factsheet-round-7-september-2021,https://dtm.iom.int/sites/g/files/tmzbdl1461/files/reports/Factsheet%20-%20NCNW%20Displacement%20Report%20R7.pdf,title:displacement factsheet
1004,2021,2021-09-24,Emergency Tracking Tool (ETT),,,Nigeria — Emergency Tracking Tool Report 241 (13 - 19 September 2021),https://dtm.iom.int/reports/nigeria-%E2%80%94-emergency-tracking-tool-report-241-13-19-september-2021,https://dtm.iom.int/sites/g/files/tmzbdl1461/files/reports/IOM%20Nigeria%20DTM%20Emergency%20Tracking%20Tool%20%28ETT%29%20Report%20No.241%20%2813%20%20-%2019%20September%202021%29.pdf,title:emergency tracking tool
1005,2021,2021-09-21,Other / Unclassified,,,Nigeria — COVID-19 Point Of Entry Dashboard 70 (11 - 17 September 2021),https://dtm.iom.int/reports/nigeria-%E2%80%94-covid-19-point-entry-dashboard-70-11-17-september-2021,https://dtm.iom.int/sites/g/files/tmzbdl1461/files/reports/IOM%20Nigeria%20DTM%20COVID-19%20Point%20of%20Entry%20Dashboard%2070%20%2811%20-%2017%20September%202021%29.pdf,
1006,2021,2021-09-17,Emergency Tracking Tool (ETT),,,Nigeria — Emergency Tracking Tool Report 240 (06 - 12 September 2021),https://dtm.iom.int/reports/nigeria-%E2%80%94-emergency-tracking-tool-report-240-06-12-september-2021,https://dtm.iom.int/sites/g/files/tmzbdl1461/files/reports/IOM%20Nigeria%20DTM%20Emergency%20Tracking%20Tool%20%28ETT%29%20Report%20No.%20240%20%2806%20%20-%2012%20September%202021%29_0.pdf,title:emergency tracking tool
1007,2021,2021-09-14,Incident / Flash Report,North Central; North West,,Nigeria — North Central & North West Flash Report #69 (06 – 12 September 2021),https://dtm.iom.int/reports/nigeria-%E2%80%94-north-central-north-west-flash-report-69-06-%E2%80%93-12-september-2021,https://dtm.iom.int/sites/g/files/tmzbdl1461/files/reports/IOM%20Nigeria%20DTM%20Flash%20Report%20NCNW%2069%20%2813%20September%202021%29.pdf,title:flash report
1008,2021,2021-09-14,Other / Unclassified,,,Nigeria — COVID-19 Point Of Entry Dashboard 69 (04 - 10 September 2021),https://dtm.iom.int/reports/nigeria-%E2%80%94-covid-19-point-entry-dashboard-69-04-10-september-2021,https://dtm.iom.int/sites/g/files/tmzbdl1461/files/reports/IOM%20Nigeria%20DTM%20COVID-19%20Point%20of%20Entry%20Dashboard%2069%20%2804%20-%2010%20September%202021%29.pdf,
1009,2021,2021-09-10,Incident / Flash Report,North East,Borno,"Nigeria — North East Farm Center, Jere LGA — Borno State Flash Report (8 September 2021)",https://dtm.iom.int/reports/nigeria-%E2%80%94-north-east-farm-center-jere-lga-%E2%80%94-borno-state-flash-report-8-september-2021,https://dtm.iom.int/sites/g/files/tmzbdl1461/files/reports/IOM%20Nigeria%20DTM%20Flash%20Report%20NE%20-%20Jere%20LGA%20%28Borno%20State%29%2008%20September%202021_0.pdf,title:flash report
1010,2021,2021-09-09,Emergency Tracking Tool (ETT),,,Nigeria — Emergency Tracking Tool Report 239 (30 August - 05 September 2021),https://dtm.iom.int/reports/nigeria-%E2%80%94-emergency-tracking-tool-report-239-30-august-05-september-2021,https://dtm.iom.int/sites/g/files/tmzbdl1461/files/reports/IOM%20Nigeria%20DTM%20Emergency%20Tracking%20Tool%20%28ETT%29%20Report%20No.239%20%2830%20August%20%20-%2005%20September%202021%29.pdf,title:emergency tracking tool
1011,2021,2021-09-07,Incident / Flash Report,North Central; North West,,Nigeria — North Central & North West Flash Report #68 (30 August – 05 September 2021),https://dtm.iom.int/reports/nigeria-%E2%80%94-north-central-north-west-flash-report-68-30-august-%E2%80%93-05-september-2021,https://dtm.iom.int/sites/g/files/tmzbdl1461/files/reports/IOM%20Nigeria%20DTM%20Flash%20Report%20NCNW%2068%20%2806%20September%202021%29.pdf,title:flash report
1012,2021,2021-09-07,Other / Unclassified,,,Nigeria — COVID-19 Point Of Entry Dashboard 68 (28 August - 03 September 2021),https://dtm.iom.int/reports/nigeria-%E2%80%94-covid-19-point-entry-dashboard-68-28-august-03-september-2021,https://dtm.iom.int/sites/g/files/tmzbdl1461/files/reports/IOM%20Nigeria%20DTM%20COVID-19%20Point%20of%20Entry%20Dashboard%2068%20%2828%20August%20-%2003%20September%202021%29.pdf,
1013,2021,2021-09-06,Other / Unclassified,,,Nigeria — COVID-19 Point Of Entry Monthly Dashboard (August 2021),https://dtm.iom.int/reports/nigeria-%E2%80%94-covid-19-point-entry-monthly-dashboard-august-2021,https://dtm.iom.int/sites/g/files/tmzbdl1461/files/reports/IOM%20Nigeria%20DTM%20COVID-19%20Point%20of%20Entry%20Dashboard%20%28August%202021%29.pdf,
1014,2021,2021-09-02,Solutions Mobility Index / Stability Index,North Central,Niger,Nigeria — Stability Index Overview Round 1 – March/April 2021,https://dtm.iom.int/reports/nigeria-stability-index-overview-round-1-marchapril-2021,https://dtm.iom.int/sites/g/files/tmzbdl1461/files/reports/Stability%20Index%20-%20Nigeria_.pdf,title:stability index
1015,2021,2021-09-02,Emergency Tracking Tool (ETT),,,Nigeria — Emergency Tracking Tool Report 238 (23 - 29 August 2021),https://dtm.iom.int/reports/nigeria-%E2%80%94-emergency-tracking-tool-report-238-23-29-august-2021,https://dtm.iom.int/sites/g/files/tmzbdl1461/files/reports/IOM%20Nigeria%20DTM%20Emergency%20Tracking%20Tool%20%28ETT%29%20Report%20No.238%20%2823%20%20-%2029%20August%202021%29.pdf,title:emergency tracking tool
1016,2021,2021-09-02,Other / Unclassified,North East,,Nigeria — COVID-19 Situational Analysis 7: North East (September 2021),https://dtm.iom.int/reports/nigeria-%E2%80%94-covid-19-situational-analysis-7-north-east-september-2021,https://dtm.iom.int/sites/g/files/tmzbdl1461/files/reports/COVID-19%20Situational%20Analysis%207%20-%20North-East%20Nigeria.pdf,
1017,2021,2021-09-02,Other / Unclassified,North Central; North West,,Nigeria — COVID-19 Situational Analysis 4: North Central and North West (September 2021),https://dtm.iom.int/reports/nigeria-%E2%80%94-covid-19-situational-analysis-4-north-central-and-north-west-september-2021,https://dtm.iom.int/sites/g/files/tmzbdl1461/files/reports/COVID%20-%2019%20Situation%20Report%20-%20North%20Central%20and%20North%20West%20Nigeria%204.pdf,
1018,2021,2021-09-01,Incident / Flash Report,North East,Borno,Nigeria — North East Kala Balge LGA — Borno State Flash Report (31 August 2021),https://dtm.iom.int/reports/nigeria-%E2%80%94-north-east-kala-balge-lga-%E2%80%94-borno-state-flash-report-31-august-2021,https://dtm.iom.int/sites/g/files/tmzbdl1461/files/reports/IOM%20Nigeria%20DTM%20Flash%20Report%20NE%20-%20Kala%20Balge%20%28Borno%20State%29%2031%20August%202021.pdf,title:flash report
1019,2021,2021-08-31,Incident / Flash Report,North Central; North West,,Nigeria — North Central & North West Flash Report #67 (23 – 29 August 2021),https://dtm.iom.int/reports/nigeria-%E2%80%94-north-central-north-west-flash-report-67-23-%E2%80%93-29-august-2021,https://dtm.iom.int/sites/g/files/tmzbdl1461/files/reports/IOM%20Nigeria%20DTM%20Flash%20Report%20NCNW%2067%20%2830%20August%202021%29.pdf,title:flash report
1020,2021,2021-08-30,Other / Unclassified,,,Nigeria — COVID-19 Point Of Entry Dashboard 67 (21 - 27 August 2021),https://dtm.iom.int/reports/nigeria-%E2%80%94-covid-19-point-entry-dashboard-67-21-27-august-2021,https://dtm.iom.int/sites/g/files/tmzbdl1461/files/reports/IOM%20Nigeria%20DTM%20COVID-19%20Point%20of%20Entry%20Dashboard%2067%20%2821%20-%2027%20August%202021%29.pdf,
1021,2021,2021-08-27,Emergency Tracking Tool (ETT),,,Nigeria — Emergency Tracking Tool Report 237 (16 - 22 August 2021),https://dtm.iom.int/reports/nigeria-%E2%80%94-emergency-tracking-tool-report-237-16-22-august-2021,https://dtm.iom.int/sites/g/files/tmzbdl1461/files/reports/IOM%20Nigeria%20DTM%20Emergency%20Tracking%20Tool%20%28ETT%29%20Report%20No.237%20%2816%20%20-%2022%20August%202021%29.pdf,title:emergency tracking tool
1022,2021,2021-08-24,Incident / Flash Report,North East,,"Nigeria — North East — Jere, Konduga and Maiduguri MC Flash Report (23 August 2021)",https://dtm.iom.int/reports/nigeria-%E2%80%94-north-east-%E2%80%94-jere-konduga-and-maiduguri-mc-flash-report-23-august-2021,https://dtm.iom.int/sites/g/files/tmzbdl1461/files/reports/IOM%20Nigeria%20DTM%20Flash%20Report%20NE%20-%20Maiduguri%20MC%20Jere%20and%20Konduga%20Rainstorm%20%28Borno%20State%29%2023%20August%202021.pdf,title:flash report
1023,2021,2021-08-24,Incident / Flash Report,North Central; North West,,Nigeria — North Central & North West Flash Report #66 (16 – 22 August 2021),https://dtm.iom.int/reports/nigeria-%E2%80%94-north-central-north-west-flash-report-66-16-%E2%80%93-22-august-2021,https://dtm.iom.int/sites/g/files/tmzbdl1461/files/reports/IOM%20Nigeria%20DTM%20Flash%20Report%20NCNW%2066%20%2823%20August%202021%29.pdf,title:flash report
1024,2021,2021-08-24,Other / Unclassified,,,Nigeria — COVID-19 Point Of Entry Dashboard 66 (14 - 20 August 2021),https://dtm.iom.int/reports/nigeria-%E2%80%94-covid-19-point-entry-dashboard-66-14-20-august-2021,https://dtm.iom.int/sites/g/files/tmzbdl1461/files/reports/IOM%20Nigeria%20DTM%20COVID-19%20Point%20of%20Entry%20Dashboard%2066%20%2814-20%20August%202021%29.pdf,
1025,2021,2021-08-20,Emergency Tracking Tool (ETT),,,Nigeria — Emergency Tracking Tool Report 236 (09 - 15 August 2021),https://dtm.iom.int/reports/nigeria-%E2%80%94-emergency-tracking-tool-report-236-09-15-august-2021,https://dtm.iom.int/sites/g/files/tmzbdl1461/files/reports/IOM%20Nigeria%20DTM%20Emergency%20Tracking%20Tool%20%28ETT%29%20Report%20No.236%20%2809%20%20-%2015%20August%202021%29.pdf,title:emergency tracking tool
1026,2021,2021-08-17,Incident / Flash Report,North East,,Nigeria — North East Maiduguri M.C. and Jere Flash Report (16 August 2021),https://dtm.iom.int/reports/nigeria-%E2%80%94-north-east-maiduguri-mc-and-jere-flash-report-16-august-2021,https://dtm.iom.int/sites/g/files/tmzbdl1461/files/reports/IOM%20Nigeria%20DTM%20Flash%20Report%20NE%20-%20Maiduguri%20M.C%20and%20Jere%20LGAs%20Rainfall%20%28Borno%20State%29%2016%20August%202021.pdf,title:flash report
1027,2021,2021-08-17,Incident / Flash Report,North Central; North West,,Nigeria — North Central & North West Flash Report #65 (09 – 15 August 2021),https://dtm.iom.int/reports/nigeria-%E2%80%94-north-central-north-west-flash-report-65-09-%E2%80%93-15-august-2021,https://dtm.iom.int/sites/g/files/tmzbdl1461/files/reports/IOM%20Nigeria%20DTM%20Flash%20Report%20NCNW%2065%20%2816%20August%202021%29.pdf,title:flash report
1028,2021,2021-08-16,Other / Unclassified,,,Nigeria — COVID-19 Point Of Entry Dashboard 65 (07 - 13 August 2021),https://dtm.iom.int/reports/nigeria-%E2%80%94-covid-19-point-entry-dashboard-65-07-13-august-2021,https://dtm.iom.int/sites/g/files/tmzbdl1461/files/reports/IOM%20Nigeria%20DTM%20COVID-19%20Point%20of%20Entry%20Dashboard%2065%20%2807-13%20August%202021%29.pdf,
1029,2021,2021-08-13,Emergency Tracking Tool (ETT),,,Nigeria — Emergency Tracking Tool Report 235 (02 - 08 August 2021),https://dtm.iom.int/reports/nigeria-%E2%80%94-emergency-tracking-tool-report-235-02-08-august-2021,https://dtm.iom.int/sites/g/files/tmzbdl1461/files/reports/IOM%20Nigeria%20DTM%20Emergency%20Tracking%20Tool%20%28ETT%29%20Report%20No.235%20%2802%20%20-%2008%20August%202021%29.pdf,title:emergency tracking tool
1030,2021,2021-08-11,Incident / Flash Report,North East,,Nigeria — North East IDPs Relocation from Monguno to Kukawa Flash Report (9 August 2021),https://dtm.iom.int/reports/nigeria-%E2%80%94-north-east-idps-relocation-monguno-kukawa-flash-report-9-august-2021,https://dtm.iom.int/sites/g/files/tmzbdl1461/files/reports/IOM%20Nigeria%20DTM%20Flash%20Report%20IDPs%20Relocation%20from%20Monguno%20to%20Kukawa%20LGA%20%289%20August%202021%29.pdf,title:flash report
1031,2021,2021-08-11,Incident / Flash Report,North Central,Plateau,Nigeria — North Central Bassa LGA — Plateau State Flash Report (10 August 2021),https://dtm.iom.int/reports/nigeria-%E2%80%94-north-central-bassa-lga-%E2%80%94-plateau-state-flash-report-10-august-2021,https://dtm.iom.int/sites/g/files/tmzbdl1461/files/reports/IOM%20Nigeria%20DTM%20Flash%20Report%20NC-%20Bassa%20LGA%20%28Plateau%20State%29%2010%20August%202021.pdf,title:flash report
1032,2021,2021-08-11,Incident / Flash Report,North Central; North West,,Nigeria — North Central & North West Flash Report #64 (02 – 08 August 2021),https://dtm.iom.int/reports/nigeria-%E2%80%94-north-central-north-west-flash-report-64-02-%E2%80%93-08-august-2021,https://dtm.iom.int/sites/g/files/tmzbdl1461/files/reports/IOM%20Nigeria%20DTM%20Flash%20Report%20NCNW%2064%20%2809%20August%202021%29_1.pdf,title:flash report
1033,2021,2021-08-10,Mobility Tracking – IDP & Returnee Atlas,,,Nigeria — Site Assessment Dashboard 37 (August 2021),https://dtm.iom.int/reports/nigeria-%E2%80%94-site-assessment-dashboard-37-august-2021,https://dtm.iom.int/sites/g/files/tmzbdl1461/files/reports/DTM%20Nigeria%20Round%2037%20Dashboard%20of%20Site%20Assessment_0.pdf,title:site assessment
1034,2021,2021-08-10,Mobility Tracking – IDP & Returnee Atlas,,,Nigeria — List of Wards Assessed 37 (August 2021),https://dtm.iom.int/reports/nigeria-%E2%80%94-list-wards-assessed-37-august-2021,https://dtm.iom.int/sites/g/files/tmzbdl1461/files/reports/R37%20LIST%20OF%20WARDS%20ASSESSED.pdf,title:list of wards assessed
1035,2021,2021-08-10,Mobility Tracking – IDP & Returnee Atlas,,,Nigeria — List of Displacement Sites Assessed 37 (August 2021),https://dtm.iom.int/reports/nigeria-%E2%80%94-list-displacement-sites-assessed-37-august-2021,https://dtm.iom.int/sites/g/files/tmzbdl1461/files/reports/R37%20LIST%20OF%20SITES%20ASSESSED.pdf,title:list of displacement sites
1036,2021,2021-08-10,Mobility Tracking – IDP & Returnee Atlas,,,Nigeria — IDP Population Variation Dashboard 37 (August 2021),https://dtm.iom.int/reports/nigeria-%E2%80%94-idp-population-variation-dashboard-37-august-2021,https://dtm.iom.int/sites/g/files/tmzbdl1461/files/reports/Nigeria%20-%20DTM%20%20Round%2037%20Dashboard%20of%20IDP%20Population%20Variation.ai%20updated.pdf,title:idp population variation
1037,2021,2021-08-10,Mobility Tracking – IDP & Returnee Atlas,,,Nigeria — Displacement Report 37 (August 2021),https://dtm.iom.int/reports/nigeria-%E2%80%94-displacement-report-37-august-2021,https://dtm.iom.int/sites/g/files/tmzbdl1461/files/reports/DTM%20Report%20Round%2037%20%20NE.pdf,title:displacement report
1038,2021,2021-08-10,Mobility Tracking – IDP & Returnee Atlas,,,Nigeria — Displacement Dashboard 37 (August 2021),https://dtm.iom.int/reports/nigeria-%E2%80%94-displacement-dashboard-37-august-2021,https://dtm.iom.int/sites/g/files/tmzbdl1461/files/reports/DTM%20Round%2037%20Baseline%20Dashboard.pdf,title:displacement dashboard
1039,2021,2021-08-09,Incident / Flash Report,North East,,"Nigeria — North East Maiduguri M.C, Jere, Monguno Rainfall Flash Report (06 August 2021)",https://dtm.iom.int/reports/nigeria-%E2%80%94-north-east-maiduguri-mc-jere-monguno-rainfall-flash-report-06-august-2021,https://dtm.iom.int/sites/g/files/tmzbdl1461/files/reports/IOM%20Nigeria%20DTM%20Flash%20Report%20NE%20-%20Maiduguri%20M.C%2C%20Jere%2C%20Monguno%20Rainfall%20%28Borno%20State%29%2006%20August%202021.pdf,title:flash report
1040,2021,2021-08-09,Other / Unclassified,,,Nigeria — COVID-19 Point Of Entry Dashboard 64 (31 July - 6 August 2021),https://dtm.iom.int/reports/nigeria-%E2%80%94-covid-19-point-entry-dashboard-64-31-july-6-august-2021,https://dtm.iom.int/sites/g/files/tmzbdl1461/files/reports/IOM%20Nigeria%20DTM%20COVID-19%20Point%20of%20Entry%20Dashboard%2064%20%2831%20July%20-%2006%20August%202021%29.pdf,
1041,2021,2021-08-06,Emergency Tracking Tool (ETT),,,Nigeria — Emergency Tracking Tool Report 234 (26 July - 01 August 2021),https://dtm.iom.int/reports/nigeria-%E2%80%94-emergency-tracking-tool-report-234-26-july-01-august-2021,https://dtm.iom.int/sites/g/files/tmzbdl1461/files/reports/IOM%20Nigeria%20DTM%20Emergency%20Tracking%20Tool%20%28ETT%29%20Report%20No.234%20%2826%20July%20%20-%2001%20August%202021%29.pdf,title:emergency tracking tool
1042,2021,2021-08-04,Incident / Flash Report,North East,Taraba,Nigeria — North East Karim-Lamido LGA (Taraba State) Flash Report (30 July 2021),https://dtm.iom.int/reports/nigeria-%E2%80%94-north-east-karim-lamido-lga-taraba-state-flash-report-30-july-2021,https://dtm.iom.int/sites/g/files/tmzbdl1461/files/reports/IOM%20Nigeria%20DTM%20Flash%20Report%20NE%20-%20Karim-Lamido%20LGA%20%28Taraba%20State%29%2030%20July%202021.pdf,title:flash report
1043,2021,2021-08-03,Incident / Flash Report,North East,Borno,Nigeria — North East Dikwa LGA — Borno State Flash Report (03 August 2021),https://dtm.iom.int/reports/nigeria-%E2%80%94-north-east-dikwa-lga-%E2%80%94-borno-state-flash-report-03-august-2021,https://dtm.iom.int/sites/g/files/tmzbdl1461/files/reports/IOM%20Nigeria%20DTM%20Flash%20Report%20NE%20-%20Dikwa%20LGA%20%28Borno%20State%29%20-%2030%20July%202021.pdf,title:flash report
1044,2021,2021-08-03,Incident / Flash Report,North Central; North West,,Nigeria — North Central & North West Flash Report #63 (26 July – 01 August 2021),https://dtm.iom.int/reports/nigeria-%E2%80%94-north-central-north-west-flash-report-63-26-july-%E2%80%93-01-august-2021,https://dtm.iom.int/sites/g/files/tmzbdl1461/files/reports/IOM%20Nigeria%20DTM%20Flash%20Report%20NCNW%2063%20%2803%20August%202021%29.pdf,title:flash report
1045,2021,2021-08-02,Mobility Tracking – IDP & Returnee Atlas,North East,Adamawa; Borno; Bauchi,Nigeria — North East Displacement Factsheet Round 37 (July 2021),https://dtm.iom.int/reports/nigeria-%E2%80%94-north-east-displacement-factsheet-round-37-july-2021,https://dtm.iom.int/sites/g/files/tmzbdl1461/files/reports/Round%2037%20NE%20Nigeria%20-%20Factsheet.pdf,title:displacement factsheet
1046,2021,2021-08-02,Other / Unclassified,,,Nigeria — COVID-19 Point Of Entry Monthly Dashboard (July 2021),https://dtm.iom.int/reports/nigeria-%E2%80%94-covid-19-point-entry-monthly-dashboard-july-2021,https://dtm.iom.int/sites/g/files/tmzbdl1461/files/reports/IOM%20Nigeria%20DTM%20COVID-19%20Point%20of%20Entry%20Dashboard%20%28July%202021%29.pdf,
1047,2021,2021-08-02,Other / Unclassified,,,Nigeria — COVID-19 Point Of Entry Dashboard 63 (24 - 30 July 2021),https://dtm.iom.int/reports/nigeria-%E2%80%94-covid-19-point-entry-dashboard-63-24-30-july-2021,https://dtm.iom.int/sites/g/files/tmzbdl1461/files/reports/IOM%20Nigeria%20DTM%20COVID-19%20Point%20of%20Entry%20Dashboard%2063%20%2824%20-%2030%20July%202021%29.pdf,
1048,2021,2021-07-30,Incident / Flash Report,North East,,"Nigeria — North East Maiduguri M.C, Jere, Monguno Rainfall Flash Report (29 July 2021)",https://dtm.iom.int/reports/nigeria-%E2%80%94-north-east-maiduguri-mc-jere-monguno-rainfall-flash-report-29-july-2021,https://dtm.iom.int/sites/g/files/tmzbdl1461/files/reports/IOM%20Nigeria%20DTM%20Flash%20Report%20NE%20-%20Maiduguri%20M.C%2C%20Jere%2C%20Monguno%20Rainfall%20%28Borno%20State%29%2029%20July%202021.pdf,title:flash report
1049,2021,2021-07-30,Emergency Tracking Tool (ETT),,,Nigeria — Emergency Tracking Tool Report 233 (19 - 25 July 2021),https://dtm.iom.int/reports/nigeria-%E2%80%94-emergency-tracking-tool-report-233-19-25-july-2021,https://dtm.iom.int/sites/g/files/tmzbdl1461/files/reports/IOM%20Nigeria%20DTM%20Emergency%20Tracking%20Tool%20%28ETT%29%20Report%20No.233%20%2819%20%20-%2025%20July%202021%29.pdf,title:emergency tracking tool
1050,2021,2021-07-26,Incident / Flash Report,North East,Borno,Nigeria — North East Dikwa LGA — Borno State Flash Report (26 July 2021),https://dtm.iom.int/reports/nigeria-%E2%80%94-north-east-dikwa-lga-%E2%80%94-borno-state-flash-report-26-july-2021,https://dtm.iom.int/sites/g/files/tmzbdl1461/files/reports/IOM%20Nigeria%20DTM%20Flash%20Report%20NE%20-%20Dikwa%20LGA%20%28Borno%20State%29%20-%2023%20July%202021.pdf,title:flash report
1051,2021,2021-07-26,Incident / Flash Report,North Central; North West,,Nigeria — North Central & North West Flash Report #62 (19 – 25 July 2021),https://dtm.iom.int/reports/nigeria-%E2%80%94-north-central-north-west-flash-report-62-19-%E2%80%93-25-july-2021,https://dtm.iom.int/sites/g/files/tmzbdl1461/files/reports/IOM%20Nigeria%20DTM%20Flash%20Report%20NCNW%2062%20%2826%20July%202021%29_0.pdf,title:flash report
1052,2021,2021-07-26,Other / Unclassified,,,Nigeria — COVID-19 Point Of Entry Dashboard 62 (17 - 23 July 2021),https://dtm.iom.int/reports/nigeria-%E2%80%94-covid-19-point-entry-dashboard-62-17-23-july-2021,https://dtm.iom.int/sites/g/files/tmzbdl1461/files/reports/IOM%20Nigeria%20DTM%20COVID-19%20Point%20of%20Entry%20Dashboard%2062%20%2817-23%20July%202021%29.pdf,
1053,2021,2021-07-22,Incident / Flash Report,North East,Borno,Nigeria — North East Maiduguri M. C. LGA — Borno State Flash Report (22 July 2021),https://dtm.iom.int/reports/nigeria-%E2%80%94-north-east-maiduguri-m-c-lga-%E2%80%94-borno-state-flash-report-22-july-2021,https://dtm.iom.int/sites/g/files/tmzbdl1461/files/reports/IOM%20Nigeria%20DTM%20Flash%20Report%20NE%20-%20Maiduguri%20M.C%20Rainfall%20%28Borno%20State%29%2022%20July%202021.pdf,title:flash report
1054,2021,2021-07-22,Incident / Flash Report,North East,Borno,Nigeria — North East Dikwa LGA — Borno State Flash Report (19 July 2021),https://dtm.iom.int/reports/nigeria-%E2%80%94-north-east-dikwa-lga-%E2%80%94-borno-state-flash-report-19-july-2021,https://dtm.iom.int/sites/g/files/tmzbdl1461/files/reports/IOM%20Nigeria%20DTM%20Flash%20Report%20NE%20-%20Dikwa%20LGA%20%28Borno%20State%29%20-%2019%20July%202021.pdf,title:flash report
1055,2021,2021-07-22,Emergency Tracking Tool (ETT),,,Nigeria — Emergency Tracking Tool Report 232 (12 - 18 July 2021),https://dtm.iom.int/reports/nigeria-%E2%80%94-emergency-tracking-tool-report-232-12-18-july-2021,https://dtm.iom.int/sites/g/files/tmzbdl1461/files/reports/IOM%20Nigeria%20DTM%20Emergency%20Tracking%20Tool%20%28ETT%29%20Report%20No.232%20%2812%20%20-%2018%20July%202021%29.pdf,title:emergency tracking tool
1056,2021,2021-07-19,Incident / Flash Report,North East,Adamawa,Nigeria — North East Hong LGA — Adamawa State Flash Report (16 July 2021),https://dtm.iom.int/reports/nigeria-%E2%80%94-north-east-hong-lga-%E2%80%94-adamawa-state-flash-report-16-july-2021,https://dtm.iom.int/sites/g/files/tmzbdl1461/files/reports/IOM%20Nigeria%20DTM%20Flash%20Report%20NE%20-%20Hong%20LGA%20%28Adamawa%20State%29%2016%20July%202021.pdf,title:flash report
1057,2021,2021-07-19,Incident / Flash Report,North Central; North West,,Nigeria — North Central & North West Flash Report #61 (12 – 18 July 2021),https://dtm.iom.int/reports/nigeria-%E2%80%94-north-central-north-west-flash-report-61-12-%E2%80%93-18-july-2021,https://dtm.iom.int/sites/g/files/tmzbdl1461/files/reports/IOM%20Nigeria%20DTM%20Flash%20Report%20NCNW%2061%20%2819%20July%202021%29.pdf,title:flash report
1058,2021,2021-07-19,Other / Unclassified,,,Nigeria — COVID-19 Point Of Entry Dashboard 61 (10 - 16 July 2021),https://dtm.iom.int/reports/nigeria-%E2%80%94-covid-19-point-entry-dashboard-61-10-16-july-2021,https://dtm.iom.int/sites/g/files/tmzbdl1461/files/reports/IOM%20Nigeria%20DTM%20COVID-19%20Point%20of%20Entry%20Dashboard%2061%20%2810-16%20July%202021%29.pdf,
1059,2021,2021-07-15,Incident / Flash Report,North East,Borno; Taraba,"Nigeria — North East  — Maiduguri M.C., Konduga and Jalingo LGAs (Borno and Taraba States) Flash Report  (14 July 2021)",https://dtm.iom.int/reports/nigeria-%E2%80%94-north-east-%E2%80%94-maiduguri-m-c-konduga-and-jalingo-lgas-borno-and-taraba-states-flash,https://dtm.iom.int/sites/g/files/tmzbdl1461/files/reports/IOM%20Nigeria%20DTM%20Flash%20Report%20NE%20-%20Konduga%20Maiduguri%20Jalingo%20LGAs%20%28Borno%20Taraba%20State%29%2008%20-%2014%20July%202021.pdf,title:flash report
1060,2021,2021-07-15,Emergency Tracking Tool (ETT),,,Nigeria — Emergency Tracking Tool Report 231 (05 - 11 July 2021),https://dtm.iom.int/reports/nigeria-%E2%80%94-emergency-tracking-tool-report-231-05-11-july-2021,https://dtm.iom.int/sites/g/files/tmzbdl1461/files/reports/IOM%20Nigeria%20DTM%20Emergency%20Tracking%20Tool%20%28ETT%29%20Report%20No.231%20%285%20%20-%2011%20July%202021%29.pdf,title:emergency tracking tool
1061,2021,2021-07-12,Incident / Flash Report,North East,Borno,Nigeria — North East Dikwa LGA — Borno State Flash Report (12 July 2021),https://dtm.iom.int/reports/nigeria-%E2%80%94-north-east-dikwa-lga-%E2%80%94-borno-state-flash-report-12-july-2021,https://dtm.iom.int/sites/g/files/tmzbdl1461/files/reports/IOM%20Nigeria%20DTM%20Flash%20Report%20NE%20-%20Dikwa%20LGA%20%28Borno%20State%29%20-%2012%20July%202021.pdf,title:flash report
1062,2021,2021-07-12,Incident / Flash Report,North Central; North West,,Nigeria — North Central & North West Flash Report #60 (5 – 11 July 2021),https://dtm.iom.int/reports/nigeria-%E2%80%94-north-central-north-west-flash-report-60-5-%E2%80%93-11-july-2021,https://dtm.iom.int/sites/g/files/tmzbdl1461/files/reports/IOM%20Nigeria%20DTM%20Flash%20Report%20NCNW%2060%20%2812%20July%202021%29.pdf,title:flash report
1063,2021,2021-07-12,Other / Unclassified,,,Nigeria — COVID-19 Point Of Entry Dashboard 60 (3 July - 9 July 2021),https://dtm.iom.int/reports/nigeria-%E2%80%94-covid-19-point-entry-dashboard-60-3-july-9-july-2021,https://dtm.iom.int/sites/g/files/tmzbdl1461/files/reports/IOM%20Nigeria%20DTM%20COVID-19%20Point%20of%20Entry%20Dashboard%2060%20%2803%20-%2009%20July%202021%29.pdf,
1064,2021,2021-07-08,Emergency Tracking Tool (ETT),,,Nigeria — Emergency Tracking Tool Report 230 (28 June - 04 July 2021),https://dtm.iom.int/reports/nigeria-%E2%80%94-emergency-tracking-tool-report-230-28-june-04-july-2021,https://dtm.iom.int/sites/g/files/tmzbdl1461/files/reports/IOM%20Nigeria%20DTM%20Emergency%20Tracking%20Tool%20%28ETT%29%20Report%20No.230%20%2828%20June%20%20-%204%20July%202021%29.pdf,title:emergency tracking tool
1065,2021,2021-07-06,Incident / Flash Report,North East,Borno,Nigeria — North East Dikwa LGA — Borno State Flash Report (5 July 2021),https://dtm.iom.int/reports/nigeria-%E2%80%94-north-east-dikwa-lga-%E2%80%94-borno-state-flash-report-5-july-2021,https://dtm.iom.int/sites/g/files/tmzbdl1461/files/reports/IOM%20Nigeria%20DTM%20Flash%20Report%20NE%20-%20Dikwa%20LGA%20%28Borno%20State%29%20-%2005%20July%202021.pdf,title:flash report
1066,2021,2021-07-05,Other / Unclassified,North East,Borno,Nigeria — North East — Maiduguri M C. LGA (Borno State) 02 July 2021,https://dtm.iom.int/reports/nigeria-%E2%80%94-north-east-%E2%80%94-maiduguri-m-c-lga-borno-state-02-july-2021,https://dtm.iom.int/sites/g/files/tmzbdl1461/files/reports/IOM%20Nigeria%20DTM%20Flash%20Report%20NE%20-%20Maiduguri%20M.C%20LGA%20%28Borno%20State%29%20%2002%20July%202021.pdf,
1067,2021,2021-07-05,Incident / Flash Report,North Central; North West,,Nigeria — North Central & North West Flash Report #59 (28 June – 4 July 2021),https://dtm.iom.int/reports/nigeria-%E2%80%94-north-central-north-west-flash-report-59-28-june-%E2%80%93-4-july-2021,https://dtm.iom.int/sites/g/files/tmzbdl1461/files/reports/IOM%20Nigeria%20DTM%20Flash%20Report%20NCNW%2059%20%2806%20July%202021%29.pdf,title:flash report
1068,2021,2021-07-05,Other / Unclassified,,,Nigeria — COVID-19 Point of Entry Monthly Dashboard  (June 2021),https://dtm.iom.int/reports/nigeria-%E2%80%94-covid-19-point-entry-monthly-dashboard-june-2021,https://dtm.iom.int/sites/g/files/tmzbdl1461/files/reports/IOM%20Nigeria%20DTM%20COVID-19%20Point%20of%20Entry%20Monthly%20Dashboard%20%28June%202021%29.pdf,
1069,2021,2021-07-05,Other / Unclassified,,,Nigeria — COVID-19 Point Of Entry Dashboard 59 (26 June - 2 July 2021),https://dtm.iom.int/reports/nigeria-%E2%80%94-covid-19-point-entry-dashboard-59-26-june-2-july-2021,https://dtm.iom.int/sites/g/files/tmzbdl1461/files/reports/IOM%20Nigeria%20DTM%20COVID-19%20Point%20of%20Entry%20Dashboard%2059%20%2826%20June%20-%2002%20July%202021%29.pdf,
1070,2021,2021-07-02,Emergency Tracking Tool (ETT),,,Nigeria — Emergency Tracking Tool Report 229 (21 - 27 June 2021),https://dtm.iom.int/reports/nigeria-%E2%80%94-emergency-tracking-tool-report-229-21-27-june-2021,https://dtm.iom.int/sites/g/files/tmzbdl1461/files/reports/IOM%20Nigeria%20DTM%20Emergency%20Tracking%20Tool%20%28ETT%29%20Report%20No.229%20%2821%20%20-%2027%20June%202021%29.pdf,title:emergency tracking tool
1071,2021,2021-07-01,Other / Unclassified,North East,,Nigeria — COVID-19 Situational Analysis 6: North East (June 2021),https://dtm.iom.int/reports/nigeria-%E2%80%94-covid-19-situational-analysis-6-north-east-june-2021,https://dtm.iom.int/sites/g/files/tmzbdl1461/files/reports/COVID-19%20Situation%20Report%206%20-%20North-East%20Nigeria.pdf,
1072,2021,2021-06-28,Incident / Flash Report,North East,Borno,Nigeria — North East Dikwa LGA — Borno State Flash Report (28 June 2021),https://dtm.iom.int/reports/nigeria-%E2%80%94-north-east-dikwa-lga-%E2%80%94-borno-state-flash-report-28-june-2021,https://dtm.iom.int/sites/g/files/tmzbdl1461/files/reports/IOM%20Nigeria%20DTM%20Flash%20Report%20NE%20-%20Dikwa%20LGA%20%28Borno%20State%29%20-%2028%20June%202021.pdf,title:flash report
1073,2021,2021-06-28,Incident / Flash Report,North East,,"Nigeria — North East  — Monguno, Bama and Gwoza LGAs Windstorm and Rainfall Flash Report  (24 June 2021)",https://dtm.iom.int/reports/nigeria-%E2%80%94-north-east-%E2%80%94-monguno-bama-and-gwoza-lgas-windstorm-and-rainfall-flash-report-24,https://dtm.iom.int/sites/g/files/tmzbdl1461/files/reports/IOM%20Nigeria%20DTM%20Flash%20Report%20NE%20-%20Monguno%20Bama%20Gwoza%20LGA%20%28Borno%20State%29%2024%20June%202021.pdf,title:flash report
1074,2021,2021-06-28,Incident / Flash Report,North Central; North West,,Nigeria — North Central & North West Flash Report #58 (21 – 27 June 2021),https://dtm.iom.int/reports/nigeria-%E2%80%94-north-central-north-west-flash-report-58-21-%E2%80%93-27-june-2021,https://dtm.iom.int/sites/g/files/tmzbdl1461/files/reports/IOM%20Nigeria%20DTM%20Flash%20Report%20NCNW%2058%20%2828%20June%202021%29_1.pdf,title:flash report
1075,2021,2021-06-28,Other / Unclassified,,,Nigeria — COVID-19 Point Of Entry Dashboard 58 (19 - 25 June 2021),https://dtm.iom.int/reports/nigeria-%E2%80%94-covid-19-point-entry-dashboard-58-19-25-june-2021,https://dtm.iom.int/sites/g/files/tmzbdl1461/files/reports/IOM%20Nigeria%20DTM%20COVID-19%20Point%20of%20Entry%20Dashboard%2058%20%2819%20-%2025%20June%202021%29.pdf,
1076,2021,2021-06-25,Emergency Tracking Tool (ETT),,,Nigeria — Emergency Tracking Tool Report 228 (14 - 20 June 2021),https://dtm.iom.int/reports/nigeria-%E2%80%94-emergency-tracking-tool-report-228-14-20-june-2021,https://dtm.iom.int/sites/g/files/tmzbdl1461/files/reports/IOM%20Nigeria%20DTM%20Emergency%20Tracking%20Tool%20%28ETT%29%20Report%20No.228%20%2814%20%20-%2020%20June%202021%29.pdf,title:emergency tracking tool
1077,2021,2021-06-22,Incident / Flash Report,North East,Borno,Nigeria — North East Dikwa LGA — Borno State Flash Report (21 June 2021),https://dtm.iom.int/reports/nigeria-%E2%80%94-north-east-dikwa-lga-%E2%80%94-borno-state-flash-report-21-june-2021,https://dtm.iom.int/sites/g/files/tmzbdl1461/files/reports/IOM%20Nigeria%20DTM%20Flash%20Report%20NE%20-%20Dikwa%20LGA%20%28Borno%20State%29%20-%2021%20June%202021_0.pdf,title:flash report
1078,2021,2021-06-21,Incident / Flash Report,North Central; North West,,Nigeria — North Central & North West Flash Report #57 (14 – 20 June 2021),https://dtm.iom.int/reports/nigeria-%E2%80%94-north-central-north-west-flash-report-57-14-%E2%80%93-20-june-2021,https://dtm.iom.int/sites/g/files/tmzbdl1461/files/reports/IOM%20Nigeria%20DTM%20Flash%20Report%20NCNW%2057%20%2821%20June%202021%29.pdf,title:flash report
1079,2021,2021-06-21,Other / Unclassified,,,Nigeria — COVID-19 Point Of Entry Dashboard 57 (12 - 18 June 2021),https://dtm.iom.int/reports/nigeria-%E2%80%94-covid-19-point-entry-dashboard-57-12-18-june-2021,https://dtm.iom.int/sites/g/files/tmzbdl1461/files/reports/IOM%20Nigeria%20DTM%20COVID-19%20Point%20of%20Entry%20Dashboard%2057%20%2812%20-%2018%20June%202021%29.pdf,
1080,2021,2021-06-17,Incident / Flash Report,North East,,"Nigeria — North East  — Jere, Konduga and Maiduguri LGAs Windstorm and Rainfall Flash Report  (15 June 2021)",https://dtm.iom.int/reports/nigeria-%E2%80%94-north-east-%E2%80%94-jere-konduga-and-maiduguri-lgas-windstorm-and-rainfall-flash-report,https://dtm.iom.int/sites/g/files/tmzbdl1461/files/reports/IOM%20Nigeria%20DTM%20Flash%20Report%20NE%20-%20Jere%20Konduga%20Maiduguri%20M%20C%20LGA%20%28Borno%20State%29%2008%20-%2014%20June%202021.pdf,title:flash report
1081,2021,2021-06-17,Emergency Tracking Tool (ETT),,,Nigeria — Emergency Tracking Tool Report 227 (07 - 13 June 2021),https://dtm.iom.int/reports/nigeria-%E2%80%94-emergency-tracking-tool-report-227-07-13-june-2021,https://dtm.iom.int/sites/g/files/tmzbdl1461/files/reports/IOM%20Nigeria%20DTM%20Emergency%20Tracking%20Tool%20%28ETT%29%20Report%20No.227%20%2807%20%20-%2013%20June%202021%29.pdf,title:emergency tracking tool
1082,2021,2021-06-14,Incident / Flash Report,North East,Borno,Nigeria — North East Dikwa LGA — Borno State Flash Report (14 June 2021),https://dtm.iom.int/reports/nigeria-%E2%80%94-north-east-dikwa-lga-%E2%80%94-borno-state-flash-report-14-june-2021,https://dtm.iom.int/sites/g/files/tmzbdl1461/files/reports/IOM%20Nigeria%20DTM%20Flash%20Report%20NE%20-%20Dikwa%20LGA%20%28Borno%20State%29%20-%2014%20June%202021_0.pdf,title:flash report
1083,2021,2021-06-14,Mobility Tracking – IDP & Returnee Atlas,North Central; North West,,Nigeria — North Central and North West List of Wards Assessed 6 (May 2021),https://dtm.iom.int/reports/nigeria-%E2%80%94-north-central-and-north-west-list-wards-assessed-6-may-2021,https://dtm.iom.int/sites/g/files/tmzbdl1461/files/reports/R6%20LIST%20OF%20WARDS%20ASSESSED.pdf,title:list of wards assessed
1084,2021,2021-06-14,Mobility Tracking – IDP & Returnee Atlas,North Central; North West,,Nigeria — North Central and North West List of Displacement Sites Assessed 6 (May 2021),https://dtm.iom.int/reports/nigeria-%E2%80%94-north-central-and-north-west-list-displacement-sites-assessed-6-may-2021,https://dtm.iom.int/sites/g/files/tmzbdl1461/files/reports/R6%20List%20Of%20Sites%20Assessed.pdf,title:list of displacement sites
1085,2021,2021-06-14,Incident / Flash Report,North Central; North West,,Nigeria — North Central & North West Flash Report #56 (7 – 13 June 2021),https://dtm.iom.int/reports/nigeria-%E2%80%94-north-central-north-west-flash-report-56-7-%E2%80%93-13-june-2021,https://dtm.iom.int/sites/g/files/tmzbdl1461/files/reports/IOM%20Nigeria%20DTM%20Flash%20Report%20NCNW%2056%20%2814%20June%202021%29.pdf,title:flash report
1086,2021,2021-06-14,Other / Unclassified,,,Nigeria — COVID-19 Point Of Entry Dashboard 56 (5 - 11 June 2021),https://dtm.iom.int/reports/nigeria-%E2%80%94-covid-19-point-entry-dashboard-56-5-11-june-2021,https://dtm.iom.int/sites/g/files/tmzbdl1461/files/reports/IOM%20Nigeria%20DTM%20COVID-19%20Point%20of%20Entry%20Dashboard%2056%20%2805%20-%2011%20June%202021%29_0.pdf,
1087,2021,2021-06-11,Mobility Tracking – IDP & Returnee Atlas,North Central; North West,,Nigeria — North Central and North West Zones Displacement Dashboard 6 (May 2021),https://dtm.iom.int/reports/nigeria-%E2%80%94-north-central-and-north-west-zones-displacement-dashboard-6-may-2021,https://dtm.iom.int/sites/g/files/tmzbdl1461/files/reports/DTM%20Nigeria%20-%20North%20Central%20and%20North-West%20Zones%20Round%206%20Baseline%20Dashboard.pdf,title:displacement dashboard
1088,2021,2021-06-11,Mobility Tracking – IDP & Returnee Atlas,North Central; North West,,Nigeria — North Central And North West Zones Site Assessment Dashboard 6 (May 2021),https://dtm.iom.int/reports/nigeria-%E2%80%94-north-central-and-north-west-zones-site-assessment-dashboard-6-may-2021,https://dtm.iom.int/sites/g/files/tmzbdl1461/files/reports/DTM%20Nigeria%20-%20North-Central%20and%20North-West%20Zones%20Round%206%20Dashboard%20of%20Site%20Assessment.pdf,title:site assessment
1089,2021,2021-06-11,Mobility Tracking – IDP & Returnee Atlas,North Central; North West,,Nigeria — North Central And North West Zones IDP Population Variation Dashboard 6 (May 2021),https://dtm.iom.int/reports/nigeria-%E2%80%94-north-central-and-north-west-zones-idp-population-variation-dashboard-6-may-2021,https://dtm.iom.int/sites/g/files/tmzbdl1461/files/reports/DTM%20Nigeria%20-%20North-Central%20and%20North-West%20Zones%20Round%206%20Dashboard%20of%20IDP%20Population%20Variation.pdf,title:idp population variation
1090,2021,2021-06-11,Mobility Tracking – IDP & Returnee Atlas,North Central; North West,,Nigeria — North Central And North West Zones Displacement Report 6 (May 2021),https://dtm.iom.int/reports/nigeria-%E2%80%94-north-central-and-north-west-zones-displacement-report-6-may-2021,https://dtm.iom.int/sites/g/files/tmzbdl1461/files/reports/Round%206%20North%20Central%20and%20North%20west%20Report%20.pdf,title:displacement report
1091,2021,2021-06-10,Incident / Flash Report,North East,Taraba,Nigeria — North East Bali LGA — Taraba State Flash Report (9 June 2021),https://dtm.iom.int/reports/nigeria-%E2%80%94-north-east-bali-lga-%E2%80%94-taraba-state-flash-report-9-june-2021,https://dtm.iom.int/sites/g/files/tmzbdl1461/files/reports/IOM%20Nigeria%20DTM%20Flash%20Report%20NE%20-%20Bali%20LGA%20%28Taraba%20State%29%20-%2009%20June%202021_1.pdf,title:flash report
1092,2021,2021-06-10,Emergency Tracking Tool (ETT),,,Nigeria — Emergency Tracking Tool Report 226 (31 May - 06 June 2021),https://dtm.iom.int/reports/nigeria-%E2%80%94-emergency-tracking-tool-report-226-31-may-06-june-2021,https://dtm.iom.int/sites/g/files/tmzbdl1461/files/reports/IOM%20Nigeria%20DTM%20Emergency%20Tracking%20Tool%20%28ETT%29%20Report%20No.226%20%2831%20May%20%20-%2006%20June%202021%29_0.pdf,title:emergency tracking tool
1093,2021,2021-06-07,Incident / Flash Report,North East,Borno,Nigeria — North East Dikwa LGA — Borno State Flash Report (7 June 2021),https://dtm.iom.int/reports/nigeria-%E2%80%94-north-east-dikwa-lga-%E2%80%94-borno-state-flash-report-7-june-2021,https://dtm.iom.int/sites/g/files/tmzbdl1461/files/reports/IOM%20Nigeria%20DTM%20Flash%20Report%20NE%20-%20Dikwa%20LGA%20%28Borno%20State%29%20-%207%20June%202021.pdf,title:flash report
1094,2021,2021-06-07,Incident / Flash Report,North Central; North West,,Nigeria — North Central & North West Flash Report #55 (31 May – 6 June 2021),https://dtm.iom.int/reports/nigeria-%E2%80%94-north-central-north-west-flash-report-55-31-may-%E2%80%93-6-june-2021,https://dtm.iom.int/sites/g/files/tmzbdl1461/files/reports/IOM%20Nigeria%20DTM%20Flash%20Report%20NCNW%2055%20%2807%20June%202021%29.pdf,title:flash report
1095,2021,2021-06-07,Incident / Flash Report,,,Nigeria — Monguno Fire Outbreak Flash Report  (04 June 2021),https://dtm.iom.int/reports/nigeria-%E2%80%94-monguno-fire-outbreak-flash-report-04-june-2021,https://dtm.iom.int/sites/g/files/tmzbdl1461/files/reports/IOM%20Nigeria%20DTM%20Flash%20Report%20NE%20-%20Monguno%20Fire%20Outbreak%20%2804%20June%202021%29.pdf,title:flash report
1096,2021,2021-06-07,Other / Unclassified,,,Nigeria — COVID-19 Point of Entry Monthly Dashboard (May 2021),https://dtm.iom.int/reports/nigeria-%E2%80%94-covid-19-point-entry-monthly-dashboard-may-2021,https://dtm.iom.int/sites/g/files/tmzbdl1461/files/reports/IOM%20Nigeria%20DTM%20COVID-%2019%20Point%20of%20Entry%20Monthly%20Dashboard%20%28May%202021%29.pdf,
1097,2021,2021-06-07,Other / Unclassified,,,Nigeria — COVID-19 Point Of Entry Dashboard 55 (29 May - 4 June 2021),https://dtm.iom.int/reports/nigeria-%E2%80%94-covid-19-point-entry-dashboard-55-29-may-4-june-2021,https://dtm.iom.int/sites/g/files/tmzbdl1461/files/reports/IOM%20Nigeria%20DTM%20COVID-19%20Point%20of%20Entry%20Dashboard%2055%20%2829%20May%20-%2004%20June%202021%29.pdf,
1098,2021,2021-06-03,Emergency Tracking Tool (ETT),,,Nigeria — Emergency Tracking Tool Report 225 (24 - 30 May 2021),https://dtm.iom.int/reports/nigeria-%E2%80%94-emergency-tracking-tool-report-225-24-30-may-2021,https://dtm.iom.int/sites/g/files/tmzbdl1461/files/reports/IOM%20Nigeria%20DTM%20Emergency%20Tracking%20Tool%20%28ETT%29%20Report%20No.225%20%2824%20%20-%2030%20May%202021%29.pdf,title:emergency tracking tool
1099,2021,2021-06-02,Incident / Flash Report,North East,Taraba,Nigeria — North East Gassol and Wukari LGAs — Taraba State Flash Report (2 June 2021),https://dtm.iom.int/reports/nigeria-%E2%80%94-north-east-gassol-and-wukari-lgas-%E2%80%94-taraba-state-flash-report-2-june-2021,https://dtm.iom.int/sites/g/files/tmzbdl1461/files/reports/IOM%20Nigeria%20DTM%20Flash%20Report%20NE%20-%20Gassol%20and%20Wukari%20LGAs%20-%20Taraba%20State%20%281%20June%202021%29.pdf,title:flash report
1100,2021,2021-06-02,Incident / Flash Report,North East,Borno,Nigeria — North East Dikwa LGA — Borno State Flash Report (2 June 2021),https://dtm.iom.int/reports/nigeria-%E2%80%94-north-east-dikwa-lga-%E2%80%94-borno-state-flash-report-2-june-2021,https://dtm.iom.int/sites/g/files/tmzbdl1461/files/reports/IOM%20Nigeria%20DTM%20Flash%20Report%20NE%20-%20Dikwa%20LGA%20%28Borno%20State%29%20-%201%20June%202021.pdf,title:flash report
1101,2021,2021-06-01,Incident / Flash Report,North Central; North West,,Nigeria — North Central & North West Flash Report #54 (24 – 30 May 2021),https://dtm.iom.int/reports/nigeria-%E2%80%94-north-central-north-west-flash-report-54-24-%E2%80%93-30-may-2021,https://dtm.iom.int/sites/g/files/tmzbdl1461/files/reports/IOM%20Nigeria%20DTM%20Flash%20Report%20NCNW%2054%20%2831%20May%202021%29.pdf,title:flash report
1102,2021,2021-06-01,Other / Unclassified,,,Nigeria — COVID-19 Point Of Entry Dashboard 54 (22 - 28 May 2021),https://dtm.iom.int/reports/nigeria-%E2%80%94-covid-19-point-entry-dashboard-54-22-28-may-2021,https://dtm.iom.int/sites/g/files/tmzbdl1461/files/reports/IOM%20Nigeria%20DTM%20COVID-19%20Point%20of%20Entry%20Dashboard%2054%20%2822%20-%2028%20May%202021%29.pdf,
1103,2021,2021-05-28,Flow Monitoring (migrants) – extra category,,,Nigeria — Flow Monitoring Dashboard 49 (January - March 2021),https://dtm.iom.int/reports/nigeria-%E2%80%94-flow-monitoring-dashboard-49-january-march-2021,https://dtm.iom.int/sites/g/files/tmzbdl1461/files/reports/Flow%20Monitoring%20Dashboard%2049%20January%20-%20March%202021.pdf,title:flow monitoring
1104,2021,2021-05-27,Emergency Tracking Tool (ETT),,,Nigeria — Emergency Tracking Tool Report 224 (17 - 23 May 2021),https://dtm.iom.int/reports/nigeria-%E2%80%94-emergency-tracking-tool-report-224-17-23-may-2021,https://dtm.iom.int/sites/g/files/tmzbdl1461/files/reports/IOM%20Nigeria%20DTM%20Emergency%20Tracking%20Tool%20%28ETT%29%20Report%20No.224%20%2817%20%20-%2023%20May%202021%29.pdf,title:emergency tracking tool
1105,2021,2021-05-25,Incident / Flash Report,North East,Taraba,Nigeria — North East Bali LGA — Taraba State Flash Report (24 May 2021),https://dtm.iom.int/reports/nigeria-%E2%80%94-north-east-bali-lga-%E2%80%94-taraba-state-flash-report-24-may-2021,https://dtm.iom.int/sites/g/files/tmzbdl1461/files/reports/IOM%20Nigeria%20DTM%20Flash%20Report%20NE%20-%20Bali%20LGA%20%28Taraba%20State%29%20-%2024%20May%202021.pdf,title:flash report
1106,2021,2021-05-25,Mobility Tracking – IDP & Returnee Atlas,North Central; North West,,Nigeria — North Central And North West Displacement Factsheet Round 6 (May 2021),https://dtm.iom.int/reports/nigeria-%E2%80%94-north-central-and-north-west-displacement-factsheet-round-6-may-2021,https://dtm.iom.int/sites/g/files/tmzbdl1461/files/reports/Factsheet%20-%20NCNW%20Displacement%20Report%20R6.pdf,title:displacement factsheet
1107,2021,2021-05-25,Incident / Flash Report,North Central; North West,,Nigeria — North Central & North West Flash Report #53 (17 – 23 May 2021),https://dtm.iom.int/reports/nigeria-%E2%80%94-north-central-north-west-flash-report-53-17-%E2%80%93-23-may-2021,https://dtm.iom.int/sites/g/files/tmzbdl1461/files/reports/IOM%20Nigeria%20DTM%20Flash%20Report%20NCNW%2053%20%2824%20May%202021%29.pdf,title:flash report
1108,2021,2021-05-24,Incident / Flash Report,North East,Borno,Nigeria — North East Dikwa LGA — Borno State Flash Report (24 May 2021),https://dtm.iom.int/reports/nigeria-%E2%80%94-north-east-dikwa-lga-%E2%80%94-borno-state-flash-report-24-may-2021,https://dtm.iom.int/sites/g/files/tmzbdl1461/files/reports/IOM%20Nigeria%20DTM%20Flash%20Report%20NE%20-%20Dikwa%20LGA%20%28Borno%20State%29%20-%2024%20May%202021.pdf,title:flash report
1109,2021,2021-05-24,Other / Unclassified,,,Nigeria — COVID-19 Point Of Entry Dashboard 53 (15 - 21 May 2021),https://dtm.iom.int/reports/nigeria-%E2%80%94-covid-19-point-entry-dashboard-53-15-21-may-2021,https://dtm.iom.int/sites/g/files/tmzbdl1461/files/reports/IOM%20Nigeria%20DTM%20COVID-19%20Point%20of%20Entry%20Dashboard%2053%20%2815-21%20May%202021%29.pdf,
1110,2021,2021-05-20,Incident / Flash Report,North East,Borno,Nigeria — North East Mafa LGA - Borno State Flash Report (19 May 2021),https://dtm.iom.int/reports/nigeria-%E2%80%94-north-east-mafa-lga-borno-state-flash-report-19-may-2021,https://dtm.iom.int/sites/g/files/tmzbdl1461/files/reports/IOM%20Nigeria%20DTM%20Flash%20Report%20NE%20-%20Loskuri%20Ward%20Mafa%20LGA%20%28Borno%20State%29%2019%20May%202021.pdf,title:flash report
1111,2021,2021-05-20,Emergency Tracking Tool (ETT),,,Nigeria — Emergency Tracking Tool Report 223 (10 - 16 May 2021),https://dtm.iom.int/reports/nigeria-%E2%80%94-emergency-tracking-tool-report-223-10-16-may-2021,https://dtm.iom.int/sites/g/files/tmzbdl1461/files/reports/IOM%20Nigeria%20DTM%20Emergency%20Tracking%20Tool%20%28ETT%29%20Report%20No.223%20%2810%20%20-%2016%20May%202021%29.pdf,title:emergency tracking tool
1112,2021,2021-05-19,Mobility Tracking – IDP & Returnee Atlas,,,Nigeria — Site Assessment Dashboard 36 (May 2021),https://dtm.iom.int/reports/nigeria-%E2%80%94-site-assessment-dashboard-36-may-2021,https://dtm.iom.int/sites/g/files/tmzbdl1461/files/reports/DTM%20Nigeria%20Round%2036%20Dashboard%20of%20Site%20Assessment.pdf,title:site assessment
1113,2021,2021-05-19,Mobility Tracking – IDP & Returnee Atlas,,,Nigeria — List of Wards Assessed 36 (May 2021),https://dtm.iom.int/reports/nigeria-%E2%80%94-list-wards-assessed-36-may-2021,https://dtm.iom.int/sites/g/files/tmzbdl1461/files/reports/R36%20LISTS%20OF%20WARDS%20ASSESSED.pdf,title:list of wards assessed
1114,2021,2021-05-19,Mobility Tracking – IDP & Returnee Atlas,,,Nigeria — List Of Displacement Sites Assessed 36 (May 2021),https://dtm.iom.int/reports/nigeria-%E2%80%94-list-displacement-sites-assessed-36-may-2021,https://dtm.iom.int/sites/g/files/tmzbdl1461/files/reports/R36%20LIST%20OF%20SITES%20ASSESSED_0.pdf,title:list of displacement sites
1115,2021,2021-05-19,Mobility Tracking – IDP & Returnee Atlas,,,Nigeria — IDP Population Variation Dashboard 36 (May 2021),https://dtm.iom.int/reports/nigeria-%E2%80%94-idp-population-variation-dashboard-36-may-2021,https://dtm.iom.int/sites/g/files/tmzbdl1461/files/reports/Nigeria%20-%20DTM%20%20Round%2036%20Dashboard%20of%20IDP%20Population%20Variation.pdf,title:idp population variation
1116,2021,2021-05-19,Mobility Tracking – IDP & Returnee Atlas,,,Nigeria — Displacement Report 36 (May 2021),https://dtm.iom.int/reports/nigeria-%E2%80%94-displacement-report-36-may-2021,https://dtm.iom.int/sites/g/files/tmzbdl1461/files/reports/DTM%20Report%20Round%2036%20.pdf,title:displacement report
1117,2021,2021-05-19,Mobility Tracking – IDP & Returnee Atlas,,,Nigeria — Displacement Dashboard 36 (May 2021),https://dtm.iom.int/reports/nigeria-%E2%80%94-displacement-dashboard-36-may-2021,https://dtm.iom.int/sites/g/files/tmzbdl1461/files/reports/DTM%20Round%2036%20Baseline%20Dashboard.pdf,title:displacement dashboard
1118,2021,2021-05-17,Incident / Flash Report,North East,,Nigeria — North East — Monguno Fire Outbreak Flash Report (14 May 2021),https://dtm.iom.int/reports/nigeria-%E2%80%94-north-east-%E2%80%94-monguno-fire-outbreak-flash-report-14-may-2021,https://dtm.iom.int/sites/g/files/tmzbdl1461/files/reports/IOM%20Nigeria%20DTM%20Flash%20Report%20NE%20-%20Monguno%20Fire%20Outbreak%20%2814%20May%202021%29.pdf,title:flash report
1119,2021,2021-05-17,Incident / Flash Report,North East,Borno,Nigeria — North East Dikwa LGA — Borno State Flash Report (08 - 14 May 2021),https://dtm.iom.int/reports/nigeria-%E2%80%94-north-east-dikwa-lga-%E2%80%94-borno-state-flash-report-08-14-may-2021,https://dtm.iom.int/sites/g/files/tmzbdl1461/files/reports/IOM%20Nigeria%20DTM%20Flash%20Report%20NE%20-%20Dikwa%20LGA%20%28Borno%20State%29%20-%2017%20May%202021.pdf,title:flash report
1120,2021,2021-05-17,Incident / Flash Report,North Central; North West,,Nigeria — North Central & North West Flash Report #52 (10 - 16 May 2021),https://dtm.iom.int/reports/nigeria-%E2%80%94-north-central-north-west-flash-report-52-10-16-may-2021,https://dtm.iom.int/sites/g/files/tmzbdl1461/files/reports/IOM%20Nigeria%20DTM%20Flash%20Report%20NCNW%2052%20%2817%20May%202021%29.pdf,title:flash report
1121,2021,2021-05-17,Emergency Tracking Tool (ETT),,,Nigeria — Emergency Tracking Tool Report 222 (03 - 09 May 2021),https://dtm.iom.int/reports/nigeria-%E2%80%94-emergency-tracking-tool-report-222-03-09-may-2021,https://dtm.iom.int/sites/g/files/tmzbdl1461/files/reports/IOM%20Nigeria%20DTM%20Emergency%20Tracking%20Tool%20%28ETT%29%20Report%20No.222%20%283%20%20-%209%20May%202021%29.pdf,title:emergency tracking tool
1122,2021,2021-05-17,Other / Unclassified,,,Nigeria — COVID-19 Point Of Entry Dashboard 52 (08 - 14 May 2021),https://dtm.iom.int/reports/nigeria-%E2%80%94-covid-19-point-entry-dashboard-52-08-14-may-2021,https://dtm.iom.int/sites/g/files/tmzbdl1461/files/reports/IOM%20Nigeria%20DTM%20COVID-19%20Point%20of%20Entry%20Dashboard%2052%20%2808-14%20May%202021%29.pdf,
1123,2021,2021-05-11,Incident / Flash Report,North East,Borno,Nigeria — North East Dikwa LGA — Borno State Flash Report (01 - 07 May 2021),https://dtm.iom.int/reports/nigeria-%E2%80%94-north-east-dikwa-lga-%E2%80%94-borno-state-flash-report-01-07-may-2021,https://dtm.iom.int/sites/g/files/tmzbdl1461/files/reports/IOM%20Nigeria%20DTM%20Flash%20Report%20NE%20-%20Dikwa%20LGA%20%28Borno%20State%29%20-%2010%20May%202021.pdf,title:flash report
1124,2021,2021-05-11,Incident / Flash Report,North Central; North West,,Nigeria — North Central & North West Flash Report #51 (03 – 09 May 2021),https://dtm.iom.int/reports/nigeria-%E2%80%94-north-central-north-west-flash-report-51-03-%E2%80%93-09-may-2021,https://dtm.iom.int/sites/g/files/tmzbdl1461/files/reports/IOM%20Nigeria%20DTM%20Flash%20Report%20NCNW%2051%20%2811%20May%202021%29.pdf,title:flash report
1125,2021,2021-05-10,Incident / Flash Report,North East,,Nigeria — North East — Monguno Fire Outbreak Flash Report (07 May 2021),https://dtm.iom.int/reports/nigeria-%E2%80%94-north-east-%E2%80%94-monguno-fire-outbreak-flash-report-07-may-2021,https://dtm.iom.int/sites/g/files/tmzbdl1461/files/reports/IOM%20Nigeria%20DTM%20Flash%20Report%20NE%20-%20Monguno%20Fire%20Outbreak%20%28%2007%20May%202021%29.pdf,title:flash report
1126,2021,2021-05-10,Mobility Tracking – IDP & Returnee Atlas,North East,,Nigeria — North East Displacement Factsheet Round 36 (May 2021),https://dtm.iom.int/reports/nigeria-%E2%80%94-north-east-displacement-factsheet-round-36-may-2021,https://dtm.iom.int/sites/g/files/tmzbdl1461/files/reports/NE%20Round%2036%20-%20Factsheet_0.pdf,title:displacement factsheet
1127,2021,2021-05-10,Other / Unclassified,,,Nigeria — COVID-19 Point Of Entry Dashboard 51 (01 - 07 May 2021),https://dtm.iom.int/reports/nigeria-%E2%80%94-covid-19-point-entry-dashboard-51-01-07-may-2021,https://dtm.iom.int/sites/g/files/tmzbdl1461/files/reports/IOM%20Nigeria%20DTM%20COVID-19%20Point%20of%20Entry%20Dashboard%2051%20%2801-07%20May%202021%29.pdf,
1128,2021,2021-05-07,Incident / Flash Report,North East,,Nigeria — North East — Dikwa Fire Outbreak Flash Report (06 May 2021),https://dtm.iom.int/reports/nigeria-%E2%80%94-north-east-%E2%80%94-dikwa-fire-outbreak-flash-report-06-may-2021,https://dtm.iom.int/sites/g/files/tmzbdl1461/files/reports/IOM%20Nigeria%20DTM%20Flash%20Report%20NE%20-%20Dikwa%20Fire%20Outbreak%20%2806%20May%202021%29.pdf,title:flash report
1129,2021,2021-05-06,Incident / Flash Report,North Central; North West,,Nigeria — North Central & North West Flash Report #50 (26 April - 02 May 2021),https://dtm.iom.int/reports/nigeria-%E2%80%94-north-central-north-west-flash-report-50-26-april-02-may-2021,https://dtm.iom.int/sites/g/files/tmzbdl1461/files/reports/IOM%20Nigeria%20DTM%20Flash%20Report%20NCNW%2050%20%2803%20May%202021%29.pdf,title:flash report
1130,2021,2021-05-06,Emergency Tracking Tool (ETT),,,Nigeria — Emergency Tracking Tool Report 221 (26 April - 02 May 2021),https://dtm.iom.int/reports/nigeria-%E2%80%94-emergency-tracking-tool-report-221-26-april-02-may-2021,https://dtm.iom.int/sites/g/files/tmzbdl1461/files/reports/IOM%20Nigeria%20DTM%20Emergency%20Tracking%20Tool%20%28ETT%29%20Report%20No.221%20%2826%20April%20%20-%202%20May%202021%29.pdf,title:emergency tracking tool
1131,2021,2021-05-04,Incident / Flash Report,North East,Borno,Nigeria — North East Dikwa LGA — Borno State Flash Report (23 - 30 April 2021),https://dtm.iom.int/reports/nigeria-%E2%80%94-north-east-dikwa-lga-%E2%80%94-borno-state-flash-report-23-30-april-2021,https://dtm.iom.int/sites/g/files/tmzbdl1461/files/reports/IOM%20Nigeria%20DTM%20Flash%20Report%20NE%20-%20Dikwa%20LGA%20%28Borno%20State%29%20-%203%20May%202021.pdf,title:flash report
1132,2021,2021-05-03,Incident / Flash Report,North East,Borno,Nigeria — North East Kaga LGA — Borno State Flash Report (3 May 2021),https://dtm.iom.int/reports/nigeria-%E2%80%94-north-east-kaga-lga-%E2%80%94-borno-state-flash-report-3-may-2021,https://dtm.iom.int/sites/g/files/tmzbdl1461/files/reports/IOM%20Nigeria%20DTM%20Flash%20Report%20NE%20-%20Kaga%20LGA%20-%20Borno%20State%20%2803%20May%202021%29.pdf,title:flash report
1133,2021,2021-05-03,Other / Unclassified,,,Nigeria — COVID-19 Point of Entry Monthly Dashboard (April 2021),https://dtm.iom.int/reports/nigeria-%E2%80%94-covid-19-point-entry-monthly-dashboard-april-2021,https://dtm.iom.int/sites/g/files/tmzbdl1461/files/reports/IOM%20Nigeria%20DTM%20COVID-19%20Point%20of%20Entry%20Monthly%20Dashboard%20%28April%202021%29.pdf,
1134,2021,2021-05-03,Other / Unclassified,,,Nigeria — COVID-19 Point Of Entry Dashboard 50 (24 - 30 April 2021),https://dtm.iom.int/reports/nigeria-%E2%80%94-covid-19-point-entry-dashboard-50-24-30-april-2021,https://dtm.iom.int/sites/g/files/tmzbdl1461/files/reports/IOM%20Nigeria%20DTM%20COVID-19%20Point%20of%20Entry%20Dashboard%2050%20%2824%20-%2030%20April%202021%29.pdf,
1135,2021,2021-04-29,Intention Surveys,,,Nigeria — Return Intention Survey 1 (April 2021),https://dtm.iom.int/reports/nigeria-%E2%80%94-return-intention-survey-1-april-2021,https://dtm.iom.int/sites/g/files/tmzbdl1461/files/reports/RIS%20-%20North%20East%20Nigeria%20%28BAY%20States%29.pdf,title:intention survey
1136,2021,2021-04-29,Emergency Tracking Tool (ETT),,,Nigeria — Emergency Tracking Tool Report 220 (19 - 25 April 2021),https://dtm.iom.int/reports/nigeria-%E2%80%94-emergency-tracking-tool-report-220-19-25-april-2021,https://dtm.iom.int/sites/g/files/tmzbdl1461/files/reports/IOM%20Nigeria%20DTM%20Emergency%20Tracking%20Tool%20%28ETT%29%20Report%20No.220%20%2819%20%20-%2025%20April%202021%29.pdf,title:emergency tracking tool
1137,2021,2021-04-27,Incident / Flash Report,North East,Borno,Nigeria — North East Dikwa LGA — Borno State Flash Report (16 - 22 April 2021),https://dtm.iom.int/reports/nigeria-%E2%80%94-north-east-dikwa-lga-%E2%80%94-borno-state-flash-report-16-22-april-2021,https://dtm.iom.int/sites/g/files/tmzbdl1461/files/reports/IOM%20Nigeria%20DTM%20Flash%20Report%20NE%20-%20Dikwa%20LGA%20%28Borno%20State%29%20-%2026%20April%202021.pdf,title:flash report
1138,2021,2021-04-27,Incident / Flash Report,North Central; North West,,Nigeria — North Central & North West Flash Report #49 (19 - 25 April 2021),https://dtm.iom.int/reports/nigeria-%E2%80%94-north-central-north-west-flash-report-49-19-25-april-2021,https://dtm.iom.int/sites/g/files/tmzbdl1461/files/reports/IOM%20Nigeria%20DTM%20Flash%20Report%20NCNW%2049%20%2826%20April%202021%29.pdf,title:flash report
1139,2021,2021-04-26,Incident / Flash Report,North East,Adamawa,Nigeria — North East Hong LGA — Adamawa State Flash Report (24 April 2021),https://dtm.iom.int/reports/nigeria-%E2%80%94-north-east-hong-lga-%E2%80%94-adamawa-state-flash-report-24-april-2021,https://dtm.iom.int/sites/g/files/tmzbdl1461/files/reports/IOM%20Nigeria%20DTM%20Flash%20Report%20NE%20-%20Hong%20LGA%20%28Adamawa%20State%29%2024%20April%202021_0.pdf,title:flash report
1140,2021,2021-04-26,Other / Unclassified,,,Nigeria — COVID-19 Point Of Entry Dashboard 49 (17 - 23 April 2021),https://dtm.iom.int/reports/nigeria-%E2%80%94-covid-19-point-entry-dashboard-49-17-23-april-2021,https://dtm.iom.int/sites/g/files/tmzbdl1461/files/reports/IOM%20Nigeria%20DTM%20COVID-19%20Point%20of%20Entry%20Dashboard%2049%20%2817-23%20April%202021%29.pdf,
1141,2021,2021-04-23,Incident / Flash Report,North East,Gombe,Nigeria — North East Balanga LGA — Gombe State Flash Report (23 April 2021),https://dtm.iom.int/reports/nigeria-%E2%80%94-north-east-balanga-lga-%E2%80%94-gombe-state-flash-report-23-april-2021,https://dtm.iom.int/sites/g/files/tmzbdl1461/files/reports/IOM%20Nigeria%20DTM%20Flash%20Report%20NE%20-%20Gombe%20State%20%2823%20April%202021%29_0.pdf,title:flash report
1142,2021,2021-04-23,Emergency Tracking Tool (ETT),,,Nigeria — Emergency Tracking Tool Report 219 (12 - 18 April 2021),https://dtm.iom.int/reports/nigeria-%E2%80%94-emergency-tracking-tool-report-219-12-18-april-2021,https://dtm.iom.int/sites/g/files/tmzbdl1461/files/reports/IOM%20Nigeria%20DTM%20Emergency%20Tracking%20Tool%20%28ETT%29%20Report%20No.219%20%2812%20%20-%2018%20April%202021%29.pdf,title:emergency tracking tool
1143,2021,2021-04-21,Biometric Registration Report,,,Nigeria — Stadium Camp Biometric Registration Update (20 April 2021),https://dtm.iom.int/reports/nigeria-%E2%80%94-stadium-camp-biometric-registration-update-20-april-2021,https://dtm.iom.int/sites/g/files/tmzbdl1461/files/reports/Stadium%20Camp%20MMC%20Biometric%20Registration%20Update.pdf,title:biometric
1144,2021,2021-04-21,Incident / Flash Report,North East,,Nigeria — North East — Jere Fire Outbreak Flash Report (20 April 2021),https://dtm.iom.int/reports/nigeria-%E2%80%94-north-east-%E2%80%94-jere-fire-outbreak-flash-report-20-april-2021,https://dtm.iom.int/sites/g/files/tmzbdl1461/files/reports/IOM%20Nigeria%20DTM%20Flash%20Report%20NE%20-%20Jere%20LGA%20fire%20outbreak%2020%20April%202021.pdf,title:flash report
1145,2021,2021-04-21,Incident / Flash Report,North East,Borno,Nigeria — North East Mobbar LGA — Borno State Flash Report (21 April 2021),https://dtm.iom.int/reports/nigeria-%E2%80%94-north-east-mobbar-lga-%E2%80%94-borno-state-flash-report-21-april-2021,,title:flash report
1146,2021,2021-04-20,Incident / Flash Report,North Central; North West,,Nigeria — North Central & North West Flash Report #48 (12 - 18 April 2021),https://dtm.iom.int/reports/nigeria-%E2%80%94-north-central-north-west-flash-report-48-12-18-april-2021,https://dtm.iom.int/sites/g/files/tmzbdl1461/files/reports/IOM%20Nigeria%20DTM%20Flash%20Report%20NCNW%2048%20%2819%20April%202021%29.pdf,title:flash report
1147,2021,2021-04-19,Incident / Flash Report,North East,,Nigeria — North East — Monguno Fire Outbreak Flash Report (18 April 2021),https://dtm.iom.int/reports/nigeria-%E2%80%94-north-east-%E2%80%94-monguno-fire-outbreak-flash-report-18-april-2021,https://dtm.iom.int/sites/g/files/tmzbdl1461/files/reports/IOM%20Nigeria%20DTM%20Flash%20Report%20NE%20-%20Monguno%20Fire%20Outbreak%20%2818%20April%202021%29.pdf,title:flash report
1148,2021,2021-04-19,Incident / Flash Report,North East,Borno,Nigeria — North East Dikwa LGA — Borno State Flash Report (2 - 14 April 2021),https://dtm.iom.int/reports/nigeria-%E2%80%94-north-east-dikwa-lga-%E2%80%94-borno-state-flash-report-2-14-april-2021,https://dtm.iom.int/sites/g/files/tmzbdl1461/files/reports/IOM%20Nigeria%20DTM%20Flash%20Report%20NE%20-%20Dikwa%20LGA%20%28Borno%20State%29%20-%2019%20April%202021.pdf,title:flash report
1149,2021,2021-04-19,Other / Unclassified,North East,,Nigeria — COVID-19 Situational Analysis 5: North East (April 2021),https://dtm.iom.int/reports/nigeria-%E2%80%94-covid-19-situational-analysis-5-north-east-april-2021,https://dtm.iom.int/sites/g/files/tmzbdl1461/files/reports/COVID-19%20Situation%20Report%205%20-%20North%20East%20Nigeria_.pdf,
1150,2021,2021-04-19,Other / Unclassified,,,Nigeria — COVID-19 Point Of Entry Dashboard 48 (10 - 16 April 2021),https://dtm.iom.int/reports/nigeria-%E2%80%94-covid-19-point-entry-dashboard-48-10-16-april-2021,https://dtm.iom.int/sites/g/files/tmzbdl1461/files/reports/IOM%20Nigeria%20DTM%20COVID-19%20Point%20of%20Entry%20Dashboard%2048%20%2810-16%20April%202021%29.pdf,
1151,2021,2021-04-16,Emergency Tracking Tool (ETT),,,Nigeria — Emergency Tracking Tool Report 218 (05 - 11 April 2021),https://dtm.iom.int/reports/nigeria-%E2%80%94-emergency-tracking-tool-report-218-05-11-april-2021,https://dtm.iom.int/sites/g/files/tmzbdl1461/files/reports/IOM%20Nigeria%20DTM%20Emergency%20Tracking%20Tool%20%28ETT%29%20Report%20No.218%20%285%20%20-%2011%20April%202021%29.pdf,title:emergency tracking tool
1152,2021,2021-04-15,Incident / Flash Report,North East,,Nigeria — North East — Konduga and Jere Fire Outbreak Flash Report (14 April 2021),https://dtm.iom.int/reports/nigeria-%E2%80%94-north-east-%E2%80%94-konduga-and-jere-fire-outbreak-flash-report-14-april-2021,https://dtm.iom.int/sites/g/files/tmzbdl1461/files/reports/IOM%20Nigeria%20DTM%20Flash%20Report%20NE-%20Jere%20and%20Konduga%20fire%20outbreak%20%2814%20April%202021%29.pdf,title:flash report
1153,2021,2021-04-13,Incident / Flash Report,North Central; North West,,Nigeria — North Central & North West Flash Report #47 (05 - 11 April 2021),https://dtm.iom.int/reports/nigeria-%E2%80%94-north-central-north-west-flash-report-47-05-11-april-2021,https://dtm.iom.int/sites/g/files/tmzbdl1461/files/reports/IOM%20Nigeria%20DTM%20Flash%20Report%20NCNW%2047%20%2812%20April%202021%29.pdf,title:flash report
1154,2021,2021-04-12,Other / Unclassified,North Central; North West,,Nigeria — COVID-19 Situational Analysis 3: North Central and North West (April 2021),https://dtm.iom.int/reports/nigeria-%E2%80%94-covid-19-situational-analysis-3-north-central-and-north-west-april-2021,https://dtm.iom.int/sites/g/files/tmzbdl1461/files/reports/COVID%20-%2019%20Situation%20Report%20-%20North%20Central%20and%20North%20West%20Nigeria%203.pdf,
1155,2021,2021-04-12,Other / Unclassified,,,Nigeria — COVID-19 Point Of Entry Dashboard 47 (03 - 09 April 2021),https://dtm.iom.int/reports/nigeria-%E2%80%94-covid-19-point-entry-dashboard-47-03-09-april-2021,https://dtm.iom.int/sites/g/files/tmzbdl1461/files/reports/IOM%20Nigeria%20DTM%20COVID-19%20Point%20of%20Entry%20Dashboard%2047%20%2803%20-%2009%20April%202021%29.pdf,
1156,2021,2021-04-09,Incident / Flash Report,North Central; North West,,Nigeria — North Central & North West Flash Report #46 (29 March - 04 April 2021),https://dtm.iom.int/reports/nigeria-%E2%80%94-north-central-north-west-flash-report-46-29-march-04-april-2021,https://dtm.iom.int/sites/g/files/tmzbdl1461/files/reports/IOM%20Nigeria%20DTM%20Flash%20Report%20NCNW%20%2046%20%2805%20April%202021%29.pdf,title:flash report
1157,2021,2021-04-08,Emergency Tracking Tool (ETT),,,Nigeria — Emergency Tracking Tool Report 217 (29 March - 04 April 2021),https://dtm.iom.int/reports/nigeria-%E2%80%94-emergency-tracking-tool-report-217-29-march-04-april-2021,https://dtm.iom.int/sites/g/files/tmzbdl1461/files/reports/IOM%20Nigeria%20DTM%20Emergency%20Tracking%20Tool%20%28ETT%29%20Report%20No.217%20%2829%20March%20%20-%204%20April%202021%29.pdf,title:emergency tracking tool
1158,2021,2021-04-05,Incident / Flash Report,North East,Borno,Nigeria — North East Dikwa LGA — Borno State Flash Report (March 2021),https://dtm.iom.int/reports/nigeria-%E2%80%94-north-east-dikwa-lga-%E2%80%94-borno-state-flash-report-march-2021,https://dtm.iom.int/sites/g/files/tmzbdl1461/files/reports/IOM%20Nigeria%20DTM%20Flash%20Report%20NE%20-%20Dikwa%20LGA%20%28Borno%20State%29%20-%20March%202021_0.pdf,title:flash report
1159,2021,2021-04-05,Other / Unclassified,,,Nigeria — COVID-19 Point of Entry Monthly Dashboard (March 2021),https://dtm.iom.int/reports/nigeria-%E2%80%94-covid-19-point-entry-monthly-dashboard-march-2021,https://dtm.iom.int/sites/g/files/tmzbdl1461/files/reports/IOM%20Nigeria%20DTM%20COVID-19%20Point%20of%20Entry%20Monthly%20Dashboard%20%28March%202021%29.pdf,
1160,2021,2021-04-05,Other / Unclassified,,,Nigeria — COVID-19 Point Of Entry Dashboard 46 (27 March - 02 April 2021),https://dtm.iom.int/reports/nigeria-%E2%80%94-covid-19-point-entry-dashboard-46-27-march-02-april-2021,https://dtm.iom.int/sites/g/files/tmzbdl1461/files/reports/IOM%20Nigeria%20DTM%20COVID-19%20Point%20of%20Entry%20Dashboard%2046%20%2827%20March%20-%2002%20April%202....pdf,
1161,2021,2021-03-31,Incident / Flash Report,North East,,Nigeria — North East — Monguno Fire Outbreak Flash Report (29 March 2021),https://dtm.iom.int/reports/nigeria-%E2%80%94-north-east-%E2%80%94-monguno-fire-outbreak-flash-report-29-march-2021,https://dtm.iom.int/sites/g/files/tmzbdl1461/files/reports/IOM%20Nigeria%20DTM%20Flash%20Report%20NE%20-%20Monguno%20fire%20outbreak%20%2829%20March%202021%29.pdf,title:flash report
1162,2021,2021-03-31,Emergency Tracking Tool (ETT),,,Nigeria — Emergency Tracking Tool Report 216 (22 - 28 March 2021),https://dtm.iom.int/reports/nigeria-%E2%80%94-emergency-tracking-tool-report-216-22-28-march-2021,https://dtm.iom.int/sites/g/files/tmzbdl1461/files/reports/IOM%20Nigeria%20DTM%20Emergency%20Tracking%20Tool%20%28ETT%29%20Report%20No.216%20%2822%20-%2028%20March%202021%29_0.pdf,title:emergency tracking tool
1163,2021,2021-03-30,Incident / Flash Report,North East,Borno,Nigeria — North East Dikwa LGA — Borno State Flash Report (28 March 2021),https://dtm.iom.int/reports/nigeria-%E2%80%94-north-east-dikwa-lga-%E2%80%94-borno-state-flash-report-28-march-2021,https://dtm.iom.int/sites/g/files/tmzbdl1461/files/reports/IOM%20Nigeria%20DTM%20Flash%20Report%20NE%20-%20Dikwa%20LGA%20%28Borno%20State%29%20-%2028%20March%202021_3.pdf,title:flash report
1164,2021,2021-03-30,Incident / Flash Report,North Central; North West,,Nigeria — North Central & North West Flash Report #45 (22 - 28 March 2021),https://dtm.iom.int/reports/nigeria-%E2%80%94-north-central-north-west-flash-report-45-22-28-march-2021,https://dtm.iom.int/sites/g/files/tmzbdl1461/files/reports/IOM%20Nigeria%20DTM%20Flash%20Report%20NCNW%2045%20%2829%20March%202021%29.pdf,title:flash report
1165,2021,2021-03-29,Other / Unclassified,,,Nigeria — COVID-19 Point Of Entry Dashboard 45 (20 - 26 March 2021),https://dtm.iom.int/reports/nigeria-%E2%80%94-covid-19-point-entry-dashboard-45-20-26-march-2021,https://dtm.iom.int/sites/g/files/tmzbdl1461/files/reports/IOM%20Nigeria%20DTM%20COVID-19%20Point%20of%20Entry%20Dashboard%2045%20%2820%20-%2026%20March%202021%29.pdf,
1166,2021,2021-03-25,Emergency Tracking Tool (ETT),,,Nigeria — Emergency Tracking Tool Report 215 (15 - 21 March 2021),https://dtm.iom.int/reports/nigeria-%E2%80%94-emergency-tracking-tool-report-215-15-21-march-2021,https://dtm.iom.int/sites/g/files/tmzbdl1461/files/reports/IOM%20Nigeria%20DTM%20Emergency%20Tracking%20Tool%20%28ETT%29%20Report%20No.215%20%2815%20-%2021%20March%202021%29.pdf,title:emergency tracking tool
1167,2021,2021-03-24,Incident / Flash Report,North Central; North West,Kaduna,Nigeria — North Central Igabi LGA - Kaduna State Flash Report (23 March 2021),https://dtm.iom.int/reports/nigeria-%E2%80%94-north-central-igabi-lga-kaduna-state-flash-report-23-march-2021,https://dtm.iom.int/sites/g/files/tmzbdl1461/files/reports/IOM%20Nigeria%20DTM%20Flash%20Report%20NC-%20Igabi%20LGA%20%28Kaduna%20State%29-%2023%20March%202021.pdf,title:flash report
1168,2021,2021-03-22,Incident / Flash Report,North Central; North West,,Nigeria — North Central & North West Flash Report #44 (15 - 21 March 2021),https://dtm.iom.int/reports/nigeria-%E2%80%94-north-central-north-west-flash-report-44-15-21-march-2021,https://dtm.iom.int/sites/g/files/tmzbdl1461/files/reports/IOM%20Nigeria%20DTM%20Flash%20Report%20NCNW%2044%20%2822%20March%202021%29.pdf,title:flash report
1169,2021,2021-03-22,Other / Unclassified,,,Nigeria — COVID-19 Point Of Entry Dashboard 44 (13 - 19 March 2021),https://dtm.iom.int/reports/nigeria-%E2%80%94-covid-19-point-entry-dashboard-44-13-19-march-2021,https://dtm.iom.int/sites/g/files/tmzbdl1461/files/reports/IOM%20Nigeria%20DTM%20COVID-19%20Point%20of%20Entry%20Dashboard%2044%20%2813-19%20March%202021%29.pdf,
1170,2021,2021-03-20,Incident / Flash Report,,,Nigeria — Monguno Fire Outbreak Flash Report (19 March 2021),https://dtm.iom.int/reports/nigeria-%E2%80%94-monguno-fire-outbreak-flash-report-19-march-2021,https://dtm.iom.int/sites/g/files/tmzbdl1461/files/reports/IOM%20Nigeria%20DTM%20Flash%20Report%20NE%20-%20Monguno%20fire%20outbreak%20%2818%20March%202021%29.pdf,title:flash report
1171,2021,2021-03-18,Emergency Tracking Tool (ETT),,,Nigeria — Emergency Tracking Tool Report 214 (08 - 14 March 2021),https://dtm.iom.int/reports/nigeria-%E2%80%94-emergency-tracking-tool-report-214-08-14-march-2021,https://dtm.iom.int/sites/g/files/tmzbdl1461/files/reports/IOM%20Nigeria%20DTM%20Emergency%20Tracking%20Tool%20%28ETT%29%20Report%20No.214%20%2808%20-%2014%20March%202021%29.pdf,title:emergency tracking tool
1172,2021,2021-03-17,Flow Monitoring (migrants) – extra category,,,Nigeria — Flow Monitoring Report 48 (February 2021),https://dtm.iom.int/reports/nigeria-%E2%80%94-flow-monitoring-report-48-february-2021,https://dtm.iom.int/sites/g/files/tmzbdl1461/files/reports/Flow%20Monitoring%20Dashboard%2048%20February%202021.pdf,title:flow monitoring
1173,2021,2021-03-16,Incident / Flash Report,North East,Borno,Nigeria — North East Dikwa LGA - Borno State Flash Report (16 March 2021),https://dtm.iom.int/reports/nigeria-%E2%80%94-north-east-dikwa-lga-borno-state-flash-report-16-march-2021,https://dtm.iom.int/sites/g/files/tmzbdl1461/files/reports/IOM%20Nigeria%20DTM%20Flash%20Report%20NE%20-%20Dikwa%20LGA%20%28Borno%20State%29%20-%2017%20March%202021.pdf,title:flash report
1174,2021,2021-03-16,Incident / Flash Report,North Central; North West,,Nigeria — North Central & North West Flash Report #43 (08 - 14 March 2021),https://dtm.iom.int/reports/nigeria-%E2%80%94-north-central-north-west-flash-report-43-08-14-march-2021,https://dtm.iom.int/sites/g/files/tmzbdl1461/files/reports/IOM%20Nigeria%20DTM%20Flash%20Report%20NCNW%2043%20%2815%20March%202021%29.pdf,title:flash report
1175,2021,2021-03-15,Other / Unclassified,,,Nigeria — COVID-19 Point Of Entry Dashboard 43 (06 - 12 March 2021),https://dtm.iom.int/reports/nigeria-%E2%80%94-covid-19-point-entry-dashboard-43-06-12-march-2021,https://dtm.iom.int/sites/g/files/tmzbdl1461/files/reports/IOM%20Nigeria%20DTM%20COVID-19%20Point%20of%20Entry%20Dashboard%2043%20%2806%20-%2012%20March%202021%29.pdf,
1176,2021,2021-03-11,Mobility Tracking – IDP & Returnee Atlas,,,Nigeria — Site Assessment Dashboard 35 (December 2020),https://dtm.iom.int/reports/nigeria-%E2%80%94-site-assessment-dashboard-35-december-2020,https://dtm.iom.int/sites/g/files/tmzbdl1461/files/reports/DTM%20Nigeria%20Round%2035%20Dashboard%20of%20Site%20Assessment_0.pdf,title:site assessment
1177,2021,2021-03-11,Incident / Flash Report,North East,Borno,Nigeria — North East Dikwa LGA - Borno State Flash Report (09 March 2021),https://dtm.iom.int/reports/nigeria-%E2%80%94-north-east-dikwa-lga-borno-state-flash-report-09-march-2021,https://dtm.iom.int/sites/g/files/tmzbdl1461/files/reports/IOM%20Nigeria%20DTM%20Flash%20Report%20NE%20-%20Dikwa%20LGA%20%28Borno%20State%29%20-%2009%20March%202021.pdf,title:flash report
1178,2021,2021-03-11,Incident / Flash Report,,,Nigeria — Monguno Fire Outbreak Flash Report  (09 March 2021),https://dtm.iom.int/reports/nigeria-%E2%80%94-monguno-fire-outbreak-flash-report-09-march-2021,https://dtm.iom.int/sites/g/files/tmzbdl1461/files/reports/IOM%20Nigeria%20DTM%20Flash%20Report%20NE-%20Monguno%20fire%20outbreak%20%2809%20March%202021%29.pdf,title:flash report
1179,2021,2021-03-11,Mobility Tracking – IDP & Returnee Atlas,,,Nigeria — List of Wards Assessed 35 (December 2020),https://dtm.iom.int/reports/nigeria-%E2%80%94-list-wards-assessed-35-december-2020,https://dtm.iom.int/sites/g/files/tmzbdl1461/files/reports/R35%20NORTH%20EAST%20LIST%20OF%20WARD%20ASSESSED.pdf,title:list of wards assessed
1180,2021,2021-03-11,Mobility Tracking – IDP & Returnee Atlas,,,Nigeria — List of Displacement Sites Assessed 35 (December 2020),https://dtm.iom.int/reports/nigeria-%E2%80%94-list-displacement-sites-assessed-35-december-2020,https://dtm.iom.int/sites/g/files/tmzbdl1461/files/reports/R35%20NORTH%20EAST%20LIST%20OF%20SITE%20ASSESSED.pdf,title:list of displacement sites
1181,2021,2021-03-11,Mobility Tracking – IDP & Returnee Atlas,,,Nigeria — IDP Population Variation Dashboard 35 (December 2020),https://dtm.iom.int/reports/nigeria-%E2%80%94-idp-population-variation-dashboard-35-december-2020,https://dtm.iom.int/sites/g/files/tmzbdl1461/files/reports/Nigeria%20-%20DTM%20%20Round%2035%20Dashboard%20of%20IDP%20Population%20Variation_0.pdf,title:idp population variation
1182,2021,2021-03-11,Emergency Tracking Tool (ETT),,,Nigeria — Emergency Tracking Tool Report 213 (01 - 07 March 2021),https://dtm.iom.int/reports/nigeria-%E2%80%94-emergency-tracking-tool-report-213-01-07-march-2021,https://dtm.iom.int/sites/g/files/tmzbdl1461/files/reports/IOM%20Nigeria%20DTM%20Emergency%20Tracking%20Tool%20%28ETT%29%20Report%20No.213%20%2801%20-%2007%20March%202021%29.pdf,title:emergency tracking tool
1183,2021,2021-03-11,Mobility Tracking – IDP & Returnee Atlas,,,Nigeria — Displacement Report 35 (December 2020),https://dtm.iom.int/reports/nigeria-%E2%80%94-displacement-report-35-december-2020,https://dtm.iom.int/sites/g/files/tmzbdl1461/files/reports/DTM%20Report%20Round%2035%20_0.pdf,title:displacement report
1184,2021,2021-03-11,Mobility Tracking – IDP & Returnee Atlas,,,Nigeria — Displacement Dashboard 35 (December 2020),https://dtm.iom.int/reports/nigeria-%E2%80%94-displacement-dashboard-35-december-2020,https://dtm.iom.int/sites/g/files/tmzbdl1461/files/reports/DTM%20Round%2035%20Baseline%20Dashboard.pdf,title:displacement dashboard
1185,2021,2021-03-10,Flow Monitoring (migrants) – extra category,,,Nigeria — Flow Monitoring Dashboard 47 (January 2021),https://dtm.iom.int/reports/nigeria-%E2%80%94-flow-monitoring-dashboard-47-january-2021,https://dtm.iom.int/sites/g/files/tmzbdl1461/files/reports/Flow%20Monitoring%20Dashboard%2047%20January%202021.pdf,title:flow monitoring
1186,2021,2021-03-08,Mobility Tracking – IDP & Returnee Atlas,North Central; North West,,Nigeria — North Central and North West List of Wards Assessed 5 (January 2021),https://dtm.iom.int/reports/nigeria-%E2%80%94-north-central-and-north-west-list-wards-assessed-5-january-2021,https://dtm.iom.int/sites/g/files/tmzbdl1461/files/reports/R5%20NCNW%20LIST%20OF%20WARD%20ASSESSED%20UPDATED.pdf,title:list of wards assessed
1187,2021,2021-03-08,Mobility Tracking – IDP & Returnee Atlas,North Central; North West,,Nigeria — North Central And North West Zones List of Displacement Sites Assessed Round 5 (January 2021),https://dtm.iom.int/reports/nigeria-%E2%80%94-north-central-and-north-west-zones-list-displacement-sites-assessed-round-5,https://dtm.iom.int/sites/g/files/tmzbdl1461/files/reports/R5%20NCNW%20LIST%20OF%20SITE%20ASSESSED%20UPDATED.pdf,title:list of displacement sites
1188,2021,2021-03-08,Mobility Tracking – IDP & Returnee Atlas,North Central; North West,,Nigeria — North Central And North West Zones Displacement Report 5 (January 2021),https://dtm.iom.int/reports/nigeria-%E2%80%94-north-central-and-north-west-zones-displacement-report-5-january-2021,https://dtm.iom.int/sites/g/files/tmzbdl1461/files/reports/Round%205%20North%20Central%20and%20North%20west%20Report%20.pdf,title:displacement report
1189,2021,2021-03-08,Incident / Flash Report,North Central; North West,,Nigeria — North Central & North West Flash Report #42 (01 - 07 March 2021),https://dtm.iom.int/reports/nigeria-%E2%80%94-north-central-north-west-flash-report-42-01-07-march-2021,https://dtm.iom.int/sites/g/files/tmzbdl1461/files/reports/IOM%20Nigeria%20DTM%20Flash%20Report%20NCNW%2042%20%2808%20March%202021%29_0.pdf,title:flash report
1190,2021,2021-03-08,Other / Unclassified,,,Nigeria — COVID-19 Point Of Entry Dashboard 42 (27 February - 05 March 2021),https://dtm.iom.int/reports/nigeria-%E2%80%94-covid-19-point-entry-dashboard-42-27-february-05-march-2021,https://dtm.iom.int/sites/g/files/tmzbdl1461/files/reports/IOM%20Nigeria%20DTM%20COVID-19%20Point%20of%20Entry%20Dashboard%2042%20%2827%20February%20-%2005%20March%202021%29.pdf,
1191,2021,2021-03-05,Incident / Flash Report,North East,,Nigeria — North East Flash Report (04 March 2021),https://dtm.iom.int/reports/nigeria-%E2%80%94-north-east-flash-report-04-march-2021,https://dtm.iom.int/sites/g/files/tmzbdl1461/files/reports/IOM%20Nigeria%20DTM%20Flash%20Report%20NE%20-%20Gombe%20and%20Bauchi%20State%20%2804%20March%202021%29.pdf,title:flash report
1192,2021,2021-03-05,Emergency Tracking Tool (ETT),,,Nigeria — Emergency Tracking Tool Report 212 (22 - 28 February 2021),https://dtm.iom.int/reports/nigeria-%E2%80%94-emergency-tracking-tool-report-212-22-28-february-2021,https://dtm.iom.int/sites/g/files/tmzbdl1461/files/reports/IOM%20Nigeria%20DTM%20Emergency%20Tracking%20Tool%20%28ETT%29%20Report%20No.212%20%2822%20-%2028%20February%202021%29.pdf,title:emergency tracking tool
1193,2021,2021-03-02,Incident / Flash Report,North Central; North West,,Nigeria — North Central & North West Flash Report #41 (01 March 2021),https://dtm.iom.int/reports/nigeria-%E2%80%94-north-central-north-west-flash-report-41-01-march-2021,https://dtm.iom.int/sites/g/files/tmzbdl1461/files/reports/IOM%20Nigeria%20DTM%20Flash%20Report%20NCNW%2041%20%2801%20March%202021%29_5.pdf,title:flash report
1194,2021,2021-03-01,Mobility Tracking – IDP & Returnee Atlas,North Central; North West,Nasarawa,Nigeria — North Central and North West Displacement Factsheet Round 5 (January 2021),https://dtm.iom.int/reports/nigeria-%E2%80%94-north-central-and-north-west-displacement-factsheet-round-5-january-2021,https://dtm.iom.int/sites/g/files/tmzbdl1461/files/reports/North%20Central%20and%20North%20West%20Nigeria%20Round%205_0.pdf,title:displacement factsheet
1195,2021,2021-03-01,Other / Unclassified,,,Nigeria — COVID-19 Point Of Entry Monthly Dashboard (February 2021),https://dtm.iom.int/reports/nigeria-%E2%80%94-covid-19-point-entry-monthly-dashboard-february-2021,https://dtm.iom.int/sites/g/files/tmzbdl1461/files/reports/IOM%20Nigeria%20DTM%20COVID-%2019%20Point%20of%20Entry%20Dashboard%20%28February%202021%29.pdf,
1196,2021,2021-02-28,Other / Unclassified,,,Nigeria — COVID-19 Point Of Entry Dashboard 41 (20 - 26 February 2021),https://dtm.iom.int/reports/nigeria-%E2%80%94-covid-19-point-entry-dashboard-41-20-26-february-2021,https://dtm.iom.int/sites/g/files/tmzbdl1461/files/reports/IOM%20Nigeria%20DTM%20COVID-19%20Point%20of%20Entry%20Dashboard%2041%20%2820%20-%2026%20February%202021%29.pdf,
1197,2021,2021-02-25,Emergency Tracking Tool (ETT),,,Nigeria — Emergency Tracking Tool Report 211 (15 - 21 February 2021),https://dtm.iom.int/reports/nigeria-%E2%80%94-emergency-tracking-tool-report-211-15-21-february-2021,https://dtm.iom.int/sites/g/files/tmzbdl1461/files/reports/IOM%20Nigeria%20DTM%20Emergency%20Tracking%20Tool%20%28ETT%29%20Report%20No.211%20%2815%20-%2021%20February%202021%29.pdf,title:emergency tracking tool
1198,2021,2021-02-24,Incident / Flash Report,North Central,,Nigeria — North Central Flash Report (24 February 2021),https://dtm.iom.int/reports/nigeria-%E2%80%94-north-central-flash-report-24-february-2021,https://dtm.iom.int/sites/g/files/tmzbdl1461/files/reports/IOM%20Nigeria%20DTM%20Flash%20Report%20NC-%20Kaduna%20%2824%20February%202021%29.pdf,title:flash report
1199,2021,2021-02-22,Incident / Flash Report,North East,,Nigeria — North East Flash Report (22 February 2021),https://dtm.iom.int/reports/nigeria-%E2%80%94-north-east-flash-report-22-february-2021,https://dtm.iom.int/sites/g/files/tmzbdl1461/files/reports/IOM%20Nigeria%20DTM%20Flash%20Report%20NE%20-%20Marte%20%2822%20February%202021%29.pdf,title:flash report
1200,2021,2021-02-22,Incident / Flash Report,North Central; North West,,Nigeria — North Central & North West Flash Report #40 (15 – 21 February 2021),https://dtm.iom.int/reports/nigeria-%E2%80%94-north-central-north-west-flash-report-40-15-%E2%80%93-21-february-2021,https://dtm.iom.int/sites/g/files/tmzbdl1461/files/reports/IOM%20Nigeria%20DTM%20Flash%20Report%20NCNW%2040%20%2822%20February%202021%29_0.pdf,title:flash report
1201,2021,2021-02-22,Other / Unclassified,,,Nigeria — COVID-19 Point Of Entry Dashboard 40 (13 - 19 February 2021),https://dtm.iom.int/reports/nigeria-%E2%80%94-covid-19-point-entry-dashboard-40-13-19-february-2021,https://dtm.iom.int/sites/g/files/tmzbdl1461/files/reports/IOM%20Nigeria%20DTM%20COVID-19%20Point%20of%20Entry%20Dashboard%2040%20%2813-19%20February%202021%29_0.pdf,
1202,2021,2021-02-18,Emergency Tracking Tool (ETT),,,Nigeria — Emergency Tracking Tool Report 210 (8 - 14 February 2021),https://dtm.iom.int/reports/nigeria-%E2%80%94-emergency-tracking-tool-report-210-8-14-february-2021,https://dtm.iom.int/sites/g/files/tmzbdl1461/files/reports/IOM%20Nigeria%20DTM%20Emergency%20Tracking%20Tool%20%28ETT%29%20Report%20No.210%20%288%20-%2014%20February%202021%29.pdf,title:emergency tracking tool
1203,2021,2021-02-16,Incident / Flash Report,North Central; North West,,Nigeria — North Central & North West Flash Report #39 (08 – 14 February 2021),https://dtm.iom.int/reports/nigeria-%E2%80%94-north-central-north-west-flash-report-39-08-%E2%80%93-14-february-2021,https://dtm.iom.int/sites/g/files/tmzbdl1461/files/reports/IOM%20Nigeria%20DTM%20Flash%20Report%20NCNW%2039%20%2815%20February%202021%29_0.pdf,title:flash report
1204,2021,2021-02-15,Other / Unclassified,,,Nigeria — COVID-19 Point Of Entry Dashboard 39 (06 - 12 February 2021),https://dtm.iom.int/reports/nigeria-%E2%80%94-covid-19-point-entry-dashboard-39-06-12-february-2021,https://dtm.iom.int/sites/g/files/tmzbdl1461/files/reports/IOM%20Nigeria%20DTM%20COVID-19%20Point%20of%20Entry%20Dashboard%2039%20%2806%20-%2012%20February%202021%29.pdf,
1205,2021,2021-02-12,Flow Monitoring (migrants) – extra category,,,Nigeria — Flow Monitoring Dashboard 46 (December 2020),https://dtm.iom.int/reports/nigeria-%E2%80%94-flow-monitoring-dashboard-46-december-2020,https://dtm.iom.int/sites/g/files/tmzbdl1461/files/reports/Flow%20Monitoring%20Dashboard%2046%20October%20-December%202020.pdf,title:flow monitoring
1206,2021,2021-02-11,Emergency Tracking Tool (ETT),,,Nigeria — Emergency Tracking Tool Report 209 (1 - 7 February 2021),https://dtm.iom.int/reports/nigeria-%E2%80%94-emergency-tracking-tool-report-209-1-7-february-2021,https://dtm.iom.int/sites/g/files/tmzbdl1461/files/reports/IOM%20Nigeria%20DTM%20Emergency%20Tracking%20Tool%20%28ETT%29%20Report%20No.209%20%281%20-%207%20February%202021%29.pdf,title:emergency tracking tool
1207,2021,2021-02-09,Other / Unclassified,North Central; North West,,Nigeria — COVID-19 Situational Analysis 2: North Central and North West (January 2021),https://dtm.iom.int/reports/nigeria-%E2%80%94-covid-19-situational-analysis-2-north-central-and-north-west-january-2021,https://dtm.iom.int/sites/g/files/tmzbdl1461/files/reports/COVID%20-%2019%20Situation%20Report%20-%20North%20Central%20and%20North%20West%20Nigeria%202.pdf,
1208,2021,2021-02-08,Incident / Flash Report,North Central; North West,,Nigeria — North Central & North West Flash Report #38 (01 – 07 February 2021),https://dtm.iom.int/reports/nigeria-%E2%80%94-north-central-north-west-flash-report-38-01-%E2%80%93-07-february-2021,https://dtm.iom.int/sites/g/files/tmzbdl1461/files/reports/IOM%20Nigeria%20DTM%20Flash%20Report%20NCNW%2038%20%2807%20February%202021%29.pdf,title:flash report
1209,2021,2021-02-08,Other / Unclassified,,,Nigeria — COVID-19 Point Of Entry Dashboard 38 (30 January - 05 February 2021),https://dtm.iom.int/reports/nigeria-%E2%80%94-covid-19-point-entry-dashboard-38-30-january-05-february-2021,https://dtm.iom.int/sites/g/files/tmzbdl1461/files/reports/IOM%20Nigeria%20DTM%20COVID-19%20Point%20of%20Entry%20Dashboard%2038%20%2830%20January%20-%2005%20February%202021%29.pdf,
1210,2021,2021-02-04,Emergency Tracking Tool (ETT),,,Nigeria — Emergency Tracking Tool Report 208 (25 - 31 January 2021),https://dtm.iom.int/reports/nigeria-%E2%80%94-emergency-tracking-tool-report-208-25-31-january-2021,https://dtm.iom.int/sites/g/files/tmzbdl1461/files/reports/IOM%20Nigeria%20DTM%20Emergency%20Tracking%20Tool%20%28ETT%29%20Report%20No.208%20%2825%20-%2031%20January%202021%29.pdf,title:emergency tracking tool
1211,2021,2021-02-04,Other / Unclassified,,,Nigeria — COVID-19 Point of Entry Monthly Dashboard (January 2021),https://dtm.iom.int/reports/nigeria-%E2%80%94-covid-19-point-entry-monthly-dashboard-january-2021,https://dtm.iom.int/sites/g/files/tmzbdl1461/files/reports/IOM%20Nigeria%20DTM%20COVID-19%20Point%20of%20Entry%20Dashboard%20%28January%202021%29_0.pdf,
1212,2021,2021-02-02,Incident / Flash Report,,,Nigeria — Fulatari IDP Camp Monguno Fire Outbreak Flash Report (31 January 2021),https://dtm.iom.int/reports/nigeria-%E2%80%94-fulatari-idp-camp-monguno-fire-outbreak-flash-report-31-january-2021,https://dtm.iom.int/sites/g/files/tmzbdl1461/files/reports/Fulatari%20IDP%20Camp%20Monguno%20Fire%20Outbreak.pdf,title:flash report
1213,2021,2021-02-01,Incident / Flash Report,North Central; North West,,Nigeria — North Central & North West Flash Report #37 (25 – 31 January 2021),https://dtm.iom.int/reports/nigeria-%E2%80%94-north-central-north-west-flash-report-37-25-%E2%80%93-31-january-2021,https://dtm.iom.int/sites/g/files/tmzbdl1461/files/reports/IOM%20Nigeria%20DTM%20Flash%20Report%20NCNW%2037%20%2831%20January%202021%29.pdf,title:flash report
1214,2021,2021-02-01,Other / Unclassified,,,Nigeria — COVID-19 Point Of Entry Dashboard 37 (23 - 29 January 2021),https://dtm.iom.int/reports/nigeria-%E2%80%94-covid-19-point-entry-dashboard-37-23-29-january-2021,https://dtm.iom.int/sites/g/files/tmzbdl1461/files/reports/IOM%20Nigeria%20DTM%20COVID-19%20Point%20of%20Entry%20Dashboard%2037%20%2823%20-%2029%20January%202021%29.pdf,
1215,2021,2021-01-28,Mobility Tracking – IDP & Returnee Atlas,,,Nigeria — Site Assessment Dashboard 34 (November 2020),https://dtm.iom.int/reports/nigeria-%E2%80%94-site-assessment-dashboard-34-november-2020,https://dtm.iom.int/sites/g/files/tmzbdl1461/files/reports/DTM%20Nigeria%20Round%2034%20Dashboard%20of%20Site%20Assessment.pdf,title:site assessment
1216,2021,2021-01-28,Mobility Tracking – IDP & Returnee Atlas,,,Nigeria — List of Wards Assessed 34 (November 2020),https://dtm.iom.int/reports/nigeria-%E2%80%94-list-wards-assessed-34-november-2020,https://dtm.iom.int/sites/g/files/tmzbdl1461/files/reports/R34%20NORTH%20EAST%20%20LIST%20OF%20WARDS%20ASSESSED.pdf,title:list of wards assessed
1217,2021,2021-01-28,Mobility Tracking – IDP & Returnee Atlas,,,Nigeria — List of Displacement Sites Assessed 34 (November 2020),https://dtm.iom.int/reports/nigeria-%E2%80%94-list-displacement-sites-assessed-34-november-2020,https://dtm.iom.int/sites/g/files/tmzbdl1461/files/reports/R34%20NORTH%20EAST%20LIST%20OF%20SITE%20ASSESSED.pdf,title:list of displacement sites
1218,2021,2021-01-28,Mobility Tracking – IDP & Returnee Atlas,,,Nigeria — IDP Population Variation Dashboard 34 (November 2020),https://dtm.iom.int/reports/nigeria-%E2%80%94-idp-population-variation-dashboard-34-november-2020,https://dtm.iom.int/sites/g/files/tmzbdl1461/files/reports/Nigeria%20-%20DTM%20%20Round%2034%20Dashboard%20of%20IDP%20Population%20Variation.pdf,title:idp population variation
1219,2021,2021-01-28,Emergency Tracking Tool (ETT),,,Nigeria — Emergency Tracking Tool Report 207 (18 - 24 January 2021),https://dtm.iom.int/reports/nigeria-%E2%80%94-emergency-tracking-tool-report-207-18-24-january-2021,https://dtm.iom.int/sites/g/files/tmzbdl1461/files/reports/IOM%20Nigeria%20DTM%20Emergency%20Tracking%20Tool%20%28ETT%29%20Report%20No.207%20%2818%20-%2024%20January%202021%29_1.pdf,title:emergency tracking tool
1220,2021,2021-01-28,Mobility Tracking – IDP & Returnee Atlas,,,Nigeria — Displacement Report 34 (November 2020),https://dtm.iom.int/reports/nigeria-%E2%80%94-displacement-report-34-november-2020,https://dtm.iom.int/sites/g/files/tmzbdl1461/files/reports/DTM%20Report%20Round%2034%20.pdf,title:displacement report
1221,2021,2021-01-28,Mobility Tracking – IDP & Returnee Atlas,North East,,Nigeria — Displacement Dashboard 34 (November 2020),https://dtm.iom.int/reports/nigeria-%E2%80%94-displacement-dashboard-34-november-2020,https://dtm.iom.int/sites/g/files/tmzbdl1461/files/reports/DTM%20Nigeria%20-%20Northeast%20Round%2034%20Baseline%20Dashboard_0.pdf,title:displacement dashboard
1222,2021,2021-01-25,Incident / Flash Report,North Central; North West,,Nigeria — North Central & North West Flash Report #36 (18 – 24 January 2021),https://dtm.iom.int/reports/nigeria-%E2%80%94-north-central-north-west-flash-report-36-18-%E2%80%93-24-january-2021,https://dtm.iom.int/sites/g/files/tmzbdl1461/files/reports/IOM%20Nigeria%20DTM%20Flash%20Report%20NCNW%2036%20%2825%20January%202021%29.pdf,title:flash report
1223,2021,2021-01-25,Other / Unclassified,,,Nigeria — COVID-19 Point Of Entry Dashboard 36 (16 - 22 January 2021),https://dtm.iom.int/reports/nigeria-%E2%80%94-covid-19-point-entry-dashboard-36-16-22-january-2021,https://dtm.iom.int/sites/g/files/tmzbdl1461/files/reports/IOM%20Nigeria%20DTM%20COVID-19%20Point%20of%20Entry%20Dashboard%2036%20%2816%20-%2022%20January%202021%29.pdf,
1224,2021,2021-01-22,Emergency Tracking Tool (ETT),,,Nigeria — Emergency Tracking Tool Report 206 (11 - 17 January 2021),https://dtm.iom.int/reports/nigeria-%E2%80%94-emergency-tracking-tool-report-206-11-17-january-2021,https://dtm.iom.int/sites/g/files/tmzbdl1461/files/reports/IOM%20Nigeria%20DTM%20Emergency%20Tracking%20Tool%20%28ETT%29%20Report%20No.206%20%2811%20-%2017%20January%202021%29%20.pdf,title:emergency tracking tool
1225,2021,2021-01-18,Incident / Flash Report,North Central; North West,,Nigeria — North Central & North West Flash Report #35 (11 – 17 January 2021),https://dtm.iom.int/reports/nigeria-%E2%80%94-north-central-north-west-flash-report-35-11-%E2%80%93-17-january-2021,https://dtm.iom.int/sites/g/files/tmzbdl1461/files/reports/IOM%20Nigeria%20DTM%20Flash%20Report%20NCNW%2035%20%2818%20January%202021%29.pdf,title:flash report
1226,2021,2021-01-18,Other / Unclassified,North East,,Nigeria — COVID-19 Situational Analysis 4: North East (December 2020),https://dtm.iom.int/reports/nigeria-%E2%80%94-covid-19-situational-analysis-4-north-east-december-2020,https://dtm.iom.int/sites/g/files/tmzbdl1461/files/reports/COVID-19%20Situation%20Report%204%20-%20North%20East%20Nigeria%20-%20_0.pdf,
1227,2021,2021-01-18,Other / Unclassified,,,Nigeria — COVID-19 Point Of Entry Dashboard 35 (09 - 15 January 2021),https://dtm.iom.int/reports/nigeria-%E2%80%94-covid-19-point-entry-dashboard-35-09-15-january-2021,https://dtm.iom.int/sites/g/files/tmzbdl1461/files/reports/IOM%20Nigeria%20DTM%20COVID-19%20Point%20of%20Entry%20Dashboard%2035%20%2809%20-%2015%20January%202021%29.pdf,
1228,2021,2021-01-15,Emergency Tracking Tool (ETT),,,Nigeria — Emergency Tracking Tool Report 205 (4 - 10 January 2021),https://dtm.iom.int/reports/nigeria-%E2%80%94-emergency-tracking-tool-report-205-4-10-january-2021,https://dtm.iom.int/sites/g/files/tmzbdl1461/files/reports/IOM%20Nigeria%20DTM%20Emergency%20Tracking%20Tool%20%28ETT%29%20Report%20No.205%20%284%20-%2010%20January%202021%29_0.pdf,title:emergency tracking tool
1229,2021,2021-01-11,Incident / Flash Report,North Central; North West,,Nigeria — North Central & North West Flash Report #34 (4 – 10 January 2021),https://dtm.iom.int/reports/nigeria-%E2%80%94-north-central-north-west-flash-report-34-4-%E2%80%93-10-january-2021,https://dtm.iom.int/sites/g/files/tmzbdl1461/files/reports/IOM%20Nigeria%20DTM%20Flash%20Report%20NCNW%2034%20%2811%20January%202021%29.pdf,title:flash report
1230,2021,2021-01-11,Other / Unclassified,,,Nigeria — COVID-19 Point of Entry Monthly Dashboard (December 2020),https://dtm.iom.int/reports/nigeria-%E2%80%94-covid-19-point-entry-monthly-dashboard-december-2020,https://dtm.iom.int/sites/g/files/tmzbdl1461/files/reports/IOM%20Nigeria%20DTM%20COVID-19%20Point%20of%20Entry%20Dashboard%20%28December%202020%29.pdf,
1231,2021,2021-01-11,Other / Unclassified,,,Nigeria — COVID-19 Point Of Entry Dashboard 34 (02 - 08 January 2021),https://dtm.iom.int/reports/nigeria-%E2%80%94-covid-19-point-entry-dashboard-34-02-08-january-2021,https://dtm.iom.int/sites/g/files/tmzbdl1461/files/reports/IOM%20Nigeria%20DTM%20COVID-19%20Point%20of%20Entry%20Dashboard%2034%20%2802%20-%2008%20January%202021%29.pdf,
1232,2021,2021-01-07,Emergency Tracking Tool (ETT),,,Nigeria — Emergency Tracking Tool Report 204 (28 December 2020 - 3 January 2021),https://dtm.iom.int/reports/nigeria-%E2%80%94-emergency-tracking-tool-report-204-28-december-2020-3-january-2021,https://dtm.iom.int/sites/g/files/tmzbdl1461/files/reports/IOM%20Nigeria%20DTM%20Emergency%20Tracking%20Tool%20%28ETT%29%20Report%20No.204%20%20%2828%20December%202020%20-%201%20January%202021%29.pdf,title:emergency tracking tool
1233,2021,2021-01-05,Incident / Flash Report,North Central; North West,,Nigeria — North Central & North West Flash Report #33 (28 December 2020 – 3 January 2021),https://dtm.iom.int/reports/nigeria-%E2%80%94-north-central-north-west-flash-report-33-28-december-2020-%E2%80%93-3-january-2021,https://dtm.iom.int/sites/g/files/tmzbdl1461/files/reports/IOM%20Nigeria%20DTM%20Flash%20Report%20NCNW%2033%20%2804%20January%202021%29.pdf,title:flash report
1234,2021,2021-01-05,Other / Unclassified,,,Nigeria — COVID-19 Point Of Entry Dashboard 33 (26 December 2020 - 01 January 2021),https://dtm.iom.int/reports/nigeria-%E2%80%94-covid-19-point-entry-dashboard-33-26-december-2020-01-january-2021,https://dtm.iom.int/sites/g/files/tmzbdl1461/files/reports/IOM%20Nigeria%20DTM%20COVID-19%20Point%20of%20Entry%20Dashboard%2033%20%2826%20December%202020%20-%2001%20January%202021%29.pdf,
1235,2020,2020-12-31,Flow Monitoring (migrants) – extra category,,,Nigeria — Flow Monitoring Dashboard 45 (November 2020),https://dtm.iom.int/reports/nigeria-%E2%80%94-flow-monitoring-dashboard-45-november-2020,https://dtm.iom.int/sites/g/files/tmzbdl1461/files/reports/Flow%20Monitoring%20Dashboard%2045%20November%202020.pdf,title:flow monitoring
1236,2020,2020-12-31,Emergency Tracking Tool (ETT),,,Nigeria — Emergency Tracking Tool Report 203 (21 - 27 December 2020),https://dtm.iom.int/reports/nigeria-%E2%80%94-emergency-tracking-tool-report-203-21-27-december-2020,https://dtm.iom.int/sites/g/files/tmzbdl1461/files/reports/IOM%20Nigeria%20DTM%20Emergency%20Tracking%20Tool%20%28ETT%29%20Report%20No.203%20%20%2821%20-%2027%20December%202020%29.pdf,title:emergency tracking tool
1237,2020,2020-12-29,Incident / Flash Report,North Central; North West,,Nigeria — North Central & North West Flash Report #32 (21 - 27 December 2020),https://dtm.iom.int/reports/nigeria-%E2%80%94-north-central-north-west-flash-report-32-21-27-december-2020,https://dtm.iom.int/sites/g/files/tmzbdl1461/files/reports/IOM%20Nigeria%20DTM%20Flash%20Report%20NCNW%2032%20%2827%20December%202020%29.pdf,title:flash report
1238,2020,2020-12-29,Other / Unclassified,,,Nigeria — COVID-19 Point of Entry Dashboard 32 (19 - 25 December 2020),https://dtm.iom.int/reports/nigeria-%E2%80%94-covid-19-point-entry-dashboard-32-19-25-december-2020,https://dtm.iom.int/sites/g/files/tmzbdl1461/files/reports/IOM%20Nigeria%20DTM%20COVID-19%20Point%20of%20Entry%20Dashboard%2032%20%2819%20-%2025%20December%202020%29.pdf,
1239,2020,2020-12-24,Emergency Tracking Tool (ETT),,,Nigeria — Emergency Tracking Tool Report 202 (14 - 20 December 2020),https://dtm.iom.int/reports/nigeria-%E2%80%94-emergency-tracking-tool-report-202-14-20-december-2020,https://dtm.iom.int/sites/g/files/tmzbdl1461/files/reports/IOM%20Nigeria%20DTM%20Emergency%20Tracking%20Tool%20%28ETT%29%20Report%20No.202%20%20%2814%20-%2020%20December%202020%29_0.pdf,title:emergency tracking tool
1240,2020,2020-12-21,Incident / Flash Report,North Central; North West,,Nigeria — North Central & North West Flash Report #31 (14 - 20 December 2020),https://dtm.iom.int/reports/nigeria-%E2%80%94-north-central-north-west-flash-report-31-14-20-december-2020,https://dtm.iom.int/sites/g/files/tmzbdl1461/files/reports/IOM%20Nigeria%20DTM%20Flash%20Report%20NCNW%2031%20%2820%20December%202020%29.pdf,title:flash report
1241,2020,2020-12-21,Other / Unclassified,,,Nigeria — COVID-19 Point of Entry Dashboard 31 (12 - 18 December 2020),https://dtm.iom.int/reports/nigeria-%E2%80%94-covid-19-point-entry-dashboard-31-12-18-december-2020,https://dtm.iom.int/sites/g/files/tmzbdl1461/files/reports/IOM%20Nigeria%20DTM%20COVID-19%20Point%20of%20Entry%20Dashboard%2031%20%2812%20-%2018%20December%202020%29.pdf,
1242,2020,2020-12-17,Emergency Tracking Tool (ETT),,,Nigeria — Emergency Tracking Tool Report 201 (7 - 13 December 2020),https://dtm.iom.int/reports/nigeria-%E2%80%94-emergency-tracking-tool-report-201-7-13-december-2020,https://dtm.iom.int/sites/g/files/tmzbdl1461/files/reports/IOM%20Nigeria%20DTM%20Emergency%20Tracking%20Tool%20%28ETT%29%20Report%20No.201%20%20%2807%20-%2013%20December%202020%29.pdf,title:emergency tracking tool
1243,2020,2020-12-14,Incident / Flash Report,North Central; North West,,Nigeria — North Central & North West Flash Report #30 (07 - 13 December 2020),https://dtm.iom.int/reports/nigeria-%E2%80%94-north-central-north-west-flash-report-30-07-13-december-2020,https://dtm.iom.int/sites/g/files/tmzbdl1461/files/reports/IOM%20Nigeria%20DTM%20Flash%20Report%20NCNW%2030%20%2814%20December%202020%29%20_0.pdf,title:flash report
1244,2020,2020-12-14,Other / Unclassified,,,Nigeria — COVID-19 Point of Entry Dashboard 30 (05 - 11 December 2020),https://dtm.iom.int/reports/nigeria-%E2%80%94-covid-19-point-entry-dashboard-30-05-11-december-2020,https://dtm.iom.int/sites/g/files/tmzbdl1461/files/reports/IOM%20Nigeria%20DTM%20COVID-19%20Point%20of%20Entry%20Dashboard%2030%20%2805%20-%2011%20December%202020%29.pdf,
1245,2020,2020-12-11,Flow Monitoring (migrants) – extra category,,,Nigeria — Flow Monitoring Dashboard 44 (October 2020),https://dtm.iom.int/reports/nigeria-%E2%80%94-flow-monitoring-dashboard-44-october-2020,https://dtm.iom.int/sites/g/files/tmzbdl1461/files/reports/Flow%20Monitoring%20Dashboard%2044%20October%202020.pdf,title:flow monitoring
1246,2020,2020-12-11,Emergency Tracking Tool (ETT),,,Nigeria — Emergency Tracking Tool Report 200 (30 November - 06 December 2020),https://dtm.iom.int/reports/nigeria-%E2%80%94-emergency-tracking-tool-report-200-30-november-06-december-2020,https://dtm.iom.int/sites/g/files/tmzbdl1461/files/reports/IOM%20Nigeria%20DTM%20Emergency%20Tracking%20Tool%20%28ETT%29%20Report%20No.200%20%20%2830%20November%20-%2006%20December%202020%29.pdf,title:emergency tracking tool
1247,2020,2020-12-07,Incident / Flash Report,North Central; North West,,Nigeria — North Central & North West Flash Report #29 (30 November - 06 December 2020),https://dtm.iom.int/reports/nigeria-%E2%80%94-north-central-north-west-flash-report-29-30-november-06-december-2020,https://dtm.iom.int/sites/g/files/tmzbdl1461/files/reports/IOM%20Nigeria%20DTM%20Flash%20Report%20NCNW%2029%20%2806%20December%202020%29.pdf,title:flash report
1248,2020,2020-12-07,Other / Unclassified,,,Nigeria — COVID-19 Point of Entry Dashboard 29 (28 November - 04 December 2020),https://dtm.iom.int/reports/nigeria-%E2%80%94-covid-19-point-entry-dashboard-29-28-november-04-december-2020,https://dtm.iom.int/sites/g/files/tmzbdl1461/files/reports/IOM%20Nigeria%20DTM%20COVID-19%20Point%20of%20Entry%20Dashboard%2029%20%2828%20November%20-%2004%20December%202020%29.pdf,
1249,2020,2020-12-03,Emergency Tracking Tool (ETT),,,Nigeria — Emergency Tracking Tool Report 199 (23 - 29 November 2020),https://dtm.iom.int/reports/nigeria-%E2%80%94-emergency-tracking-tool-report-199-23-29-november-2020,https://dtm.iom.int/sites/g/files/tmzbdl1461/files/reports/IOM%20Nigeria%20DTM%20Emergency%20Tracking%20Tool%20%28ETT%29%20Report%20No.199%20%20%2823%20-%2029%20November%202020%29.pdf,title:emergency tracking tool
1250,2020,2020-12-03,Other / Unclassified,,,Nigeria — COVID-19 Point of Entry Monthly Dashboard (November 2020),https://dtm.iom.int/reports/nigeria-%E2%80%94-covid-19-point-entry-monthly-dashboard-november-2020,https://dtm.iom.int/sites/g/files/tmzbdl1461/files/reports/IOM%20Nigeria%20DTM%20COVID-19%20Point%20of%20Entry%20Dashboard%20%28November%202020%29.pdf,
1251,2020,2020-12-03,Other / Unclassified,,,Nigeria — COVID-19 Point of Entry Monthly Dashboard (November 2020),https://dtm.iom.int/reports/nigeria-%E2%80%94-covid-19-point-entry-monthly-dashboard-november-2020-0,https://dtm.iom.int/sites/g/files/tmzbdl1461/files/reports/IOM%20Nigeria%20DTM%20COVID-19%20Point%20of%20Entry%20Dashboard%20%28November%202020%29_0.pdf,
1252,2020,2020-12-01,Incident / Flash Report,North Central; North West,,Nigeria — North Central & North West Flash Report #28 (26 - 27 November 2020),https://dtm.iom.int/reports/nigeria-%E2%80%94-north-central-north-west-flash-report-28-26-27-november-2020,https://dtm.iom.int/sites/g/files/tmzbdl1461/files/reports/IOM%20Nigeria%20DTM%20Flash%20Report%20NCNW%20-%20Katsina%2028%20%2830%20November%202020%29.pdf,title:flash report
1253,2020,2020-12-01,Incident / Flash Report,North Central; North West,,Nigeria — North Central & North West Flash Report #27 (23 - 29 November 2020),https://dtm.iom.int/reports/nigeria-%E2%80%94-north-central-north-west-flash-report-27-23-29-november-2020,https://dtm.iom.int/sites/g/files/tmzbdl1461/files/reports/IOM%20Nigeria%20DTM%20Flash%20Report%20NCNW%2027%20%2830%20November%202020%29.pdf,title:flash report
1254,2020,2020-12-01,Other / Unclassified,,,Nigeria — COVID-19 Point of Entry Dashboard 28 (21 - 27 November 2020),https://dtm.iom.int/reports/nigeria-%E2%80%94-covid-19-point-entry-dashboard-28-21-27-november-2020,https://dtm.iom.int/sites/g/files/tmzbdl1461/files/reports/IOM%20Nigeria%20DTM%20COVID-19%20Point%20of%20Entry%20Dashboard%2028%20%2821%20-%2027%20November%202020%29.pdf,
1255,2020,2020-11-26,Emergency Tracking Tool (ETT),,,Nigeria — Emergency Tracking Tool Report 198 (16 - 22 November 2020),https://dtm.iom.int/reports/nigeria-%E2%80%94-emergency-tracking-tool-report-198-16-22-november-2020,https://dtm.iom.int/sites/g/files/tmzbdl1461/files/reports/IOM%20Nigeria%20DTM%20Emergency%20Tracking%20Tool%20%28ETT%29%20Report%20No.198%20%20%2816%20-%2022%20November%202020%29.pdf,title:emergency tracking tool
1256,2020,2020-11-23,Incident / Flash Report,North Central; North West,,Nigeria — North Central & North West Flash Report #26 (16 - 22 November 2020),https://dtm.iom.int/reports/nigeria-%E2%80%94-north-central-north-west-flash-report-26-16-22-november-2020,https://dtm.iom.int/sites/g/files/tmzbdl1461/files/reports/IOM%20Nigeria%20DTM%20Flash%20Report%20NCNW%2026%20%2822%20November%202020%29.pdf,title:flash report
1257,2020,2020-11-23,Other / Unclassified,,,Nigeria — COVID-19 Point of Entry Dashboard 27 (14 - 20 November 2020),https://dtm.iom.int/reports/nigeria-%E2%80%94-covid-19-point-entry-dashboard-27-14-20-november-2020,https://dtm.iom.int/sites/g/files/tmzbdl1461/files/reports/IOM%20Nigeria%20DTM%20COVID-19%20Point%20of%20Entry%20Dashboard%2027%20%2814%20-%2020%20November%202020%29.pdf,
1258,2020,2020-11-20,Emergency Tracking Tool (ETT),,,Nigeria — Emergency Tracking Tool Report 197 (09 - 15 November 2020),https://dtm.iom.int/reports/nigeria-%E2%80%94-emergency-tracking-tool-report-197-09-15-november-2020,https://dtm.iom.int/sites/g/files/tmzbdl1461/files/reports/IOM%20Nigeria%20DTM%20Emergency%20Tracking%20Tool%20%28ETT%29%20Report%20No.197%20%20%2809%20-%2015%20November%202020%29.pdf,title:emergency tracking tool
1259,2020,2020-11-16,Incident / Flash Report,North Central; North West,,Nigeria — North Central & North West Flash Report #25 (9 - 15 November 2020),https://dtm.iom.int/reports/nigeria-%E2%80%94-north-central-north-west-flash-report-25-9-15-november-2020,https://dtm.iom.int/sites/g/files/tmzbdl1461/files/reports/IOM%20Nigeria%20DTM%20Flash%20Report%20NCNW%2025%20%2815%20November%202020%29.pdf,title:flash report
1260,2020,2020-11-16,Other / Unclassified,,,Nigeria — COVID-19 Point of Entry Dashboard 26 (7 - 13 November 2020),https://dtm.iom.int/reports/nigeria-%E2%80%94-covid-19-point-entry-dashboard-26-7-13-november-2020,https://dtm.iom.int/sites/g/files/tmzbdl1461/files/reports/IOM%20Nigeria%20DTM%20COVID-19%20Point%20of%20Entry%20Dashboard%2026%20%2807%20-%2013%20November%202020%29.pdf,
1261,2020,2020-11-14,Other / Unclassified,North East,,Nigeria — COVID-19 Situational Analysis: North East #3 (September 2020),https://dtm.iom.int/reports/nigeria-%E2%80%94-covid-19-situational-analysis-north-east-3-september-2020,https://dtm.iom.int/sites/g/files/tmzbdl1461/files/reports/COVID%20-%2019%20Situation%20Report%203%20-%20North%20East%20Nigeria.pdf,
1262,2020,2020-11-12,Emergency Tracking Tool (ETT),,,Nigeria — Emergency Tracking Tool Report 196 (02 - 08 November 2020),https://dtm.iom.int/reports/nigeria-%E2%80%94-emergency-tracking-tool-report-196-02-08-november-2020,https://dtm.iom.int/sites/g/files/tmzbdl1461/files/reports/IOM%20Nigeria%20DTM%20Emergency%20Tracking%20Tool%20%28ETT%29%20Report%20No.196%20%20%2802%20-%2008%20November%202020%29_0.pdf,title:emergency tracking tool
1263,2020,2020-11-09,Incident / Flash Report,North Central; North West,,Nigeria — North Central & North West Flash Report #24 (2 - 8 November 2020),https://dtm.iom.int/reports/nigeria-%E2%80%94-north-central-north-west-flash-report-24-2-8-november-2020,https://dtm.iom.int/sites/g/files/tmzbdl1461/files/reports/IOM%20Nigeria%20DTM%20Flash%20Report%20NCNW%2024%20%2808%20November%202020%29.pdf,title:flash report
1264,2020,2020-11-09,Other / Unclassified,,,Nigeria — COVID-19 Point Of Entry Dashboard 25 (31 October - 6 November 2020),https://dtm.iom.int/reports/nigeria-%E2%80%94-covid-19-point-entry-dashboard-25-31-october-6-november-2020,https://dtm.iom.int/sites/g/files/tmzbdl1461/files/reports/IOM%20Nigeria%20DTM%20COVID-19%20Point%20of%20Entry%20Dashboard%2025%20%2831%20October%20-%2006%20November%202020%29.pdf,
1265,2020,2020-11-06,Flow Monitoring (migrants) – extra category,,,Nigeria — Flow Monitoring Dashboard 43 (September 2020),https://dtm.iom.int/reports/nigeria-%E2%80%94-flow-monitoring-dashboard-43-september-2020,https://dtm.iom.int/sites/g/files/tmzbdl1461/files/reports/Nigeria%20-%20Flow%20Monitoring%20Dashboard%2043%20September%202020pdf.pdf,title:flow monitoring
1266,2020,2020-11-05,Emergency Tracking Tool (ETT),,,Nigeria — Emergency Tracking Tool Report 195 (26 October - 1 November 2020),https://dtm.iom.int/reports/nigeria-%E2%80%94-emergency-tracking-tool-report-195-26-october-1-november-2020,https://dtm.iom.int/sites/g/files/tmzbdl1461/files/reports/IOM%20Nigeria%20DTM%20Emergency%20Tracking%20Tool%20%28ETT%29%20Report%20No.195%20%20%2826%20October%20-%201%20November%202020%29_0.pdf,title:emergency tracking tool
1267,2020,2020-11-04,Other / Unclassified,,,Nigeria — COVID-19 Point of Entry Monthly Dashboard (October 2020),https://dtm.iom.int/reports/nigeria-%E2%80%94-covid-19-point-entry-monthly-dashboard-october-2020,https://dtm.iom.int/sites/g/files/tmzbdl1461/files/reports/IOM%20Nigeria%20DTM%20COVID-19%20Point%20of%20Entry%20Dashboard%20%28October%202020%29.pdf,
1268,2020,2020-11-02,Incident / Flash Report,North Central; North West,,Nigeria — North Central & North West Flash Report #23 (26 October - 01 November 2020),https://dtm.iom.int/reports/nigeria-%E2%80%94-north-central-north-west-flash-report-23-26-october-01-november-2020,https://dtm.iom.int/sites/g/files/tmzbdl1461/files/reports/IOM%20Nigeria%20DTM%20Flash%20Report%20NCNW%2023%20%2801%20November%202020%29.pdf,title:flash report
1269,2020,2020-11-02,Other / Unclassified,,,Nigeria — COVID-19 Point Of Entry Dashboard 24 (24 - 30 October 2020),https://dtm.iom.int/reports/nigeria-%E2%80%94-covid-19-point-entry-dashboard-24-24-30-october-2020,https://dtm.iom.int/sites/g/files/tmzbdl1461/files/reports/IOM%20Nigeria%20DTM%20COVID-19%20Point%20of%20Entry%20Dashboard%2024%20%2824%20-%2030%20October%202020%29.pdf,
1270,2020,2020-10-30,Emergency Tracking Tool (ETT),,,Nigeria — Emergency Tracking Tool Report 194 (19 - 25 October 2020),https://dtm.iom.int/reports/nigeria-%E2%80%94-emergency-tracking-tool-report-194-19-25-october-2020,https://dtm.iom.int/sites/g/files/tmzbdl1461/files/reports/IOM%20Nigeria%20DTM%20Emergency%20Tracking%20Tool%20%28ETT%29%20Report%20No.194%20%20%2819%20-%2025%20October%202020%29.pdf,title:emergency tracking tool
1271,2020,2020-10-26,Incident / Flash Report,North Central; North West,,Nigeria — North Central & North West Flash Report #22 (19 - 25 October 2020),https://dtm.iom.int/reports/nigeria-%E2%80%94-north-central-north-west-flash-report-22-19-25-october-2020,https://dtm.iom.int/sites/g/files/tmzbdl1461/files/reports/IOM%20Nigeria%20DTM%20Flash%20Report%20NCNW%2022%20%2825%20October%202020%29.pdf,title:flash report
1272,2020,2020-10-26,Other / Unclassified,,,Nigeria — COVID-19 Point Of Entry Dashboard 23 (17 - 23 October 2020),https://dtm.iom.int/reports/nigeria-%E2%80%94-covid-19-point-entry-dashboard-23-17-23-october-2020,https://dtm.iom.int/sites/g/files/tmzbdl1461/files/reports/IOM%20Nigeria%20DTM%20COVID-19%20Point%20of%20Entry%20Dashboard%2023%20%2817%20-%2023%20October%202020%29.pdf,
1273,2020,2020-10-25,Mobility Tracking – IDP & Returnee Atlas,North Central; North West,,Nigeria — North Central And North West Zones Site Assessment Dashboard 4 (August 2020),https://dtm.iom.int/reports/nigeria-%E2%80%94-north-central-and-north-west-zones-site-assessment-dashboard-4-august-2020,https://dtm.iom.int/sites/g/files/tmzbdl1461/files/reports/DTM%20Nigeria%20-%20North%20Central%20and%20North%20West%20Zones%20Round%204%20Dashboard%20of%20Site%20Assessment.pdf,title:site assessment
1274,2020,2020-10-25,Mobility Tracking – IDP & Returnee Atlas,North Central; North West,,Nigeria — North Central And North West Zones IDP Population Variation Dashboard 4 (August 2020),https://dtm.iom.int/reports/nigeria-%E2%80%94-north-central-and-north-west-zones-idp-population-variation-dashboard-4-august,https://dtm.iom.int/sites/g/files/tmzbdl1461/files/reports/DTM%20Nigeria%20-%20North%20Central%20and%20North%20West%20Zones%20Round%204%20Dashboard%20of%20IDP%20Population%20Variation.pdf,title:idp population variation
1275,2020,2020-10-25,Mobility Tracking – IDP & Returnee Atlas,North Central; North West,,Nigeria — North Central And North West Zones Displacement Report 4 (August 2020),https://dtm.iom.int/reports/nigeria-%E2%80%94-north-central-and-north-west-zones-displacement-report-4-august-2020,https://dtm.iom.int/sites/g/files/tmzbdl1461/files/reports/Round%204%20North%20Central%20and%20North%20west%20Report%20.pdf,title:displacement report
1276,2020,2020-10-25,Mobility Tracking – IDP & Returnee Atlas,North Central; North West,,Nigeria — North Central And North West Zones Displacement Dashboard 4 (August 2020),https://dtm.iom.int/reports/nigeria-%E2%80%94-north-central-and-north-west-zones-displacement-dashboard-4-august-2020,https://dtm.iom.int/sites/g/files/tmzbdl1461/files/reports/DTM%20Nigeria%20-%20North%20Central%20and%20North%20West%20Zones%20Round%204%20Dashboard.pdf,title:displacement dashboard
1277,2020,2020-10-22,Incident / Flash Report,North Central; North West,,Nigeria — North Central & North West Flash Report #21 (12 - 18 October 2020),https://dtm.iom.int/reports/nigeria-%E2%80%94-north-central-north-west-flash-report-21-12-18-october-2020,https://dtm.iom.int/sites/g/files/tmzbdl1461/files/reports/IOM%20Nigeria%20DTM%20Flash%20Report%20NCNW%2021%20%2818%20October%202020%29.pdf,title:flash report
1278,2020,2020-10-22,Emergency Tracking Tool (ETT),,,Nigeria — Emergency Tracking Tool Report 193 (12 - 18 October 2020),https://dtm.iom.int/reports/nigeria-%E2%80%94-emergency-tracking-tool-report-193-12-18-october-2020,https://dtm.iom.int/sites/g/files/tmzbdl1461/files/reports/IOM%20Nigeria%20DTM%20Emergency%20Tracking%20Tool%20%28ETT%29%20Report%20No.193%20%20%2812%20-%2018%20October%202020%29.pdf,title:emergency tracking tool
1279,2020,2020-10-22,Other / Unclassified,,,Nigeria — COVID-19 Point of Entry Dashboard 22 (10 - 16 October 2020),https://dtm.iom.int/reports/nigeria-%E2%80%94-covid-19-point-entry-dashboard-22-10-16-october-2020,https://dtm.iom.int/sites/g/files/tmzbdl1461/files/reports/IOM%20Nigeria%20DTM%20COVID-19%20Point%20of%20Entry%20Dashboard%2022%20%2810%20-%2016%20October%202020%29.pdf,
1280,2020,2020-10-15,Emergency Tracking Tool (ETT),,,Nigeria — Emergency Tracking Tool Report 192 (05 -11 October 2020),https://dtm.iom.int/reports/nigeria-%E2%80%94-emergency-tracking-tool-report-192-05-11-october-2020,https://dtm.iom.int/sites/g/files/tmzbdl1461/files/reports/IOM%20Nigeria%20DTM%20Emergency%20Tracking%20Tool%20%28ETT%29%20Report%20No.192%20%20%2805%20-%2011%20October%202020%29.pdf,title:emergency tracking tool
1281,2020,2020-10-14,Flow Monitoring (migrants) – extra category,,,Nigeria — Flow Monitoring Dashboard 42 (August 2020),https://dtm.iom.int/reports/nigeria-%E2%80%94-flow-monitoring-dashboard-42-august-2020,https://dtm.iom.int/sites/g/files/tmzbdl1461/files/reports/Nigeria%20-%20Flow%20Monitoring%20Dashboard%2042%20August%202020.pdf,title:flow monitoring
1282,2020,2020-10-12,Incident / Flash Report,North Central; North West,,Nigeria — North Central & North West Flash Report #20 (05 - 11 October 2020),https://dtm.iom.int/reports/nigeria-%E2%80%94-north-central-north-west-flash-report-20-05-11-october-2020,https://dtm.iom.int/sites/g/files/tmzbdl1461/files/reports/IOM%20Nigeria%20DTM%20Flash%20Report%20NCNW%2020%20%2811%20October%202020%29.pdf,title:flash report
1283,2020,2020-10-12,Other / Unclassified,,,Nigeria — COVID-19 Point of Entry Dashboard 21 (3 - 9 October 2020),https://dtm.iom.int/reports/nigeria-%E2%80%94-covid-19-point-entry-dashboard-21-3-9-october-2020,https://dtm.iom.int/sites/g/files/tmzbdl1461/files/reports/IOM%20Nigeria%20DTM%20COVID-19%20Point%20of%20Entry%20Dashboard%2021%20%2803%20-%2009%20October%202020%29.pdf,
1284,2020,2020-10-08,Emergency Tracking Tool (ETT),,,Nigeria — Emergency Tracking Tool Report #191 (28 September - 04 October 2020),https://dtm.iom.int/reports/nigeria-%E2%80%94-emergency-tracking-tool-report-191-28-september-04-october-2020,https://dtm.iom.int/sites/g/files/tmzbdl1461/files/reports/IOM%20Nigeria%20DTM%20Emergency%20Tracking%20Tool%20%28ETT%29%20Report%20No.191%20%20%2828%20September%20-%2004%20October%202020%29.pdf,title:emergency tracking tool
1285,2020,2020-10-08,Other / Unclassified,,,Nigeria —  COVID-19 Point of Entry Dashboard (September 2020),https://dtm.iom.int/reports/nigeria-%E2%80%94-covid-19-point-entry-dashboard-september-2020,https://dtm.iom.int/sites/g/files/tmzbdl1461/files/reports/IOM%20Nigeria%20DTM%20COVID-19%20Point%20of%20Entry%20Dashboard%20%28September%202020%29.pdf,
1286,2020,2020-10-05,Incident / Flash Report,North Central; North West,,Nigeria — North Central & North West Flash Report #19 (28 September - 04 October 2020),https://dtm.iom.int/reports/nigeria-%E2%80%94-north-central-north-west-flash-report-19-28-september-04-october-2020,https://dtm.iom.int/sites/g/files/tmzbdl1461/files/reports/IOM%20Nigeria%20DTM%20Flash%20Report%20NCNW%2019%20%2804%20October%202020%29.pdf,title:flash report
1287,2020,2020-10-05,Other / Unclassified,,,Nigeria — COVID-19 Point of Entry Dashboard 20 (26 September -  02 October 2020),https://dtm.iom.int/reports/nigeria-%E2%80%94-covid-19-point-entry-dashboard-20-26-september-02-october-2020,https://dtm.iom.int/sites/g/files/tmzbdl1461/files/reports/IOM%20Nigeria%20DTM%20COVID-19%20Point%20of%20Entry%20Dashboard%2020%20%2826%20September%20-%2002%20October%202020%29.pdf,
1288,2020,2020-10-01,Emergency Tracking Tool (ETT),,,Nigeria — Emergency Tracking Tool Report 190 (21 - 27 September 2020),https://dtm.iom.int/reports/nigeria-%E2%80%94-emergency-tracking-tool-report-190-21-27-september-2020,https://dtm.iom.int/sites/g/files/tmzbdl1461/files/reports/IOM%20Nigeria%20DTM%20Emergency%20Tracking%20Tool%20%28ETT%29%20Report%20No.190%20%20%2821-%2027%20September%202020%29.pdf,title:emergency tracking tool
1289,2020,2020-09-28,Incident / Flash Report,North Central; North West,,Nigeria — North Central & North West Flash Report #18 (21 - 27 September 2020),https://dtm.iom.int/reports/nigeria-%E2%80%94-north-central-north-west-flash-report-18-21-27-september-2020,https://dtm.iom.int/sites/g/files/tmzbdl1461/files/reports/IOM%20Nigeria%20DTM%20Flash%20Report%20NCNW%2018%20%2827%20September%202020%29.pdf,title:flash report
1290,2020,2020-09-28,Other / Unclassified,,,Nigeria — COVID-19 Point of Entry Dashboard 19 (19 - 25 September 2020),https://dtm.iom.int/reports/nigeria-%E2%80%94-covid-19-point-entry-dashboard-19-19-25-september-2020,https://dtm.iom.int/sites/g/files/tmzbdl1461/files/reports/IOM%20Nigeria%20DTM%20COVID-19%20Point%20of%20Entry%20Dashboard%2019%20%2819%20-%2025%20September%202020%29.pdf,
1291,2020,2020-09-24,Mobility Tracking – IDP & Returnee Atlas,,,Nigeria — Site Assessment Dashboard 33 (August 2020),https://dtm.iom.int/reports/nigeria-%E2%80%94-site-assessment-dashboard-33-august-2020,https://dtm.iom.int/sites/g/files/tmzbdl1461/files/reports/DTM%20Nigeria%20Round%2033%20Dashboard%20of%20Site%20Assessment%20%28North%20East%29.pdf,title:site assessment
1292,2020,2020-09-24,Mobility Tracking – IDP & Returnee Atlas,,,Nigeria — List Of Wards Assessed 33 (August 2020),https://dtm.iom.int/reports/nigeria-%E2%80%94-list-wards-assessed-33-august-2020,https://dtm.iom.int/sites/g/files/tmzbdl1461/files/reports/DTM%20Nigeria%20R33%20List%20of%20Wards%20Assessed.pdf,title:list of wards assessed
1293,2020,2020-09-24,Mobility Tracking – IDP & Returnee Atlas,,,Nigeria — List Of Displacement Sites Assessed 33 (August 2020),https://dtm.iom.int/reports/nigeria-%E2%80%94-list-displacement-sites-assessed-33-august-2020,https://dtm.iom.int/sites/g/files/tmzbdl1461/files/reports/DTM%20Nigeria%20R33%20List%20of%20Sites%20Assessed.pdf,title:list of displacement sites
1294,2020,2020-09-24,Mobility Tracking – IDP & Returnee Atlas,,,Nigeria — IDP Population Variation Dashboard 33 (August 2020),https://dtm.iom.int/reports/nigeria-%E2%80%94-idp-population-variation-dashboard-33-august-2020,https://dtm.iom.int/sites/g/files/tmzbdl1461/files/reports/Nigeria%20-%20DTM%20%20Round%2033%20Dashboard%20of%20IDP%20Population%20Variation%20%28North%20East%29_0.pdf,title:idp population variation
1295,2020,2020-09-24,Emergency Tracking Tool (ETT),,,Nigeria — Emergency Tracking Tool Report 189 (14 - 20 September 2020),https://dtm.iom.int/reports/nigeria-%E2%80%94-emergency-tracking-tool-report-189-14-20-september-2020,https://dtm.iom.int/sites/g/files/tmzbdl1461/files/reports/IOM%20Nigeria%20DTM%20Emergency%20Tracking%20Tool%20%28ETT%29%20Report%20No.189%20%20%2814-%2020%20September%202020%29.pdf,title:emergency tracking tool
1296,2020,2020-09-24,Mobility Tracking – IDP & Returnee Atlas,,,Nigeria — Displacement Report 33 (August 2020),https://dtm.iom.int/reports/nigeria-%E2%80%94-displacement-report-33-august-2020,https://dtm.iom.int/sites/g/files/tmzbdl1461/files/reports/DTM%20Report%20Round%2033%20%28North%20East%29_0.pdf,title:displacement report
1297,2020,2020-09-24,Mobility Tracking – IDP & Returnee Atlas,,,Nigeria — Displacement Dashboard 33 (August 2020),https://dtm.iom.int/reports/nigeria-%E2%80%94-displacement-dashboard-33-august-2020,https://dtm.iom.int/sites/g/files/tmzbdl1461/files/reports/DTM%20Round%2033%20Baseline%20Dashboard%20%28North%20East%29.pdf,title:displacement dashboard
1298,2020,2020-09-21,Incident / Flash Report,North Central; North West,,Nigeria — North Central & North West Flash Report #17 (14 - 20 September 2020),https://dtm.iom.int/reports/nigeria-%E2%80%94-north-central-north-west-flash-report-17-14-20-september-2020,https://dtm.iom.int/sites/g/files/tmzbdl1461/files/reports/IOM%20Nigeria%20DTM%20Flash%20Report%20NCNW%2017%20%2820%20September%202020%29.pdf,title:flash report
1299,2020,2020-09-21,Other / Unclassified,,,Nigeria — COVID-19 Point of Entry Dashboard 18 (12 - 18 September 2020),https://dtm.iom.int/reports/nigeria-%E2%80%94-covid-19-point-entry-dashboard-18-12-18-september-2020,https://dtm.iom.int/sites/g/files/tmzbdl1461/files/reports/IOM%20Nigeria%20DTM%20COVID-19%20Point%20of%20Entry%20Dashboard%2018%20%2812%20-%2018%20September%202020%29.pdf,
1300,2020,2020-09-18,Emergency Tracking Tool (ETT),,,Nigeria — Emergency Tracking Tool Report 188 (7 - 13 September 2020),https://dtm.iom.int/reports/nigeria-%E2%80%94-emergency-tracking-tool-report-188-7-13-september-2020,https://dtm.iom.int/sites/g/files/tmzbdl1461/files/reports/IOM%20Nigeria%20DTM%20Emergency%20Tracking%20Tool%20%28ETT%29%20Report%20No.188%20%20%2807-%2013%20September%202020%29.pdf,title:emergency tracking tool
1301,2020,2020-09-16,Incident / Flash Report,North Central; North West,,Nigeria — North Central & North West Flash Report #16 (07 - 13 September 2020),https://dtm.iom.int/reports/nigeria-%E2%80%94-north-central-north-west-flash-report-16-07-13-september-2020,https://dtm.iom.int/sites/g/files/tmzbdl1461/files/reports/IOM%20Nigeria%20DTM%20Flash%20Report%20NCNW%2016%20%2814%20September%202020%29_0.pdf,title:flash report
1302,2020,2020-09-15,Other / Unclassified,,,Nigeria — COVID-19 Point of Entry Dashboard 17 (5 September - 11 September 2020),https://dtm.iom.int/reports/nigeria-%E2%80%94-covid-19-point-entry-dashboard-17-5-september-11-september-2020,https://dtm.iom.int/sites/g/files/tmzbdl1461/files/reports/IOM%20Nigeria%20DTM%20COVID-19%20Point%20of%20Entry%20Dashboard%2017%20%285%20-%2011%20September%202020%29.pdf,
1303,2020,2020-09-10,Emergency Tracking Tool (ETT),,,Nigeria — Emergency Tracking Tool Report 187 (31 August - 06 September 2020),https://dtm.iom.int/reports/nigeria-%E2%80%94-emergency-tracking-tool-report-187-31-august-06-september-2020,https://dtm.iom.int/sites/g/files/tmzbdl1461/files/reports/IOM%20Nigeria%20DTM%20Emergency%20Tracking%20Tool%20%28ETT%29%20Report%20No.187%20%20%2831%20August%20-%2006%20September%202020%29.pdf,title:emergency tracking tool
1304,2020,2020-09-07,Incident / Flash Report,,,Nigeria — Windstorm and Rainfall Damages to IDP Sites Flash Report 13 (6 September 2020),https://dtm.iom.int/reports/nigeria-%E2%80%94-windstorm-and-rainfall-damages-idp-sites-flash-report-13-6-september-2020,https://dtm.iom.int/sites/g/files/tmzbdl1461/files/reports/Windstorm%20and%20Rainfall%20Damages%20to%20IDP%20Sites%20Flash%20Report%2013%20%2806%20September%202020%29.pdf,title:flash report
1305,2020,2020-09-07,Incident / Flash Report,North Central; North West,,Nigeria — North Central & North West Flash Report #15 (31 August - 06 September 2020),https://dtm.iom.int/reports/nigeria-%E2%80%94-north-central-north-west-flash-report-15-31-august-06-september-2020,https://dtm.iom.int/sites/g/files/tmzbdl1461/files/reports/IOM%20Nigeria%20DTM%20Flash%20Report%20NCNW%2015%20%2806%20September%202020%29.pdf,title:flash report
1306,2020,2020-09-04,Emergency Tracking Tool (ETT),,,Nigeria — Emergency Tracking Tool Report 186 (24 - 30 August 2020),https://dtm.iom.int/reports/nigeria-%E2%80%94-emergency-tracking-tool-report-186-24-30-august-2020,https://dtm.iom.int/sites/g/files/tmzbdl1461/files/reports/IOM%20Nigeria%20DTM%20Emergency%20Tracking%20Tool%20%28ETT%29%20Report%20No.186%20%20%2824%20-%2030%20August%202020%29.pdf,title:emergency tracking tool
1307,2020,2020-09-03,Other / Unclassified,,,Nigeria — COVID-19 Point of Entry Monthly Dashboard (August 2020),https://dtm.iom.int/reports/nigeria-%E2%80%94-covid-19-point-entry-monthly-dashboard-august-2020,https://dtm.iom.int/sites/g/files/tmzbdl1461/files/reports/IOM%20Nigeria%20DTM%20COVID-19%20Point%20of%20Entry%20Dashboard%20%28August%202020%29.pdf,
1308,2020,2020-08-31,Incident / Flash Report,,,Nigeria — Windstorm and Rainfall Damages to IDP Sites Flash Report (30 August 2020),https://dtm.iom.int/reports/nigeria-%E2%80%94-windstorm-and-rainfall-damages-idp-sites-flash-report-30-august-2020,https://dtm.iom.int/sites/g/files/tmzbdl1461/files/reports/Windstorm%20and%20Rainfall%20Damages%20to%20IDP%20Sites%20Flash%20Report%20%2012%20%2830%20August%202020%29.pdf,title:flash report
1309,2020,2020-08-31,Incident / Flash Report,North Central; North West,,Nigeria — North Central & North West Flash Report #14 (24 - 30 August 2020),https://dtm.iom.int/reports/nigeria-%E2%80%94-north-central-north-west-flash-report-14-24-30-august-2020,https://dtm.iom.int/sites/g/files/tmzbdl1461/files/reports/IOM%20Nigeria%20DTM%20Flash%20Report%20NCNW%2014%20%2830%20August%202020%29.pdf,title:flash report
1310,2020,2020-08-31,Other / Unclassified,North East,,Nigeria — COVID-19 Situational Analysis: North East #2 (August 2020),https://dtm.iom.int/reports/nigeria-%E2%80%94-covid-19-situational-analysis-north-east-2-august-2020,https://dtm.iom.int/sites/g/files/tmzbdl1461/files/reports/COVID%20-%2019%20Situation%20Report%202%20-%20North%20East%20Nigeria.pdf,
1311,2020,2020-08-31,Other / Unclassified,,,Nigeria — COVID-19 Point of Entry Dashboard 16 (22 - 28 August 2020),https://dtm.iom.int/reports/nigeria-%E2%80%94-covid-19-point-entry-dashboard-16-22-28-august-2020,https://dtm.iom.int/sites/g/files/tmzbdl1461/files/reports/IOM%20Nigeria%20DTM%20COVID-19%20Point%20of%20Entry%20Dashboard%2016%20%2822%20-%2028%20August%202020%29.pdf,
1312,2020,2020-08-28,Incident / Flash Report,,,Nigeria — IDPs Arrival To Jere Flash Report (27 August 2020),https://dtm.iom.int/reports/nigeria-%E2%80%94-idps-arrival-jere-flash-report-27-august-2020,https://dtm.iom.int/sites/g/files/tmzbdl1461/files/reports/IOM%20Nigeria%20DTM%20Flash%20Report%20North%20East%20-%20Jere%20Arrivals%2027%20August%202020v2.pdf,title:flash report
1313,2020,2020-08-28,Emergency Tracking Tool (ETT),,,Nigeria — Emergency Tracking Tool Report 185 (17 - 23 August 2020),https://dtm.iom.int/reports/nigeria-%E2%80%94-emergency-tracking-tool-report-185-17-23-august-2020,https://dtm.iom.int/sites/g/files/tmzbdl1461/files/reports/IOM%20Nigeria%20DTM%20Emergency%20Tracking%20Tool%20%28ETT%29%20Report%20No.185%20%20%2817%20-%2023%20August%202020%29.pdf,title:emergency tracking tool
1314,2020,2020-08-25,Flow Monitoring (migrants) – extra category,North Central,Niger,Nigeria — Flow Monitoring Dashboard 41 (July 2020),https://dtm.iom.int/reports/nigeria-%E2%80%94-flow-monitoring-dashboard-41-july-2020,https://dtm.iom.int/sites/g/files/tmzbdl1461/files/reports/Nigeria%20-%20Flow%20Monitoring%20Dashboard%2041%20July%202020.pdf,title:flow monitoring
1315,2020,2020-08-24,Incident / Flash Report,North Central; North West,,Nigeria — North Central & North West Flash Report #13 (17 - 23 August 2020),https://dtm.iom.int/reports/nigeria-%E2%80%94-north-central-north-west-flash-report-13-17-23-august-2020,https://dtm.iom.int/sites/g/files/tmzbdl1461/files/reports/IOM%20Nigeria%20DTM%20Flash%20Report%20NCNW%2013%20%2823%20August%202020%29.pdf,title:flash report
1316,2020,2020-08-24,Other / Unclassified,,,Nigeria — COVID-19 Point of Entry Dashboard 15 (15 - 21 August 2020),https://dtm.iom.int/reports/nigeria-%E2%80%94-covid-19-point-entry-dashboard-15-15-21-august-2020,https://dtm.iom.int/sites/g/files/tmzbdl1461/files/reports/IOM%20Nigeria%20DTM%20COVID-19%20Point%20of%20Entry%20Dashboard%2015%20%2815%20-%2021%20August%202020%29.pdf,
1317,2020,2020-08-21,Other / Unclassified,North Central; North West,,Nigeria — COVID-19 Situational Analysis: North Central and North West (July 2020),https://dtm.iom.int/reports/nigeria-%E2%80%94-covid-19-situational-analysis-north-central-and-north-west-july-2020,https://dtm.iom.int/sites/g/files/tmzbdl1461/files/reports/COVID-19%20Situation%20Report%20-%20North%20Central%20and%20North%20West%20Nigeria.pdf,
1318,2020,2020-08-20,Emergency Tracking Tool (ETT),,,Nigeria — Emergency Tracking Tool Report 184 (10 - 16 August 2020),https://dtm.iom.int/reports/nigeria-%E2%80%94-emergency-tracking-tool-report-184-10-16-august-2020,https://dtm.iom.int/sites/g/files/tmzbdl1461/files/reports/IOM%20Nigeria%20DTM%20Emergency%20Tracking%20Tool%20%28ETT%29%20Report%20No.184%20%20%2810%20-%2016%20August%202020%29.pdf,title:emergency tracking tool
1319,2020,2020-08-20,Emergency Tracking Tool (ETT),,,Nigeria — Emergency Tracking Tool Report 184 (10 - 16 August 2020),https://dtm.iom.int/reports/nigeria-%E2%80%94-emergency-tracking-tool-report-184-10-16-august-2020-0,https://dtm.iom.int/sites/g/files/tmzbdl1461/files/reports/IOM%20Nigeria%20DTM%20Emergency%20Tracking%20Tool%20%28ETT%29%20Report%20No.184%20%20%2810%20-%2016%20August%202020%29_0.pdf,title:emergency tracking tool
1320,2020,2020-08-18,Incident / Flash Report,North Central; North West,,Nigeria — North Central & North West Flash Report #12 (10 - 16 August 2020),https://dtm.iom.int/reports/nigeria-%E2%80%94-north-central-north-west-flash-report-12-10-16-august-2020,https://dtm.iom.int/sites/g/files/tmzbdl1461/files/reports/IOM%20Nigeria%20DTM%20Flash%20Report%20NCNW%2012%20%2817%20August%202020_0.pdf,title:flash report
1321,2020,2020-08-17,Other / Unclassified,,,Nigeria — COVID-19 Point of Entry Dashboard 14 (8 - 14 August 2020),https://dtm.iom.int/reports/nigeria-%E2%80%94-covid-19-point-entry-dashboard-14-8-14-august-2020,https://dtm.iom.int/sites/g/files/tmzbdl1461/files/reports/IOM%20Nigeria%20DTM%20COVID-19%20Point%20of%20Entry%20Dashboard%2014%20%2808%20-%2014%20August%202020%29.pdf,
1322,2020,2020-08-13,Emergency Tracking Tool (ETT),,,Nigeria — Emergency Tracking Tool Report 183 (3 - 9 August 2020),https://dtm.iom.int/reports/nigeria-%E2%80%94-emergency-tracking-tool-report-183-3-9-august-2020,https://dtm.iom.int/sites/g/files/tmzbdl1461/files/reports/IOM%20Nigeria%20DTM%20Emergency%20Tracking%20Tool%20%28ETT%29%20Report%20No.183%20%20%283%20-%209%20August%202020%29.pdf,title:emergency tracking tool
1323,2020,2020-08-10,Incident / Flash Report,North Central; North West,,Nigeria — North Central & North West Flash Report #11 (3 - 9 August 2020),https://dtm.iom.int/reports/nigeria-%E2%80%94-north-central-north-west-flash-report-11-3-9-august-2020,https://dtm.iom.int/sites/g/files/tmzbdl1461/files/reports/IOM%20Nigeria%20DTM%20Flash%20Report%20NCNW%2011%20%2810%20August%202020%29.pdf,title:flash report
1324,2020,2020-08-10,Other / Unclassified,,,Nigeria — COVID-19 Point of Entry Dashboard #13 (1 - 7 August 2020),https://dtm.iom.int/reports/nigeria-%E2%80%94-covid-19-point-entry-dashboard-13-1-7-august-2020,https://dtm.iom.int/sites/g/files/tmzbdl1461/files/reports/IOM%20Nigeria%20DTM%20COVID-19%20Point%20of%20Entry%20Dashboard%2013%20%20%28%2801%20-%2007%20August%202020%29%29.pdf,
1325,2020,2020-08-06,Emergency Tracking Tool (ETT),,,Nigeria — Emergency Tracking Tool Report 182 (27 July - 2 August 2020),https://dtm.iom.int/reports/nigeria-%E2%80%94-emergency-tracking-tool-report-182-27-july-2-august-2020,https://dtm.iom.int/sites/g/files/tmzbdl1461/files/reports/IOM%20Nigeria%20DTM%20Emergency%20Tracking%20Tool%20%28ETT%29%20Report%20No.182%20%20%2827%20July%20-%202%20August%202020%29.pdf,title:emergency tracking tool
1326,2020,2020-08-05,Incident / Flash Report,,,Nigeria — Windstorm And Rainfall Damages To IDP Sites Flash Report (4 August 2020),https://dtm.iom.int/reports/nigeria-%E2%80%94-windstorm-and-rainfall-damages-idp-sites-flash-report-4-august-2020,https://dtm.iom.int/sites/g/files/tmzbdl1461/files/reports/Windstorm%20and%20Rainfall%20Damages%20to%20IDP%20Sites%20Flash%20Report%2011%20%2804%20August%202020%29.pdf,title:flash report
1327,2020,2020-08-03,Incident / Flash Report,,,Nigeria — Windstorm and Rainfall Damages to IDP Sites Flash Report 10 (2 August 2020),https://dtm.iom.int/reports/nigeria-%E2%80%94-windstorm-and-rainfall-damages-idp-sites-flash-report-10-2-august-2020,https://dtm.iom.int/sites/g/files/tmzbdl1461/files/reports/Windstorm%20and%20Rainfall%20Damages%20to%20IDP%20Sites%20Flash%20Report%2010%20%2803%20August%202020%29.pdf,title:flash report
1328,2020,2020-08-03,Other / Unclassified,,,Nigeria — COVID-19 Point of Entry Monthly Dashboard (July 2020),https://dtm.iom.int/reports/nigeria-%E2%80%94-covid-19-point-entry-monthly-dashboard-july-2020,https://dtm.iom.int/sites/g/files/tmzbdl1461/files/reports/IOM%20Nigeria%20DTM%20COVID-19%20Point%20of%20Entry%20Dashboard%20%28July%202020%29.pdf,
1329,2020,2020-08-03,Other / Unclassified,,,Nigeria — COVID-19 Point of Entry Dashboard 12 (25 - 31 July 2020),https://dtm.iom.int/reports/nigeria-%E2%80%94-covid-19-point-entry-dashboard-12-25-31-july-2020,https://dtm.iom.int/sites/g/files/tmzbdl1461/files/reports/IOM%20Nigeria%20DTM%20COVID-19%20Point%20of%20Entry%20Dashboard%2012%20%2825%20-%2031%20July%202020%29.pdf,
1330,2020,2020-07-31,Incident / Flash Report,,,Nigeria — Windstorm and Rainfall Damages to IDP Sites Flash Report (30 July 2020),https://dtm.iom.int/reports/nigeria-%E2%80%94-windstorm-and-rainfall-damages-idp-sites-flash-report-30-july-2020,https://dtm.iom.int/sites/g/files/tmzbdl1461/files/reports/Windstorm%20and%20Rainfall%20Damages%20to%20IDP%20Sites%20Flash%20Report%2030%20July%202020.pdf,title:flash report
1331,2020,2020-07-30,Flow Monitoring (migrants) – extra category,North Central,Niger,Nigeria — Flow Monitoring Dashboard 40 (June 2020),https://dtm.iom.int/reports/nigeria-%E2%80%94-flow-monitoring-dashboard-40-june-2020,https://dtm.iom.int/sites/g/files/tmzbdl1461/files/reports/Nigeria%20-%20Flow%20Monitoring%20Dashboard%2040%20June%202020.pdf,title:flow monitoring
1332,2020,2020-07-30,Emergency Tracking Tool (ETT),,,Nigeria — Emergency Tracking Tool Report 181 (20 - 26 July 2020),https://dtm.iom.int/reports/nigeria-%E2%80%94-emergency-tracking-tool-report-181-20-26-july-2020,https://dtm.iom.int/sites/g/files/tmzbdl1461/files/reports/IOM%20Nigeria%20DTM%20Emergency%20Tracking%20Tool%20%28ETT%29%20Report%20No.181%20%20%2820%20-%2026%20July%202020%29.pdf,title:emergency tracking tool
1333,2020,2020-07-28,Solutions Mobility Index / Stability Index,,,Nigeria — Stability Index Report (September 2019),https://dtm.iom.int/reports/nigeria-stability-index-report-september-2019,https://dtm.iom.int/sites/g/files/tmzbdl1461/files/reports/DTM%20Cameroon-Nigera_Stability_Index_FINAL_0.pdf,title:stability index
1334,2020,2020-07-27,Incident / Flash Report,North Central; North West,,Nigeria — North Central & North West Flash Report 10 (20 - 26 July 2020),https://dtm.iom.int/reports/nigeria-%E2%80%94-north-central-north-west-flash-report-10-20-26-july-2020,https://dtm.iom.int/sites/g/files/tmzbdl1461/files/reports/IOM%20Nigeria%20DTM%20Flash%20Report%20NCNW%2027%20July%202020.pdf,title:flash report
1335,2020,2020-07-27,Other / Unclassified,North East,Adamawa; Borno,Nigeria — COVID-19 Point Of Entry Dashboard 11 (18 - 24 July 2020),https://dtm.iom.int/reports/nigeria-%E2%80%94-covid-19-point-entry-dashboard-11-18-24-july-2020,https://dtm.iom.int/sites/g/files/tmzbdl1461/files/reports/IOM%20Nigeria%20DTM%20COVID-19%20Point%20of%20Entry%20Dashboard%2011%20%2818%20-%2024%20July%202020%29.pdf,
1336,2020,2020-07-25,Incident / Flash Report,,,Nigeria — Windstorm and Rainfall Damages to IDP Sites Flash Report (24 July 2020),https://dtm.iom.int/reports/nigeria-%E2%80%94-windstorm-and-rainfall-damages-idp-sites-flash-report-24-july-2020,https://dtm.iom.int/sites/g/files/tmzbdl1461/files/reports/Windstorm%20and%20Rainfall%20Damages%20to%20IDP%20Sites%20Flash%20Report%2024%20July%202020.pdf,title:flash report
1337,2020,2020-07-24,Emergency Tracking Tool (ETT),,,Nigeria — Emergency Tracking Tool Report 180 (13 - 19 July 2020),https://dtm.iom.int/reports/nigeria-%E2%80%94-emergency-tracking-tool-report-180-13-19-july-2020,https://dtm.iom.int/sites/g/files/tmzbdl1461/files/reports/IOM%20Nigeria%20DTM%20Emergency%20Tracking%20Tool%20%28ETT%29%20Report%20No.180%20%20%2813%20-%2019%20July%202020%29.pdf,title:emergency tracking tool
1338,2020,2020-07-20,Incident / Flash Report,North Central; North West,,Nigeria — North Central & North West Flash Report (13 - 19 July 2020),https://dtm.iom.int/reports/nigeria-%E2%80%94-north-central-north-west-flash-report-13-19-july-2020,https://dtm.iom.int/sites/g/files/tmzbdl1461/files/reports/IOM%20Nigeria%20DTM%20Flash%20Report%20NCNW%2020%20July%202020.pdf,title:flash report
1339,2020,2020-07-20,Other / Unclassified,,,Nigeria — COVID-19 Point Of Entry Dashboard (11 - 17 July 2020),https://dtm.iom.int/reports/nigeria-%E2%80%94-covid-19-point-entry-dashboard-11-17-july-2020,https://dtm.iom.int/sites/g/files/tmzbdl1461/files/reports/IOM%20Nigeria%20DTM%20COVID-19%20Point%20of%20Entry%20Dashboard%20%2811%20-%2017%20July%202020%29.pdf,
1340,2020,2020-07-16,Emergency Tracking Tool (ETT),,,Nigeria — Emergency Tracking Tool Report 179 (6 - 12 July 2020),https://dtm.iom.int/reports/nigeria-%E2%80%94-emergency-tracking-tool-report-179-6-12-july-2020,https://dtm.iom.int/sites/g/files/tmzbdl1461/files/reports/IOM%20Nigeria%20DTM%20Emergency%20Tracking%20Tool%20%28ETT%29%20Report%20No.179%20%20%286%20-%2012%20July%202020%29.pdf,title:emergency tracking tool
1341,2020,2020-07-14,Incident / Flash Report,North Central; North West,,Nigeria — North Central & North West Flash Report (6 - 12 July 2020),https://dtm.iom.int/reports/nigeria-%E2%80%94-north-central-north-west-flash-report-6-12-july-2020,https://dtm.iom.int/sites/g/files/tmzbdl1461/files/reports/IOM%20Nigeria%20DTM%20Flash%20Report%20NCNW%2014%20July%202020.pdf,title:flash report
1342,2020,2020-07-13,Mobility Tracking – IDP & Returnee Atlas,,,Nigeria — Site Assessment Dashboard 32 (June 2020),https://dtm.iom.int/reports/nigeria-%E2%80%94-site-assessment-dashboard-32-june-2020,https://dtm.iom.int/sites/g/files/tmzbdl1461/files/reports/DTM%20Nigeria%20Round%2032%20Dashboard%20of%20Site%20Assessment.pdf,title:site assessment
1343,2020,2020-07-13,Mobility Tracking – IDP & Returnee Atlas,,,Nigeria — List Of Wards Assessed 32 (June 2020),https://dtm.iom.int/reports/nigeria-%E2%80%94-list-wards-assessed-32-june-2020,https://dtm.iom.int/sites/g/files/tmzbdl1461/files/reports/DTM%20Nigeria%20R32%20List%20of%20Wards%20Assessed.pdf,title:list of wards assessed
1344,2020,2020-07-13,Mobility Tracking – IDP & Returnee Atlas,,,Nigeria — List Of Displacement Sites Assessed 32 (June 2020),https://dtm.iom.int/reports/nigeria-%E2%80%94-list-displacement-sites-assessed-32-june-2020,https://dtm.iom.int/sites/g/files/tmzbdl1461/files/reports/DTM%20Nigeria%20R32%20List%20of%20Site%20Assessed.pdf,title:list of displacement sites
1345,2020,2020-07-13,Mobility Tracking – IDP & Returnee Atlas,,,Nigeria — IDP Population Variation Dashboard 32 (June 2020),https://dtm.iom.int/reports/nigeria-%E2%80%94-idp-population-variation-dashboard-32-june-2020,,title:idp population variation
1346,2020,2020-07-13,Mobility Tracking – IDP & Returnee Atlas,,,Nigeria — Displacement Report 32 (June 2020),https://dtm.iom.int/reports/nigeria-%E2%80%94-displacement-report-32-june-2020,https://dtm.iom.int/sites/g/files/tmzbdl1461/files/reports/DTM%20Report%20Round%2032.pdf,title:displacement report
1347,2020,2020-07-13,Mobility Tracking – IDP & Returnee Atlas,,,Nigeria — Displacement Dashboard 32 (June 2020),https://dtm.iom.int/reports/nigeria-%E2%80%94-displacement-dashboard-32-june-2020,https://dtm.iom.int/sites/g/files/tmzbdl1461/files/reports/DTM%20Round%2032%20Baseline%20Dashboard.pdf,title:displacement dashboard
1348,2020,2020-07-13,Other / Unclassified,,,Nigeria — COVID-19 Point of Entry Dashboard (4 - 10 July 2020),https://dtm.iom.int/reports/nigeria-%E2%80%94-covid-19-point-entry-dashboard-4-10-july-2020,https://dtm.iom.int/sites/g/files/tmzbdl1461/files/reports/IOM%20Nigeria%20DTM%20COVID-19%20Point%20of%20Entry%20Dashboard%20%284%20-%2010%20July%202020%29.pdf,
1349,2020,2020-07-09,Emergency Tracking Tool (ETT),,,Nigeria — Emergency Tracking Tool Report 178 (29 June - 5 July 2020),https://dtm.iom.int/reports/nigeria-%E2%80%94-emergency-tracking-tool-report-178-29-june-5-july-2020,https://dtm.iom.int/sites/g/files/tmzbdl1461/files/reports/IOM%20Nigeria%20DTM%20Emergency%20Tracking%20Tool%20%28ETT%29%20Report%20No.178%20%20%2829%20June%20-%205%20July%202020%29.pdf,title:emergency tracking tool
1350,2020,2020-07-07,Incident / Flash Report,North Central; North West,,Nigeria — North Central & North West Flash Report (1 - 5 July 2020),https://dtm.iom.int/reports/nigeria-%E2%80%94-north-central-north-west-flash-report-1-5-july-2020,https://dtm.iom.int/sites/g/files/tmzbdl1461/files/reports/IOM%20Nigeria%20DTM%20Flash%20Report%20NCNW%206%20July%202020.pdf,title:flash report
1351,2020,2020-07-07,Other / Unclassified,,,Nigeria — COVID-19 Point of Entry Monthly Dashboard (June 2020),https://dtm.iom.int/reports/nigeria-%E2%80%94-covid-19-point-entry-monthly-dashboard-june-2020,https://dtm.iom.int/sites/g/files/tmzbdl1461/files/reports/IOM%20Nigeria%20DTM%20COVID-19%20Point%20of%20Entry%20Dashboard%20%28June%202020%29.pdf,
1352,2020,2020-07-06,Other / Unclassified,,,Nigeria — COVID-19 Point of Entry Dashboard (27 June - 3 July 2020),https://dtm.iom.int/reports/nigeria-%E2%80%94-covid-19-point-entry-dashboard-27-june-3-july-2020,https://dtm.iom.int/sites/g/files/tmzbdl1461/files/reports/IOM%20Nigeria%20DTM%20COVID-19%20Point%20of%20Entry%20Dashboard%20%2827%20June%20-%203%20July%202020%29.pdf,
1353,2020,2020-07-04,Incident / Flash Report,,,Nigeria — Windstorm and Rainfall Damages to IDP Sites Flash Report (4 July 2020),https://dtm.iom.int/reports/nigeria-%E2%80%94-windstorm-and-rainfall-damages-idp-sites-flash-report-4-july-2020,https://dtm.iom.int/sites/g/files/tmzbdl1461/files/reports/Windstorm%20and%20Rainfall%20Damages%20to%20IDP%20Sites%20Flash%20Report%204%20July%202020%20.pdf,title:flash report
1354,2020,2020-07-02,Emergency Tracking Tool (ETT),,,Nigeria — Emergency Tracking Tool Report 177 (22 - 28 June 2020),https://dtm.iom.int/reports/nigeria-%E2%80%94-emergency-tracking-tool-report-177-22-28-june-2020,https://dtm.iom.int/sites/g/files/tmzbdl1461/files/reports/IOM%20Nigeria%20DTM%20Emergency%20Tracking%20Tool%20%28ETT%29%20Report%20No.177%20%20%2822%20-%2028%20June%202020%29.pdf,title:emergency tracking tool
1355,2020,2020-06-29,Incident / Flash Report,North Central; North West,,Nigeria — North Central & North West Flash Report (22 - 26 June 2020),https://dtm.iom.int/reports/nigeria-%E2%80%94-north-central-north-west-flash-report-22-26-june-2020,https://dtm.iom.int/sites/g/files/tmzbdl1461/files/reports/IOM%20Nigeria%20DTM%20Flash%20Report%20NCNW%2026%20June%202020_0.pdf,title:flash report
1356,2020,2020-06-29,Flow Monitoring (migrants) – extra category,,,Nigeria — Flow Monitoring Dashboard 39 (May 2020),https://dtm.iom.int/reports/nigeria-%E2%80%94-flow-monitoring-dashboard-39-may-2020,https://dtm.iom.int/sites/g/files/tmzbdl1461/files/reports/Nigeria%20-%20Flow%20Monitoring%20Dashboard%2039%20May%202020.pdf,title:flow monitoring
1357,2020,2020-06-28,Emergency Tracking Tool (ETT),,,Nigeria — Emergency Tracking Tool Mid-Year Report (1 January - 14 June 2020),https://dtm.iom.int/reports/nigeria-%E2%80%94-emergency-tracking-tool-mid-year-report-1-january-14-june-2020,https://dtm.iom.int/sites/g/files/tmzbdl1461/files/reports/ETT%20Mid-Year%20Report%20%281%20JANUARY%20-%2014%20JUNE%202020%29_0.pdf,title:emergency tracking tool
1358,2020,2020-06-25,Emergency Tracking Tool (ETT),,,Nigeria — Emergency Tracking Tool Report 176 (15 - 21 June 2020),https://dtm.iom.int/reports/nigeria-%E2%80%94-emergency-tracking-tool-report-176-15-21-june-2020,https://dtm.iom.int/sites/g/files/tmzbdl1461/files/reports/IOM%20Nigeria%20DTM%20Emergency%20Tracking%20Tool%20%28ETT%29%20Report%20No.176%20%20%2815%20-%2021%20June%202020%29.pdf,title:emergency tracking tool
1359,2020,2020-06-23,Incident / Flash Report,,,Nigeria — Windstorm And Rainfall Damages To IDP Sites Flash Report (22 June 2020),https://dtm.iom.int/reports/nigeria-%E2%80%94-windstorm-and-rainfall-damages-idp-sites-flash-report-22-june-2020,https://dtm.iom.int/sites/g/files/tmzbdl1461/files/reports/Windstorm%20and%20Rainfall%20Damages%20to%20IDP%20Sites%20Flash%20Report%20-%20Maiduguri%20%20%2822%20June%202020%29.pdf,title:flash report
1360,2020,2020-06-23,Incident / Flash Report,North Central; North West,,Nigeria — North Central & North West Flash Report (19 - 21 June 2020),https://dtm.iom.int/reports/nigeria-%E2%80%94-north-central-north-west-flash-report-19-21-june-2020,https://dtm.iom.int/sites/g/files/tmzbdl1461/files/reports/IOM%20Nigeria%20DTM%20Flash%20Report%20NCNW%2022%20June%202020.pdf,title:flash report
1361,2020,2020-06-23,Other / Unclassified,,,Nigeria — COVID-19 Point of Entry Dashboard (13 - 19 June 2020),https://dtm.iom.int/reports/nigeria-%E2%80%94-covid-19-point-entry-dashboard-13-19-june-2020,https://dtm.iom.int/sites/g/files/tmzbdl1461/files/reports/IOM%20Nigeria%20DTM%20COVID-19%20Point%20of%20Entry%20Dashboard%20%2813%20-%2019%20June%202020%29.pdf,
1362,2020,2020-06-19,Incident / Flash Report,,,Nigeria — Windstorm And Rainfall Damages To IDP Sites Flash Report (18 June 2020),https://dtm.iom.int/reports/nigeria-%E2%80%94-windstorm-and-rainfall-damages-idp-sites-flash-report-18-june-2020,https://dtm.iom.int/sites/g/files/tmzbdl1461/files/reports/Windstorm%20and%20Rainfall%20Damages%20to%20IDP%20Sites%20Flash%20Report%20%20%2818%20June%202020%29.pdf,title:flash report
1363,2020,2020-06-18,Emergency Tracking Tool (ETT),,,Nigeria — Emergency Tracking Tool Report 175 (8 - 14 June 2020),https://dtm.iom.int/reports/nigeria-%E2%80%94-emergency-tracking-tool-report-175-8-14-june-2020,https://dtm.iom.int/sites/g/files/tmzbdl1461/files/reports/IOM%20Nigeria%20DTM%20Emergency%20Tracking%20Tool%20%28ETT%29%20Report%20No.175%20%20%288%20-%2014%20June%202020%29.pdf,title:emergency tracking tool
1364,2020,2020-06-16,Incident / Flash Report,,,Nigeria — Windstorm And Rainfall Damages To IDP Sites Flash Report (15 June 2020),https://dtm.iom.int/reports/nigeria-%E2%80%94-windstorm-and-rainfall-damages-idp-sites-flash-report-15-june-2020,https://dtm.iom.int/sites/g/files/tmzbdl1461/files/reports/Windstorm%20and%20Rainfall%20Damages%20to%20IDP%20Sites%20Flash%20Report%20%20%2815%20June%202020%29.pdf,title:flash report
1365,2020,2020-06-16,Other / Unclassified,,,Nigeria — COVID-19 Point of Entry Dashboard (6 - 12 June 2020),https://dtm.iom.int/reports/nigeria-%E2%80%94-covid-19-point-entry-dashboard-6-12-june-2020,https://dtm.iom.int/sites/g/files/tmzbdl1461/files/reports/IOM%20Nigeria%20DTM%20COVID-19%20Point%20of%20Entry%20Dashboard%20%286%20-%2012%20June%202020%29.pdf,
1366,2020,2020-06-15,Incident / Flash Report,North Central; North West,,Nigeria — North Central & North West Flash Report (15 June 2020),https://dtm.iom.int/reports/nigeria-%E2%80%94-north-central-north-west-flash-report-15-june-2020,https://dtm.iom.int/sites/g/files/tmzbdl1461/files/reports/IOM%20Nigeria%20DTM%20Flash%20Report%20NCNW%2015%20June%202020.pdf,title:flash report
1367,2020,2020-06-15,Incident / Flash Report,North Central; North West,,Nigeria — North Central & North West Flash Report (13 June 2020),https://dtm.iom.int/reports/nigeria-%E2%80%94-north-central-north-west-flash-report-13-june-2020,https://dtm.iom.int/sites/g/files/tmzbdl1461/files/reports/IOM%20Nigeria%20DTM%20Flash%20Report%20NCNW%2013%20June%202020.pdf,title:flash report
1368,2020,2020-06-11,Emergency Tracking Tool (ETT),,,Nigeria — Emergency Tracking Tool Report 174 (1 - 7 June 2020),https://dtm.iom.int/reports/nigeria-%E2%80%94-emergency-tracking-tool-report-174-1-7-june-2020,https://dtm.iom.int/sites/g/files/tmzbdl1461/files/reports/IOM%20Nigeria%20DTM%20Emergency%20Tracking%20Tool%20%28ETT%29%20Report%20No.174%20%20%281%20-%207%20June%202020%29.pdf,title:emergency tracking tool
1369,2020,2020-06-09,Incident / Flash Report,,,Nigeria — Windstorm And Rainfall Damages To IDP Sites Flash Report (9 June 2020),https://dtm.iom.int/reports/nigeria-%E2%80%94-windstorm-and-rainfall-damages-idp-sites-flash-report-9-june-2020,https://dtm.iom.int/sites/g/files/tmzbdl1461/files/reports/Windstorm%20and%20Rainfall%20Damages%20to%20IDP%20Sites%20Flash%20Report%20%20%2809%20June%202020%29.pdf,title:flash report
1370,2020,2020-06-09,Other / Unclassified,,,Nigeria — COVID-19 Point of Entry Monthly Dashboard (May 2020),https://dtm.iom.int/reports/nigeria-%E2%80%94-covid-19-point-entry-monthly-dashboard-may-2020,https://dtm.iom.int/sites/g/files/tmzbdl1461/files/reports/IOM%20Nigeria%20DTM%20COVID-19%20Point%20of%20Entry%20Dashboard%20%28May%202020%29.pdf,
1371,2020,2020-06-09,Other / Unclassified,,,Nigeria — COVID-19 Point of Entry Dashboard (30 May - 5 June 2020),https://dtm.iom.int/reports/nigeria-%E2%80%94-covid-19-point-entry-dashboard-30-may-5-june-2020,https://dtm.iom.int/sites/g/files/tmzbdl1461/files/reports/IOM%20Nigeria%20DTM%20COVID-19%20Point%20of%20Entry%20Dashboard%20%2830%20May%20-%205%20June%202020%29.pdf,
1372,2020,2020-06-06,Incident / Flash Report,,,Nigeria — Windstorm and Rainfall Damages to IDP Sites Flash Report (5 June 2020),https://dtm.iom.int/reports/nigeria-%E2%80%94-windstorm-and-rainfall-damages-idp-sites-flash-report-5-june-2020,https://dtm.iom.int/sites/g/files/tmzbdl1461/files/reports/Windstorm%20and%20Rainfall%20Damages%20to%20IDP%20Sites%20Flash%20Report%205%20June%202020.pdf,title:flash report
1373,2020,2020-06-05,Incident / Flash Report,North Central; North West,,Nigeria — North Central & North West Flash Report (4 June 2020),https://dtm.iom.int/reports/nigeria-%E2%80%94-north-central-north-west-flash-report-4-june-2020,https://dtm.iom.int/sites/g/files/tmzbdl1461/files/reports/IOM%20Nigeria%20DTM%20Flash%20Report%20NCNW%204%20June%202020.pdf,title:flash report
1374,2020,2020-06-04,Emergency Tracking Tool (ETT),North East,Adamawa; Borno,Nigeria — Emergency Tracking Tool Report 173 (25 - 31 May 2020),https://dtm.iom.int/reports/nigeria-%E2%80%94-emergency-tracking-tool-report-173-25-31-may-2020,https://dtm.iom.int/sites/g/files/tmzbdl1461/files/reports/IOM%20Nigeria%20DTM%20Emergency%20Tracking%20Tool%20%28ETT%29%20Report%20No.173%20%2825%20-%2031%20May%202020%29%20.pdf,title:emergency tracking tool
1375,2020,2020-06-04,Emergency Tracking Tool (ETT),,,Nigeria — Emergency Tracking Tool Report 173 (25 - 31 May 2020),https://dtm.iom.int/reports/nigeria-%E2%80%94-emergency-tracking-tool-report-173-25-31-may-2020-0,https://dtm.iom.int/sites/g/files/tmzbdl1461/files/reports/IOM%20Nigeria%20DTM%20Emergency%20Tracking%20Tool%20%28ETT%29%20Report%20No.173%20%2825%20-%2031%20May%202020%29%20_0.pdf,title:emergency tracking tool
1376,2020,2020-06-03,Incident / Flash Report,North Central; North West,,Nigeria — North Central & North West Flash Report (June 2020),https://dtm.iom.int/reports/nigeria-%E2%80%94-north-central-north-west-flash-report-june-2020,https://dtm.iom.int/sites/g/files/tmzbdl1461/files/reports/North%20Central%20%26%20North%20West%20Flash%20Report%20%28June%202020%29.pdf,title:flash report
1377,2020,2020-06-02,Other / Unclassified,North East,Adamawa; Borno,Nigeria — COVID-19 Point of Entry Dashboard (23 - 29 May 2020),https://dtm.iom.int/reports/nigeria-%E2%80%94-covid-19-point-entry-dashboard-23-29-may-2020,https://dtm.iom.int/sites/g/files/tmzbdl1461/files/reports/IOM%20Nigeria%20DTM%20COVID-19%20Point%20of%20Entry%20Dashboard%20%2823%20-%2029%20May%202020%29.pdf,
1378,2020,2020-05-28,Emergency Tracking Tool (ETT),,,Nigeria — Emergency Tracking Tool Report 172 (18 - 24 May 2020),https://dtm.iom.int/reports/nigeria-%E2%80%94-emergency-tracking-tool-report-172-18-24-may-2020,https://dtm.iom.int/sites/g/files/tmzbdl1461/files/reports/IOM%20Nigeria%20DTM%20Emergency%20Tracking%20Tool%20%28ETT%29%20Report%20No.172%20%2818%20-%2024%20May%202020%20%29%20.pdf,title:emergency tracking tool
1379,2020,2020-05-27,Incident / Flash Report,,,Nigeria — Windstorm and Rainfall Damages to IDP Sites Flash Report (26 May 2020),https://dtm.iom.int/reports/nigeria-%E2%80%94-windstorm-and-rainfall-damages-idp-sites-flash-report-26-may-2020,https://dtm.iom.int/sites/g/files/tmzbdl1461/files/reports/Windstorm%20and%20Rainfall%20Damages%20to%20IDP%20Sites%20Flash%20Report%20%20%2826%20May%202020%29.pdf,title:flash report
1380,2020,2020-05-26,Flow Monitoring (migrants) – extra category,North Central,Niger,Nigeria — Flow Monitoring Dashboard 38 (April 2020),https://dtm.iom.int/reports/nigeria-%E2%80%94-flow-monitoring-dashboard-38-april-2020,https://dtm.iom.int/sites/g/files/tmzbdl1461/files/reports/Nigeria%20-%20Flow%20Monitoring%20Dashboard%2038%20April%202020.pdf,title:flow monitoring
1381,2020,2020-05-26,Other / Unclassified,,,Nigeria — COVID-19 Point Of Entry Dashboard (8 - 15 May 2020),https://dtm.iom.int/reports/nigeria-%E2%80%94-covid-19-point-entry-dashboard-8-15-may-2020,https://dtm.iom.int/sites/g/files/tmzbdl1461/files/reports/IOM%20Nigeria%20DTM%20COVID-19%20Point%20of%20Entry%20Dashboard%20%2808%20-%2015%20May%202020%29.pdf,
1382,2020,2020-05-26,Other / Unclassified,,,Nigeria — COVID-19 Point Of Entry Dashboard (16 - 22 May 2020),https://dtm.iom.int/reports/nigeria-%E2%80%94-covid-19-point-entry-dashboard-16-22-may-2020,https://dtm.iom.int/sites/g/files/tmzbdl1461/files/reports/IOM%20Nigeria%20DTM%20COVID-19%20Point%20of%20Entry%20Dashboard%20%2816%20-%2022%20May%202020%29.pdf,
1383,2020,2020-05-26,Other / Unclassified,,,Nigeria — COVID-19 Point Of Entry Dashboard (16 - 22 May 2020),https://dtm.iom.int/reports/nigeria-%E2%80%94-covid-19-point-entry-dashboard-16-22-may-2020-0,https://dtm.iom.int/sites/g/files/tmzbdl1461/files/reports/IOM%20Nigeria%20DTM%20COVID-19%20Point%20of%20Entry%20Dashboard%20%2816%20-%2022%20May%202020%29.pdf,
1384,2020,2020-05-26,Incident / Flash Report,,,Nigeria – GSSSS Monguno Fire Outbreak Flash Report (24 May 2020),https://dtm.iom.int/reports/nigeria-%E2%80%93-gssss-monguno-fire-outbreak-flash-report-24-may-2020,https://dtm.iom.int/sites/g/files/tmzbdl1461/files/reports/GSSSS%20Monguno%20Fire%20Outbreak.pdf,title:flash report
1385,2020,2020-05-25,Other / Unclassified,North East,Adamawa; Borno; Yobe; Gombe; Taraba; Bauchi,Nigeria — COVID-19 Situational Analysis: North East (May 2020),https://dtm.iom.int/reports/nigeria-%E2%80%94-covid-19-situational-analysis-north-east-may-2020,https://dtm.iom.int/sites/g/files/tmzbdl1461/files/reports/COVID-19%20Situation%20Analysis%20-%20Northeast%20Nigeria_0.pdf,
1386,2020,2020-05-22,Emergency Tracking Tool (ETT),,,Nigeria — Emergency Tracking Tool Report 171 (11 - 17 May 2020),https://dtm.iom.int/reports/nigeria-%E2%80%94-emergency-tracking-tool-report-171-11-17-may-2020,https://dtm.iom.int/sites/g/files/tmzbdl1461/files/reports/IOM%20Nigeria%20DTM%20Emergency%20Tracking%20Tool%20%28ETT%29%20Report%20No.171%20%2811%20-%2017%20May%202020%29.pdf,title:emergency tracking tool
1387,2020,2020-05-15,Emergency Tracking Tool (ETT),,,Nigeria — Emergency Tracking Tool Report 170 (4 - 10 May 2020),https://dtm.iom.int/reports/nigeria-%E2%80%94-emergency-tracking-tool-report-170-4-10-may-2020,https://dtm.iom.int/sites/g/files/tmzbdl1461/files/reports/IOM%20Nigeria%20DTM%20Emergency%20Tracking%20Tool%20%28ETT%29%20Report%20No.170%20%284%20-%2010%20May%202020%29%20.pdf,title:emergency tracking tool
1388,2020,2020-05-14,Other / Unclassified,,,Nigeria — COVID-19 Point of Entry Dashboard (29 April - 7 May 2020),https://dtm.iom.int/reports/nigeria-%E2%80%94-covid-19-point-entry-dashboard-29-april-7-may-2020,https://dtm.iom.int/sites/g/files/tmzbdl1461/files/reports/FMP%20COVID-19%20DASHBOARD.pdf,
1389,2020,2020-05-08,Emergency Tracking Tool (ETT),,,Nigeria — Emergency Tracking Tool Report 169 (27 April - 3 May 2020),https://dtm.iom.int/reports/nigeria-%E2%80%94-emergency-tracking-tool-report-169-27-april-3-may-2020,https://dtm.iom.int/sites/g/files/tmzbdl1461/files/reports/IOM%20Nigeria%20DTM%20Emergency%20Tracking%20Tool%20%28ETT%29%20Report%20No.169%20%2827%20April%20%20-%203%20May%202020%29.pdf,title:emergency tracking tool
1390,2020,2020-05-06,Flow Monitoring (migrants) – extra category,North Central,Niger,Nigeria — Flow Monitoring Dashboard 37 (March 2020),https://dtm.iom.int/reports/nigeria-%E2%80%94-flow-monitoring-dashboard-37-march-2020,https://dtm.iom.int/sites/g/files/tmzbdl1461/files/reports/Nigeria%20-%20Flow%20Monitoring%20Dashboard%2037%20March%202020.pdf,title:flow monitoring
1391,2020,2020-05-01,Emergency Tracking Tool (ETT),,,Nigeria — Emergency Tracking Tool Report 168 (20 - 26 April 2020),https://dtm.iom.int/reports/nigeria-%E2%80%94-emergency-tracking-tool-report-168-20-26-april-2020,https://dtm.iom.int/sites/g/files/tmzbdl1461/files/reports/IOM%20Nigeria%20DTM%20Emergency%20Tracking%20Tool%20%28ETT%29%20Report%20No.168%20%2820%20-%2026%20April%202020%29%20.pdf,title:emergency tracking tool
1392,2020,2020-04-30,Mobility Tracking – IDP & Returnee Atlas,,,Nigeria — Site Assessment Dashboard 31 (February 2020),https://dtm.iom.int/reports/nigeria-%E2%80%94-site-assessment-dashboard-31-february-2020,https://dtm.iom.int/sites/g/files/tmzbdl1461/files/reports/DTM%20Nigeria%20Round%2031%20Dashboard%20of%20Site%20Assessment_0.pdf,title:site assessment
1393,2020,2020-04-30,Mobility Tracking – IDP & Returnee Atlas,,,Nigeria — List Of Wards Assessed 31 (February 2020),https://dtm.iom.int/reports/nigeria-%E2%80%94-list-wards-assessed-31-february-2020,https://dtm.iom.int/sites/g/files/tmzbdl1461/files/reports/DTM%20R31%20WARDS%20ASSESSED.pdf,title:list of wards assessed
1394,2020,2020-04-30,Mobility Tracking – IDP & Returnee Atlas,,,Nigeria — List Of Displacement Sites Assessed 31 (February 2020),https://dtm.iom.int/reports/nigeria-%E2%80%94-list-displacement-sites-assessed-31-february-2020,https://dtm.iom.int/sites/g/files/tmzbdl1461/files/reports/DTM%20R31%20SITES%20ASSESSED.pdf,title:list of displacement sites
1395,2020,2020-04-30,Mobility Tracking – IDP & Returnee Atlas,,,Nigeria — IDP Population Variation Dashboard 31 (Febraury 2020),https://dtm.iom.int/reports/nigeria-%E2%80%94-idp-population-variation-dashboard-31-febraury-2020,https://dtm.iom.int/sites/g/files/tmzbdl1461/files/reports/Nigeria%20-%20DTM%20%20Round%2031%20Dashboard%20of%20IDP%20Population%20Variation.pdf,title:idp population variation
1396,2020,2020-04-30,Mobility Tracking – IDP & Returnee Atlas,,,Nigeria — Displacement Report 31 (February 2020),https://dtm.iom.int/reports/nigeria-%E2%80%94-displacement-report-31-february-2020,https://dtm.iom.int/sites/g/files/tmzbdl1461/files/reports/Nigeria%20-%20Displacement%20Report%2031%20%28February%202020%29.pdf,title:displacement report
1397,2020,2020-04-30,Mobility Tracking – IDP & Returnee Atlas,,,Nigeria — Displacement Dashboard 31 (February 2020),https://dtm.iom.int/reports/nigeria-%E2%80%94-displacement-dashboard-31-february-2020,https://dtm.iom.int/sites/g/files/tmzbdl1461/files/reports/Nigeria%20-%20DTM%20%20Round%2031%20Baseline%20Dashboard.pdf,title:displacement dashboard
1398,2020,2020-04-23,Emergency Tracking Tool (ETT),,,Nigeria — Emergency Tracking Tool Report 167 (13 - 19 April 2020),https://dtm.iom.int/reports/nigeria-%E2%80%94-emergency-tracking-tool-report-167-13-19-april-2020,https://dtm.iom.int/sites/g/files/tmzbdl1461/files/reports/IOM%20Nigeria%20DTM%20Emergency%20Tracking%20Tool%20%28ETT%29%20Report%20No.167%20%2813%20-%2019%20April%202020%29.pdf,title:emergency tracking tool
1399,2020,2020-04-20,Emergency Tracking Tool (ETT),,,Nigeria — Emergency Tracking Tool Quarterly Report (January - March 2020),https://dtm.iom.int/reports/nigeria-%E2%80%94-emergency-tracking-tool-quarterly-report-january-march-2020,https://dtm.iom.int/sites/g/files/tmzbdl1461/files/reports/Nigeria%20-%20Emergency%20Tracking%20Tool%20Quarterly%20Report%20%28January%20-%20March%202020%29_0.pdf,title:emergency tracking tool
1400,2020,2020-04-17,Emergency Tracking Tool (ETT),,,Nigeria — Emergency Tracking Tool Report 166 (6 - 12 April 2020),https://dtm.iom.int/reports/nigeria-%E2%80%94-emergency-tracking-tool-report-166-6-12-april-2020,https://dtm.iom.int/sites/g/files/tmzbdl1461/files/reports/IOM%20Nigeria%20DTM%20Emergency%20Tracking%20Tool%20%28ETT%29%20Report%20No.166%20%286%20-%2012%20April%202020%29.pdf,title:emergency tracking tool
1401,2020,2020-04-10,Emergency Tracking Tool (ETT),North East,Adamawa; Borno,Nigeria — Emergency Tracking Tool Report 165 (30  March – 5 April  2020),https://dtm.iom.int/reports/nigeria-%E2%80%94-emergency-tracking-tool-report-165-30-march-%E2%80%93-5-april-2020,https://dtm.iom.int/sites/g/files/tmzbdl1461/files/reports/IOM%20Nigeria%20DTM%20Emergency%20Tracking%20Tool%20%28ETT%29%20Report%20No.165%20%2830%20March%20-%205%20April%202020%29.pdf,title:emergency tracking tool
1402,2020,2020-04-03,Flow Monitoring (migrants) – extra category,North Central,Niger,Nigeria — Flow Monitoring Dashboard 36 (February 2020),https://dtm.iom.int/reports/nigeria-%E2%80%94-flow-monitoring-dashboard-36-february-2020,https://dtm.iom.int/sites/g/files/tmzbdl1461/files/reports/Nigeria%20-%20Flow%20Monitoring%20Dashboard%2036%20February%202020.pdf,title:flow monitoring
1403,2020,2020-04-03,Emergency Tracking Tool (ETT),,,Nigeria — Emergency Tracking Tool Report 164 (23 - 29 March 2020),https://dtm.iom.int/reports/nigeria-%E2%80%94-emergency-tracking-tool-report-164-23-29-march-2020,https://dtm.iom.int/sites/g/files/tmzbdl1461/files/reports/IOM%20Nigeria%20DTM%20Emergency%20Tracking%20Tool%20%28ETT%29%20Report%20No.164%20%2823%20-%2029%20March%202020%29.pdf,title:emergency tracking tool
1404,2020,2020-03-26,Emergency Tracking Tool (ETT),,,Nigeria — Emergency Tracking Tool Report 163 (16 - 22 March 2020),https://dtm.iom.int/reports/nigeria-%E2%80%94-emergency-tracking-tool-report-163-16-22-march-2020,https://dtm.iom.int/sites/g/files/tmzbdl1461/files/reports/IOM%20Nigeria%20DTM%20Emergency%20Tracking%20Tool%20%28ETT%29%20Report%20No.163%20%2816%20-%2022%20March%202020%29%20.pdf,title:emergency tracking tool
1405,2020,2020-03-24,Incident / Flash Report,,,Nigeria — Fire Outbreak at Waterboard IDP Camp (23 March 2020),https://dtm.iom.int/reports/nigeria-%E2%80%94-fire-outbreak-waterboard-idp-camp-23-march-2020,https://dtm.iom.int/sites/g/files/tmzbdl1461/files/reports/Fire%20Outbreak%20at%20Waterboard%20IDP%20Camp.pdf,title:fire outbreak
1406,2020,2020-03-20,Emergency Tracking Tool (ETT),,,Nigeria — Emergency Tracking Tool Report 162 (9 - 15 February 2020),https://dtm.iom.int/reports/nigeria-%E2%80%94-emergency-tracking-tool-report-162-9-15-february-2020,https://dtm.iom.int/sites/g/files/tmzbdl1461/files/reports/IOM%20Nigeria%20DTM%20Emergency%20Tracking%20Tool%20%28ETT%29%20Report%20No.162%20%289%20-%2015%20March%202020%29%20.pdf,title:emergency tracking tool
1407,2020,2020-03-19,Incident / Flash Report,,,"Nigeria — NRC 1&2, GGSS and GSSSS Camps Fire Outbreak Flash Report (18 March 2020)",https://dtm.iom.int/reports/nigeria-%E2%80%94-nrc-12-ggss-and-gssss-camps-fire-outbreak-flash-report-18-march-2020,https://dtm.iom.int/sites/g/files/tmzbdl1461/files/reports/NRC%20GGSS%20%26%20GSSSS%20MONGUNO%20FIRE%20OUTBREAKS.pdf,title:flash report
1408,2020,2020-03-14,Incident / Flash Report,,,Nigeria — Waterboard IDP Camp Monguno Fire Outbreak Flash Report (12 March 2020),https://dtm.iom.int/reports/nigeria-%E2%80%94-waterboard-idp-camp-monguno-fire-outbreak-flash-report-12-march-2020,https://dtm.iom.int/sites/g/files/tmzbdl1461/files/reports/Waterboard%20IDP%20Camp%20Monguno%20Fire%20Outbreak.pdf,title:flash report
1409,2020,2020-03-14,Emergency Tracking Tool (ETT),,,Nigeria — Emergency Tracking Tool Report 161 (2 - 8 March 2020),https://dtm.iom.int/reports/nigeria-%E2%80%94-emergency-tracking-tool-report-161-2-8-march-2020,https://dtm.iom.int/sites/g/files/tmzbdl1461/files/reports/IOM%20Nigeria%20DTM%20Emergency%20Tracking%20Tool%20%28ETT%29%20Report%20No.161%20%282%20-%208%20March%202020%29%20.pdf,title:emergency tracking tool
1410,2020,2020-03-07,Mobility Tracking – IDP & Returnee Atlas,,,Nigeria — Site Assessment Dashboard 30 (December 2019),https://dtm.iom.int/reports/nigeria-%E2%80%94-site-assessment-dashboard-30-december-2019,https://dtm.iom.int/sites/g/files/tmzbdl1461/files/reports/DTM%20Nigeria%20Round%2030%20Dashboard%20of%20Site%20Assessment.pdf,title:site assessment
1411,2020,2020-03-07,Mobility Tracking – IDP & Returnee Atlas,,,Nigeria — List Of Wards Assessed 30 (December 2019),https://dtm.iom.int/reports/nigeria-%E2%80%94-list-wards-assessed-30-december-2019,https://dtm.iom.int/sites/g/files/tmzbdl1461/files/reports/List%20Of%20Wards%20Assessed%2030_0.pdf,title:list of wards assessed
1412,2020,2020-03-07,Mobility Tracking – IDP & Returnee Atlas,,,Nigeria — List Of Displacement Sites Assessed 30 (December 2019),https://dtm.iom.int/reports/nigeria-%E2%80%94-list-displacement-sites-assessed-30-december-2019,https://dtm.iom.int/sites/g/files/tmzbdl1461/files/reports/List%20Of%20Displacement%20Sites%20Assessed%2030.pdf,title:list of displacement sites
1413,2020,2020-03-07,Mobility Tracking – IDP & Returnee Atlas,,,Nigeria — IDP Population Variation Dashboard 30 (December 2019),https://dtm.iom.int/reports/nigeria-%E2%80%94-idp-population-variation-dashboard-30-december-2019,https://dtm.iom.int/sites/g/files/tmzbdl1461/files/reports/Nigeria%20-%20DTM%20%20Round%2030%20Dashboard%20of%20IDP%20Population%20Variation_0.pdf,title:idp population variation
1414,2020,2020-03-07,Mobility Tracking – IDP & Returnee Atlas,,,Nigeria — Displacement Report 30 (December 2019),https://dtm.iom.int/reports/nigeria-%E2%80%94-displacement-report-30-december-2019,https://dtm.iom.int/sites/g/files/tmzbdl1461/files/reports/DTM%20Nigeria%20Round%2030%20Report%20December%202019.pdf,title:displacement report
1415,2020,2020-03-07,Mobility Tracking – IDP & Returnee Atlas,North East,Adamawa; Borno; Yobe; Gombe; Taraba; Bauchi,Nigeria — Displacement Dashboard 30 (December 2019),https://dtm.iom.int/reports/nigeria-%E2%80%94-displacement-dashboard-30-december-2019,https://dtm.iom.int/sites/g/files/tmzbdl1461/files/reports/DTM%20Round%2030%20Dashboard.pdf,title:displacement dashboard
1416,2020,2020-03-06,Emergency Tracking Tool (ETT),,,Nigeria — Emergency Tracking Tool Report 160 (24 February - 1 March 2020),https://dtm.iom.int/reports/nigeria-%E2%80%94-emergency-tracking-tool-report-160-24-february-1-march-2020,https://dtm.iom.int/sites/g/files/tmzbdl1461/files/reports/IOM%20Nigeria%20DTM%20Emergency%20Tracking%20Tool%20%28ETT%29%20Report%20No.160%20%2824%20February%20-%201%20March%202020%29%20.pdf,title:emergency tracking tool
1417,2020,2020-02-28,Emergency Tracking Tool (ETT),,,Nigeria — Emergency Tracking Tool Report 159 (17 - 23 February 2020),https://dtm.iom.int/reports/nigeria-%E2%80%94-emergency-tracking-tool-report-159-17-23-february-2020,https://dtm.iom.int/sites/g/files/tmzbdl1461/files/reports/IOM%20Nigeria%20DTM%20Emergency%20Tracking%20Tool%20%28ETT%29%20Report%20No.159%20%2817%20-%2023%20February%202020%29%20.pdf,title:emergency tracking tool
1418,2020,2020-02-20,Emergency Tracking Tool (ETT),,,Nigeria — Emergency Tracking Tool Report 158 (10 - 16 February 2020),https://dtm.iom.int/reports/nigeria-%E2%80%94-emergency-tracking-tool-report-158-10-16-february-2020,https://dtm.iom.int/sites/g/files/tmzbdl1461/files/reports/IOM%20Nigeria%20DTM%20Emergency%20Tracking%20Tool%20%28ETT%29%20Report%20No.158%20%2810%20-%2016%20February%202020%29%20.pdf,title:emergency tracking tool
1419,2020,2020-02-18,Flow Monitoring (migrants) – extra category,North Central,Niger,Nigeria — Flow Monitoring Dashboard 35 (January 2020),https://dtm.iom.int/reports/nigeria-%E2%80%94-flow-monitoring-dashboard-35-january-2020,https://dtm.iom.int/sites/g/files/tmzbdl1461/files/reports/PowerPoint%20Presentation.pdf,title:flow monitoring
1420,2020,2020-02-14,Emergency Tracking Tool (ETT),,,Nigeria — Emergency Tracking Tool Report 157 (3 - 9 February 2020),https://dtm.iom.int/reports/nigeria-%E2%80%94-emergency-tracking-tool-report-157-3-9-february-2020,https://dtm.iom.int/sites/g/files/tmzbdl1461/files/reports/IOM%20Nigeria%20DTM%20Emergency%20Tracking%20Tool%20%28ETT%29%20Report%20No.157%20%283%20-%209%20February%202020%29%20.pdf,title:emergency tracking tool
1421,2020,2020-02-06,Emergency Tracking Tool (ETT),,,Nigeria — Emergency Tracking Tool Report 156 (27 January - 2 February 2020),https://dtm.iom.int/reports/nigeria-%E2%80%94-emergency-tracking-tool-report-156-27-january-2-february-2020,https://dtm.iom.int/sites/g/files/tmzbdl1461/files/reports/IOM%20Nigeria%20DTM%20Emergency%20Tracking%20Tool%20%28ETT%29%20Report%20No.156%20%2827%20January%20-%202%20February%202020%29%20_0.pdf,title:emergency tracking tool
1422,2020,2020-01-31,Emergency Tracking Tool (ETT),,,Nigeria — Emergency Tracking Tool Report 155 (20 - 26 January 2020),https://dtm.iom.int/reports/nigeria-%E2%80%94-emergency-tracking-tool-report-155-20-26-january-2020,https://dtm.iom.int/sites/g/files/tmzbdl1461/files/reports/IOM%20Nigeria%20DTM%20Emergency%20Tracking%20Tool%20%28ETT%29%20Report%20No.155%20%2820%20-%2026%20January%202020%29%20.pdf,title:emergency tracking tool
1423,2020,2020-01-23,Emergency Tracking Tool (ETT),,,Nigeria — Emergency Tracking Tool Report 154 (13 - 19 January 2020),https://dtm.iom.int/reports/nigeria-%E2%80%94-emergency-tracking-tool-report-154-13-19-january-2020,https://dtm.iom.int/sites/g/files/tmzbdl1461/files/reports/IOM%20Nigeria%20DTM%20Emergency%20Tracking%20Tool%20%28ETT%29%20Report%20No.154%20%2813%20-%2019%20January%202020%29%20.pdf,title:emergency tracking tool
1424,2020,2020-01-21,Biometric Registration Report,,,Nigeria — Monguno Host Communities Biometric Registration Update (November 2019),https://dtm.iom.int/reports/nigeria-%E2%80%94-monguno-host-communities-biometric-registration-update-november-2019,https://dtm.iom.int/sites/g/files/tmzbdl1461/files/reports/Monguno%20Host%20Communities%20Biometric%20Registration%20Update%20.pdf,title:biometric
1425,2020,2020-01-21,Biometric Registration Report,,,Nigeria — Monguno Camps Biometric Registration Update (November 2019),https://dtm.iom.int/reports/nigeria-%E2%80%94-monguno-camps-biometric-registration-update-november-2019,https://dtm.iom.int/sites/g/files/tmzbdl1461/files/reports/Monguno%20Camps%20Biometric%20Registration%20Update%20.pdf,title:biometric
1426,2020,2020-01-21,Emergency Tracking Tool (ETT),North East,Adamawa; Borno,Nigeria — Emergency Tracking Tool Quarterly Report (October - December 2019),https://dtm.iom.int/reports/nigeria-%E2%80%94-emergency-tracking-tool-quarterly-report-october-december-2019,https://dtm.iom.int/sites/g/files/tmzbdl1461/files/reports/Nigeria%20-%20Emergency%20Tracking%20Tool%20Quarterly%20Report%20%28October%20-%20December%202019%29.pdf,title:emergency tracking tool
1427,2020,2020-01-20,Mobility Tracking – IDP & Returnee Atlas,North Central; North West,,Nigeria — North Central And North West Zones Displacement Report 3 (December 2019),https://dtm.iom.int/reports/nigeria-%E2%80%94-north-central-and-north-west-zones-displacement-report-3-december-2019,https://dtm.iom.int/sites/g/files/tmzbdl1461/files/reports/North%20Central%20and%20North%20West%20Report%20R3.pdf,title:displacement report
1428,2020,2020-01-17,Flow Monitoring (migrants) – extra category,North Central,Niger,Nigeria — Flow Monitoring Dashboard 34 (December 2019),https://dtm.iom.int/reports/nigeria-%E2%80%94-flow-monitoring-dashboard-34-december-2019,https://dtm.iom.int/sites/g/files/tmzbdl1461/files/reports/Nigeria%20-%20Flow%20Monitoring%20Dashboard%2034%20December%202019.pdf,title:flow monitoring
1429,2020,2020-01-17,Emergency Tracking Tool (ETT),North East,Adamawa; Borno,Nigeria — Emergency Tracking Tool Report 153 (6 - 12 January 2020),https://dtm.iom.int/reports/nigeria-%E2%80%94-emergency-tracking-tool-report-153-6-12-january-2020,https://dtm.iom.int/sites/g/files/tmzbdl1461/files/reports/IOM%20Nigeria%20DTM%20Emergency%20Tracking%20Tool%20%28ETT%29%20Report%20No.153%20%286%20-%2012%20January%202020%29.pdf,title:emergency tracking tool
1430,2020,2020-01-11,Incident / Flash Report,,,Nigeria — Attack on GSSSS Monguno Flash Report (9 January 2020),https://dtm.iom.int/reports/nigeria-%E2%80%94-attack-gssss-monguno-flash-report-9-january-2020,https://dtm.iom.int/sites/g/files/tmzbdl1461/files/reports/Attack%20on%20GSSSS%20Monguno.pdf,title:flash report
1431,2020,2020-01-10,Emergency Tracking Tool (ETT),,,Nigeria — Emergency Tracking Tool Report 152 (30 December 2019 – 5 January 2020),https://dtm.iom.int/reports/nigeria-%E2%80%94-emergency-tracking-tool-report-152-30-december-2019-%E2%80%93-5-january-2020,https://dtm.iom.int/sites/g/files/tmzbdl1461/files/reports/IOM%20Nigeria%20DTM%20Emergency%20Tracking%20Tool%20%28ETT%29%20Report%20No.152%20%2830%20December%202019%20-%205%20January%202020%29.pdf,title:emergency tracking tool
1432,2020,2020-01-05,Emergency Tracking Tool (ETT),,,Nigeria — Emergency Tracking Tool Report 151 (23 - 29 December 2019),https://dtm.iom.int/reports/nigeria-%E2%80%94-emergency-tracking-tool-report-151-23-29-december-2019,https://dtm.iom.int/sites/g/files/tmzbdl1461/files/reports/IOM%20Nigeria%20DTM%20Emergency%20Tracking%20Tool%20%28ETT%29%20Report%20No.151%20%2823%20-%2029%20December%202019%29%20.pdf,title:emergency tracking tool
1433,2019,2019-12-30,Mobility Tracking – IDP & Returnee Atlas,,,Nigeria — Displacement Report 29 (November 2019),https://dtm.iom.int/reports/nigeria-%E2%80%94-displacement-report-29-november-2019,https://dtm.iom.int/sites/g/files/tmzbdl1461/files/reports/DTM%20Nigeria%20Round%2029%20Report%20November%202019_0.pdf,title:displacement report
1434,2019,2019-12-29,Mobility Tracking – IDP & Returnee Atlas,,,Nigeria — Site Assessment Dashboard 29 (November 2019),https://dtm.iom.int/reports/nigeria-%E2%80%94-site-assessment-dashboard-29-november-2019,https://dtm.iom.int/sites/g/files/tmzbdl1461/files/reports/DTM%20Nigeria%20Round%2029%20Dashboard%20of%20Site%20Assessment.pdf,title:site assessment
1435,2019,2019-12-29,Mobility Tracking – IDP & Returnee Atlas,,,Nigeria — List Of Wards Assessed 29 (November 2019),https://dtm.iom.int/reports/nigeria-%E2%80%94-list-wards-assessed-29-november-2019,https://dtm.iom.int/sites/g/files/tmzbdl1461/files/reports/List%20Of%20Wards%20Assessed%2029.pdf,title:list of wards assessed
1436,2019,2019-12-29,Mobility Tracking – IDP & Returnee Atlas,,,Nigeria — List Of Displacement Sites Assessed 29 (November 2019),https://dtm.iom.int/reports/nigeria-%E2%80%94-list-displacement-sites-assessed-29-november-2019,https://dtm.iom.int/sites/g/files/tmzbdl1461/files/reports/List%20Of%20Displacement%20Sites%20Assessed%2029.pdf,title:list of displacement sites
1437,2019,2019-12-29,Mobility Tracking – IDP & Returnee Atlas,,,Nigeria — IDP Population Variation Dashboard 29 (November 2019),https://dtm.iom.int/reports/nigeria-%E2%80%94-idp-population-variation-dashboard-29-november-2019,https://dtm.iom.int/sites/g/files/tmzbdl1461/files/reports/Nigeria%20-%20DTM%20%20Round%2029%20Dashboard%20of%20IDP%20Population%20Variation.pdf,title:idp population variation
1438,2019,2019-12-29,Mobility Tracking – IDP & Returnee Atlas,,,Nigeria — Displacement Dashboard 29 (November 2019),https://dtm.iom.int/reports/nigeria-%E2%80%94-displacement-dashboard-29-november-2019,https://dtm.iom.int/sites/g/files/tmzbdl1461/files/reports/DTM%20Round%2029%20Dashboard_0.pdf,title:displacement dashboard
1439,2019,2019-12-28,Emergency Tracking Tool (ETT),,,Nigeria — Emergency Tracking Tool Report 150 (16 - 22 December 2019),https://dtm.iom.int/reports/nigeria-%E2%80%94-emergency-tracking-tool-report-150-16-22-december-2019,https://dtm.iom.int/sites/g/files/tmzbdl1461/files/reports/IOM%20Nigeria%20DTM%20Emergency%20Tracking%20Tool%20%28ETT%29%20Report%20No.150%20%2816%20-%2022%20December%202019%29%20.pdf,title:emergency tracking tool
1440,2019,2019-12-24,Flow Monitoring (migrants) – extra category,North Central,Niger,Nigeria — Flow Monitoring Dashboard 33 (November 2019),https://dtm.iom.int/reports/nigeria-%E2%80%94-flow-monitoring-dashboard-33-november-2019,https://dtm.iom.int/sites/g/files/tmzbdl1461/files/reports/Nigeria%20-%20Flow%20Monitoring%20Dashboard%2033%20November%202019_0.pdf,title:flow monitoring
1441,2019,2019-12-19,Emergency Tracking Tool (ETT),,,Nigeria — Emergency Tracking Tool Report 149 (9 - 15 December 2019),https://dtm.iom.int/reports/nigeria-%E2%80%94-emergency-tracking-tool-report-149-9-15-december-2019,https://dtm.iom.int/sites/g/files/tmzbdl1461/files/reports/IOM%20Nigeria%20DTM%20Emergency%20Tracking%20Tool%20%28ETT%29%20Report%20No.149%20%289%20-%2015%20December%202019%29%20.pdf,title:emergency tracking tool
1442,2019,2019-12-13,Emergency Tracking Tool (ETT),,,Nigeria — Emergency Tracking Tool Report 148 (2 - 8 December 2019),https://dtm.iom.int/reports/nigeria-%E2%80%94-emergency-tracking-tool-report-148-2-8-december-2019,https://dtm.iom.int/sites/g/files/tmzbdl1461/files/reports/IOM%20Nigeria%20DTM%20Emergency%20Tracking%20Tool%20%28ETT%29%20Report%20No.148%20%282%20-%208%20December%202019%29%20.pdf,title:emergency tracking tool
1443,2019,2019-12-05,Emergency Tracking Tool (ETT),North East,Adamawa; Borno,Nigeria — Emergency Tracking Tool Report 147 (25 November - 1 December 2019),https://dtm.iom.int/reports/nigeria-%E2%80%94-emergency-tracking-tool-report-147-25-november-1-december-2019,https://dtm.iom.int/sites/g/files/tmzbdl1461/files/reports/IOM%20Nigeria%20DTM%20Emergency%20Tracking%20Tool%20%28ETT%29%20Report%20No.147%20%2825%20November%20-%201%20December%202019%29%20.pdf,title:emergency tracking tool
1444,2019,2019-11-28,Incident / Flash Report,,,Nigeria — Fulatari Camp and GGSS Monguno Fire Outbreaks Flash Report (27 November 2019),https://dtm.iom.int/reports/nigeria-%E2%80%94-fulatari-camp-and-ggss-monguno-fire-outbreaks-flash-report-27-november-2019,https://dtm.iom.int/sites/g/files/tmzbdl1461/files/reports/Fulatari%20Camp%20and%20GGSS%20Monguno%20Fire%20Outbreaks%20Flash%20Report%20%2827%20November%202019%29.pdf,title:flash report
1445,2019,2019-11-28,Emergency Tracking Tool (ETT),North East,Adamawa; Borno,Nigeria — Emergency Tracking Tool Report 146 (18 - 24 November 2019),https://dtm.iom.int/reports/nigeria-%E2%80%94-emergency-tracking-tool-report-146-18-24-november-2019,https://dtm.iom.int/sites/g/files/tmzbdl1461/files/reports/IOM%20Nigeria%20DTM%20Emergency%20Tracking%20Tool%20%28ETT%29%20Report%20No.146%20%2818%20-%2024%20November%202019%29.pdf,title:emergency tracking tool
1446,2019,2019-11-26,Incident / Flash Report,North East,Adamawa,Nigeria — Herdsmen and Farmers Clash in Adamawa Flash Report (25 November 2019),https://dtm.iom.int/reports/nigeria-%E2%80%94-herdsmen-and-farmers-clash-adamawa-flash-report-25-november-2019,https://dtm.iom.int/sites/g/files/tmzbdl1461/files/reports/Herdsmen%20and%20Farmers%20Clash%20in%20Adamawa%20Flash%20Report%20%2825%20November%202019%29_0.pdf,title:flash report
1447,2019,2019-11-25,Mobility Tracking – IDP & Returnee Atlas,North Central; North West,,Nigeria — North Central And North West Zones Displacement Report 2 (October 2019),https://dtm.iom.int/reports/nigeria-%E2%80%94-north-central-and-north-west-zones-displacement-report-2-october-2019,https://dtm.iom.int/sites/g/files/tmzbdl1461/files/reports/North%20Central%20%20North%20West%20zones%20Report%20Round%202%20%28October%202019%29_0.pdf,title:displacement report
1448,2019,2019-11-25,Mobility Tracking – IDP & Returnee Atlas,North Central; North West,,Nigeria - North Central And North West Zones List Of Wards Assessed Round 2 (October 2019),https://dtm.iom.int/reports/nigeria-north-central-and-north-west-zones-list-wards-assessed-round-2-october-2019,https://dtm.iom.int/sites/g/files/tmzbdl1461/files/reports/Nigeria%20-%20DTM%20R2%20North%20Central%20and%20North%20West%20List%20of%20Displacement%20Wards%20Assessed%20%28October%202019%29.pdf,title:list of wards assessed
1449,2019,2019-11-25,Mobility Tracking – IDP & Returnee Atlas,North Central; North West,,Nigeria - North Central And North West Zones List Of Displacement Sites Assessed Round 2 (October 2019),https://dtm.iom.int/reports/nigeria-north-central-and-north-west-zones-list-displacement-sites-assessed-round-2-october,https://dtm.iom.int/sites/g/files/tmzbdl1461/files/reports/Nigeria%20-%20DTM%20R2%20North%20Central%20and%20North%20West%20List%20of%20Displacement%20Sites%20Assessed%20%28October%202019%29.pdf,title:list of displacement sites
1450,2019,2019-11-22,Emergency Tracking Tool (ETT),North East,Adamawa; Borno,Nigeria — Emergency Tracking Tool Report 145 (11 - 17 November 2019),https://dtm.iom.int/reports/nigeria-%E2%80%94-emergency-tracking-tool-report-145-11-17-november-2019,https://dtm.iom.int/sites/g/files/tmzbdl1461/files/reports/IOM%20Nigeria%20DTM%20Emergency%20Tracking%20Tool%20%28ETT%29%20Report%20No.145%20%2811%20-%2017%20November%202019%29%20.pdf,title:emergency tracking tool
1451,2019,2019-11-20,Flow Monitoring (migrants) – extra category,North Central,Niger,Nigeria — Flow Monitoring Dashboard 32 (October 2019),https://dtm.iom.int/reports/nigeria-%E2%80%94-flow-monitoring-dashboard-32-october-2019,https://dtm.iom.int/sites/g/files/tmzbdl1461/files/reports/Nigeria%20-%20Flow%20Monitoring%20Dashboard%2032%20October%202019_2.pdf,title:flow monitoring
1452,2019,2019-11-20,Incident / Flash Report,North West,Zamfara,Nigeria — Banditry Attacks in Zamfara Flash Report (19 November 2019),https://dtm.iom.int/reports/nigeria-%E2%80%94-banditry-attacks-zamfara-flash-report-19-november-2019,https://dtm.iom.int/sites/g/files/tmzbdl1461/files/reports/Banditry%20Attacks%20in%20Zamfara%20Flash%20Report%20%2819%20November%202019%29.pdf,title:flash report
1453,2019,2019-11-17,Emergency Tracking Tool (ETT),North East,Adamawa; Borno,Nigeria — Emergency Tracking Tool Report 144 (4 - 10 November 2019),https://dtm.iom.int/reports/nigeria-%E2%80%94-emergency-tracking-tool-report-144-4-10-november-2019,https://dtm.iom.int/sites/g/files/tmzbdl1461/files/reports/IOM%20Nigeria%20DTM%20Emergency%20Tracking%20Tool%20%28ETT%29%20Report%20No.144%20%284%20-%2010%20November%202019%29.pdf,title:emergency tracking tool
1454,2019,2019-11-14,Incident / Flash Report,,,Nigeria — GSSSS Monguno Fire Outbreak Flash Report (10 November 2019),https://dtm.iom.int/reports/nigeria-%E2%80%94-gssss-monguno-fire-outbreak-flash-report-10-november-2019,https://dtm.iom.int/sites/g/files/tmzbdl1461/files/reports/GSSSS%20Monguno%20Fire%20Outbreak%20Flash%20Report%20%2810%20November%202019%29.pdf,title:flash report
1455,2019,2019-11-09,Emergency Tracking Tool (ETT),North East,Adamawa; Borno,Nigeria — Emergency Tracking Tool Report 143 (28 October - 3 November 2019),https://dtm.iom.int/reports/nigeria-%E2%80%94-emergency-tracking-tool-report-143-28-october-3-november-2019,https://dtm.iom.int/sites/g/files/tmzbdl1461/files/reports/IOM%20Nigeria%20DTM%20Emergency%20Tracking%20Tool%20%28ETT%29%20Report%20No.143%20%2828%20October%20-%203%20November%202019%29.pdf,title:emergency tracking tool
1456,2019,2019-11-01,Emergency Tracking Tool (ETT),North East,Adamawa; Borno,Nigeria — Emergency Tracking Tool Report 142 (21 - 27 October 2019),https://dtm.iom.int/reports/nigeria-%E2%80%94-emergency-tracking-tool-report-142-21-27-october-2019,https://dtm.iom.int/sites/g/files/tmzbdl1461/files/reports/IOM%20Nigeria%20DTM%20Emergency%20Tracking%20Tool%20%28ETT%29%20Report%20No.142%20%2821%20-%2027%20October%202019%29.pdf,title:emergency tracking tool
1457,2019,2019-10-29,Incident / Flash Report,North East,Adamawa,Nigeria — Flood in Adamawa State Flash Report (29 October 2019),https://dtm.iom.int/reports/nigeria-%E2%80%94-flood-adamawa-state-flash-report-29-october-2019,https://dtm.iom.int/sites/g/files/tmzbdl1461/files/reports/Flood%20in%20Adamawa%20State%20Flash%20Report%20%2829%20October%202019%29.pdf,title:flash report
1458,2019,2019-10-29,Other / Unclassified,,,"Nigeria – CMFS: The Role of Information, Smartphones and Apps in the Migration Process (2017)",https://dtm.iom.int/reports/nigeria-%E2%80%93-cmfs-role-information-smartphones-and-apps-migration-process-2017,https://dtm.iom.int/sites/g/files/tmzbdl1461/files/reports/CMFS%20Nigeria%20Information%20Smartphones%20and%20Apps.pdf,
1459,2019,2019-10-29,Other / Unclassified,,,Nigeria - CMFS: Modes of Travels and Migration Facilitators (2017),https://dtm.iom.int/reports/nigeria-cmfs-modes-travels-and-migration-facilitators-2017,https://dtm.iom.int/sites/g/files/tmzbdl1461/files/reports/CMFS%20Nigeria%20Modes%20of%20Travels%20and%20Migration%20Facilitators.pdf,
1460,2019,2019-10-29,Other / Unclassified,,,Nigeria - CMFS: Migration Drivers and Reasons for Migration to Europe (2017),https://dtm.iom.int/reports/nigeria-cmfs-migration-drivers-and-reasons-migration-europe-2017,https://dtm.iom.int/sites/g/files/tmzbdl1461/files/reports/CMFS%20Nigeria%20Migration%20Drivers%20and%20Reasons%20for%20Migration.pdf,
1461,2019,2019-10-29,Other / Unclassified,,,Nigeria - CMFS: Demographic and Economic Profile of Nigerian Migrants to Europe (2017),https://dtm.iom.int/reports/nigeria-cmfs-demographic-and-economic-profile-nigerian-migrants-europe-2016,https://dtm.iom.int/sites/g/files/tmzbdl1461/files/reports/CMFS%20Nigeria%20demographic%20and%20economic%20profile.pdf,
1462,2019,2019-10-24,Emergency Tracking Tool (ETT),North East,Adamawa; Borno,Nigeria — Emergency Tracking Tool Report 141 (14 - 20 October 2019),https://dtm.iom.int/reports/nigeria-%E2%80%94-emergency-tracking-tool-report-141-14-20-october-2019,https://dtm.iom.int/sites/g/files/tmzbdl1461/files/reports/IOM%20Nigeria%20DTM%20Emergency%20Tracking%20Tool%20%28ETT%29%20Report%20No.141%20%2814%20-%2020%20October%202019%29.pdf,title:emergency tracking tool
1463,2019,2019-10-24,Emergency Tracking Tool (ETT),,,Nigeria — Emergency Tracking Tool Quarterly Report (July - September 2019),https://dtm.iom.int/reports/nigeria-%E2%80%94-emergency-tracking-tool-quarterly-report-july-september-2019,https://dtm.iom.int/sites/g/files/tmzbdl1461/files/reports/Nigeria%20-%20Emergency%20Tracking%20Tool%20Report%20-%20Quarterly%20%28July%20-%20September%202019%29.pdf,title:emergency tracking tool
1464,2019,2019-10-17,Emergency Tracking Tool (ETT),North East,Adamawa; Borno,Nigeria — Emergency Tracking Tool Report 140 (7 - 13 October 2019),https://dtm.iom.int/reports/nigeria-%E2%80%94-emergency-tracking-tool-report-140-7-13-october-2019,https://dtm.iom.int/sites/g/files/tmzbdl1461/files/reports/IOM%20Nigeria%20DTM%20Emergency%20Tracking%20Tool%20%28ETT%29%20Report%20No.140%20%287%20-%2013%20october%202019%29.pdf,title:emergency tracking tool
1465,2019,2019-10-16,Flow Monitoring (migrants) – extra category,North West,Kano; Sokoto,Nigeria — Flow Monitoring Report 31 (September 2019),https://dtm.iom.int/reports/nigeria-%E2%80%94-flow-monitoring-report-31-september-2019,https://dtm.iom.int/sites/g/files/tmzbdl1461/files/reports/Nigeria%20-%20Flow%20Monitoring%20Dashboard%2031%20September%202019.pdf,title:flow monitoring
1466,2019,2019-10-16,Incident / Flash Report,North Central; North West,,Nigeria — Displacements in North-West and North-Central Flash Report (14 October 2019),https://dtm.iom.int/reports/nigeria-%E2%80%94-displacements-north-west-and-north-central-flash-report-14-october-2019,https://dtm.iom.int/sites/g/files/tmzbdl1461/files/reports/Displacements%20in%20North-West%20and%20North-Central%20Flash%20Report%20%2814%20October%202019%29.pdf,title:flash report
1467,2019,2019-10-11,Emergency Tracking Tool (ETT),North East,Adamawa; Borno,Nigeria — Emergency Tracking Tool Report 139 (30 September - 6 October 2019),https://dtm.iom.int/reports/nigeria-%E2%80%94-emergency-tracking-tool-report-139-30-september-6-october-2019,https://dtm.iom.int/sites/g/files/tmzbdl1461/files/reports/IOM%20Nigeria%20DTM%20Emergency%20Tracking%20Tool%20%28ETT%29%20Report%20No.139%20%2830%20September%20-%206%20October%202019%29.pdf,title:emergency tracking tool
1468,2019,2019-10-07,Incident / Flash Report,North East,Borno,Nigeria — Interim Significant Displacement Update (4 - 25 September 2019),https://dtm.iom.int/reports/nigeria-%E2%80%94-interim-significant-displacement-update-4-25-september-2019,https://dtm.iom.int/sites/g/files/tmzbdl1461/files/reports/Interim%20Significant%20Displacement%20Update%20%284%20-%2025%20September%202019%29.pdf,title:significant displacement update
1469,2019,2019-10-03,Emergency Tracking Tool (ETT),North East,Adamawa; Borno,Nigeria — Emergency Tracking Tool Report 138 (23 - 29 September 2019),https://dtm.iom.int/reports/nigeria-%E2%80%94-emergency-tracking-tool-report-138-23-29-september-2019,https://dtm.iom.int/sites/g/files/tmzbdl1461/files/reports/IOM%20Nigeria%20DTM%20Emergency%20Tracking%20Tool%20%28ETT%29%20Report%20No.138%20%2823%20-%2029%20September%202019%29.pdf,title:emergency tracking tool
1470,2019,2019-09-26,Emergency Tracking Tool (ETT),North East,Adamawa; Borno,Nigeria — Emergency Tracking Tool Report 137 (16 - 22 September 2019),https://dtm.iom.int/reports/nigeria-%E2%80%94-emergency-tracking-tool-report-137-16-22-september-2019,https://dtm.iom.int/sites/g/files/tmzbdl1461/files/reports/IOM%20Nigeria%20DTM%20Emergency%20Tracking%20Tool%20%28ETT%29%20Report%20No.137%20%2816%20-%2022%20September%202019%29.pdf,title:emergency tracking tool
1471,2019,2019-09-24,Mobility Tracking – IDP & Returnee Atlas,,,Nigeria — Site Assessment Dashboard 28 (August 2019),https://dtm.iom.int/reports/nigeria-%E2%80%94-site-assessment-dashboard-28-august-2019,https://dtm.iom.int/sites/g/files/tmzbdl1461/files/reports/Nigeria%20-%20Site%20Assessment%20Dashboard%2028%20%28August%202019%29.pdf,title:site assessment
1472,2019,2019-09-24,Mobility Tracking – IDP & Returnee Atlas,,,Nigeria — List of Wards Assessed 28 (August 2019),https://dtm.iom.int/reports/nigeria-%E2%80%94-list-wards-assessed-28-august-2019,https://dtm.iom.int/sites/g/files/tmzbdl1461/files/reports/R28%20LIST%20OF%20WARD%20ASSESSED.pdf,title:list of wards assessed
1473,2019,2019-09-24,Mobility Tracking – IDP & Returnee Atlas,,,Nigeria — List of Displacement Sites Assessed 28 (August 2019),https://dtm.iom.int/reports/nigeria-%E2%80%94-list-displacement-sites-assessed-28-august-2019,https://dtm.iom.int/sites/g/files/tmzbdl1461/files/reports/R28%20LIST%20OF%20SITE%20ASSESSED.pdf,title:list of displacement sites
1474,2019,2019-09-24,Mobility Tracking – IDP & Returnee Atlas,,,Nigeria — IDP Population Variation Dashboard 28 (August 2019),https://dtm.iom.int/reports/nigeria-%E2%80%94-idp-population-variation-dashboard-28-august-2019,https://dtm.iom.int/sites/g/files/tmzbdl1461/files/reports/Nigeria%20-%20DTM%20%20Round%2028%20Dashboard%20of%20IDP%20Population%20Variation_0.pdf,title:idp population variation
1475,2019,2019-09-24,Mobility Tracking – IDP & Returnee Atlas,North East,Adamawa; Borno; Yobe; Gombe; Taraba; Bauchi,Nigeria — Displacement Report 28 (August 2019),https://dtm.iom.int/reports/nigeria-%E2%80%94-displacement-report-28-august-2019,https://dtm.iom.int/sites/g/files/tmzbdl1461/files/reports/Nigeria_DTM_Round_28_Report_August%202019.pdf,title:displacement report
1476,2019,2019-09-24,Mobility Tracking – IDP & Returnee Atlas,North East,Adamawa; Borno; Yobe; Gombe; Taraba; Bauchi,Nigeria — Displacement Dashboard 28 (August 2019),https://dtm.iom.int/reports/nigeria-%E2%80%94-displacement-dashboard-28-august-2019,https://dtm.iom.int/sites/g/files/tmzbdl1461/files/reports/DTM%20Round%2028%20Dashboard_0.pdf,title:displacement dashboard
1477,2019,2019-09-20,Emergency Tracking Tool (ETT),North East,Adamawa; Borno,Nigeria — Emergency Tracking Tool Report 136 (9 - 15 September 2019),https://dtm.iom.int/reports/nigeria-%E2%80%94-emergency-tracking-tool-report-136-9-15-september-2019,https://dtm.iom.int/sites/g/files/tmzbdl1461/files/reports/IOM%20Nigeria%20DTM%20Emergency%20Tracking%20Tool%20%28ETT%29%20Report%20No.136%20%289%20-%2015%20September%202019%29.pdf,title:emergency tracking tool
1478,2019,2019-09-18,Flow Monitoring (migrants) – extra category,North Central,Niger,Nigeria — Flow Monitoring Dashboard 30 (August 2019),https://dtm.iom.int/reports/nigeria-%E2%80%94-flow-monitoring-dashboard-30-august-2019,https://dtm.iom.int/sites/g/files/tmzbdl1461/files/reports/Nigeria%20-%20Flow%20Monitoring%20Dashboard%2030%20August%202019.pdf,title:flow monitoring
1479,2019,2019-09-13,Emergency Tracking Tool (ETT),North East,Adamawa; Borno,Nigeria — Emergency Tracking Tool Report 135 (2 - 8 September 2019),https://dtm.iom.int/reports/nigeria-%E2%80%94-emergency-tracking-tool-report-135-2-8-september-2019,https://dtm.iom.int/sites/g/files/tmzbdl1461/files/reports/IOM%20Nigeria%20DTM%20Emergency%20Tracking%20Tool%20%28ETT%29%20Report%20No.135%20%282%20-%208%20September%202019%29_0.pdf,title:emergency tracking tool
1480,2019,2019-09-08,Emergency Tracking Tool (ETT),North East,Adamawa; Borno,Nigeria — Emergency Tracking Tool Report 134 (26 August - 1 September 2019),https://dtm.iom.int/reports/nigeria-%E2%80%94-emergency-tracking-tool-report-134-26-august-1-september-2019,https://dtm.iom.int/sites/g/files/tmzbdl1461/files/reports/IOM%20Nigeria%20DTM%20Emergency%20Tracking%20Tool%20%28ETT%29%20Report%20No.134%20%2826%20August%20-%201%20September%202019%29.pdf,title:emergency tracking tool
1481,2019,2019-08-29,Emergency Tracking Tool (ETT),North East,Adamawa; Borno,Nigeria — Emergency Tracking Tool Report 133 (19 - 25 August 2019),https://dtm.iom.int/reports/nigeria-%E2%80%94-emergency-tracking-tool-report-133-19-25-august-2019,https://dtm.iom.int/sites/g/files/tmzbdl1461/files/reports/IOM%20Nigeria%20DTM%20Emergency%20Tracking%20Tool%20%28ETT%29%20Report%20No.133%20%2819%20%20-%2025%20August%202019%29.pdf,title:emergency tracking tool
1482,2019,2019-08-28,Mobility Tracking – IDP & Returnee Atlas,North Central; North West,,Nigeria — North Central and North West Zones Displacement Report 1 (August 2019),https://dtm.iom.int/reports/nigeria-%E2%80%94-north-central-and-north-west-zones-displacement-report-1-august-2019,https://dtm.iom.int/sites/g/files/tmzbdl1461/files/reports/Nigeria%20-%20North%20Central%20and%20North%20West%20Zones%20Displacement%20Report%201%20%28August%202019%29_0.pdf,title:displacement report
1483,2019,2019-08-23,Flow Monitoring (migrants) – extra category,North Central,Niger,Nigeria — Flow Monitoring Dashboard 29 (July 2019),https://dtm.iom.int/reports/nigeria-%E2%80%94-flow-monitoring-dashboard-29-july-2019,https://dtm.iom.int/sites/g/files/tmzbdl1461/files/reports/Nigeria%20-%20Flow%20Monitoring%20Dashboard%2029%20July%202019.pdf,title:flow monitoring
1484,2019,2019-08-23,Emergency Tracking Tool (ETT),North East,Adamawa; Borno,Nigeria — Emergency Tracking Tool Report 132 (12 - 18 August 2019),https://dtm.iom.int/reports/nigeria-%E2%80%94-emergency-tracking-tool-report-132-12-18-august-2019,https://dtm.iom.int/sites/g/files/tmzbdl1461/files/reports/IOM%20Nigeria%20DTM%20Emergency%20Tracking%20Tool%20%28ETT%29%20Report%20No.132%20%2812%20%20-%2018%20August%202019%29.pdf,title:emergency tracking tool
1485,2019,2019-08-22,Incident / Flash Report,North East,Yobe,Nigeria — Flood in Geidam Flash Report  (19 August 2019),https://dtm.iom.int/reports/nigeria-%E2%80%94-flood-geidam-flash-report-19-august-2019,https://dtm.iom.int/sites/g/files/tmzbdl1461/files/reports/Nigeria%20-Flood%20in%20Geidam%20Flash%20Report%20%20%2819%20August%202019%29.pdf,title:flash report
1486,2019,2019-08-15,Emergency Tracking Tool (ETT),North East,Adamawa; Borno,Nigeria — Emergency Tracking Tool Report 131 (5 - 11 August 2019),https://dtm.iom.int/reports/nigeria-%E2%80%94-emergency-tracking-tool-report-131-5-11-august-2019,https://dtm.iom.int/sites/g/files/tmzbdl1461/files/reports/IOM%20Nigeria%20DTM%20Emergency%20Tracking%20Tool%20%28ETT%29%20Report%20No.131%20%285%20%20-%2011%20August%202019%29.pdf,title:emergency tracking tool
1487,2019,2019-08-08,Emergency Tracking Tool (ETT),North East,Adamawa; Borno,Nigeria — Emergency Tracking Tool Report 130 (29 July - 4 August 2019),https://dtm.iom.int/reports/nigeria-%E2%80%94-emergency-tracking-tool-report-130-29-july-4-august-2019,https://dtm.iom.int/sites/g/files/tmzbdl1461/files/reports/IOM%20Nigeria%20DTM%20Emergency%20Tracking%20Tool%20%28ETT%29%20Report%20No.130%20%2829%20July%20-%204%20August%202019%29.pdf,title:emergency tracking tool
1488,2019,2019-08-02,Emergency Tracking Tool (ETT),North East,Adamawa; Borno,Nigeria — Emergency Tracking Tool Report 129 (22 - 28 July 2019),https://dtm.iom.int/reports/nigeria-%E2%80%94-emergency-tracking-tool-report-129-22-28-july-2019,https://dtm.iom.int/sites/g/files/tmzbdl1461/files/reports/IOM%20Nigeria%20DTM%20Emergency%20Tracking%20Tool%20%28ETT%29%20Report%20No.129%20%2822%20-%2028%20July%202019%29_0.pdf,title:emergency tracking tool
1489,2019,2019-08-02,Incident / Flash Report,North West,Katsina,Nigeria — Displacement to Batsari Flash Report  (2 August 2019),https://dtm.iom.int/reports/nigeria-%E2%80%94-displacement-batsari-flash-report-2-august-2019,https://dtm.iom.int/sites/g/files/tmzbdl1461/files/reports/Nigeria%20-%20Displacement%20to%20Bastari%20Flash%20Report%20%20%282%20August%202019%29_0.pdf,title:flash report
1490,2019,2019-07-31,Incident / Flash Report,North Central; North West,,Nigeria — Displacement in North Central and North West Nigeria Flash Report  (26 July 2019),https://dtm.iom.int/reports/nigeria-%E2%80%94-displacement-north-central-and-north-west-nigeria-flash-report-26-july-2019,https://dtm.iom.int/sites/g/files/tmzbdl1461/files/reports/Nigeria%20-%20Displacement%20in%20North%20Central%20and%20North%20West%20States%20Flash%20Report%20%20%2826%20July%202019%29_0.pdf,title:flash report
1491,2019,2019-07-25,Emergency Tracking Tool (ETT),North East,Adamawa; Borno,Nigeria — Emergency Tracking Tool Report 128 (15 - 21 July 2019),https://dtm.iom.int/reports/nigeria-%E2%80%94-emergency-tracking-tool-report-128-15-21-july-2019,https://dtm.iom.int/sites/g/files/tmzbdl1461/files/reports/IOM%20Nigeria%20DTM%20Emergency%20Tracking%20Tool%20%28ETT%29%20Report%20No.128%20%2815%20-%2021%20July%202019%29.pdf,title:emergency tracking tool
1492,2019,2019-07-23,Incident / Flash Report,,,Nigeria — IDPs Arrival to Ngala Flash Report  (16 July 2019),https://dtm.iom.int/reports/nigeria-%E2%80%94-idps-arrival-ngala-flash-report-16-july-2019,https://dtm.iom.int/sites/g/files/tmzbdl1461/files/reports/Nigeria%20-%20IDPs%20Arrival%20to%20Ngala%20Flash%20Report%20%20%2816%20July%202019%29.pdf,title:flash report
1493,2019,2019-07-23,Flow Monitoring (migrants) – extra category,North Central,Niger,Nigeria — Flow Monitoring Dashboard 28 (June 2019),https://dtm.iom.int/reports/nigeria-%E2%80%94-flow-monitoring-dashboard-28-june-2019,https://dtm.iom.int/sites/g/files/tmzbdl1461/files/reports/Nigeria%20-%20Flow%20Monitoring%20Dashboard%2028%20June%202019_0.pdf,title:flow monitoring
1494,2019,2019-07-18,Emergency Tracking Tool (ETT),North East,Adamawa; Borno,Nigeria — Emergency Tracking Tool Report 127 (8 - 14 July 2019),https://dtm.iom.int/reports/nigeria-%E2%80%94-emergency-tracking-tool-report-127-8-14-july-2019,https://dtm.iom.int/sites/g/files/tmzbdl1461/files/reports/IOM%20Nigeria%20DTM%20Emergency%20Tracking%20Tool%20%28ETT%29%20Report%20No.127%20%288%20-%2014%20July%202019%29.pdf,title:emergency tracking tool
1495,2019,2019-07-12,Emergency Tracking Tool (ETT),North East,Adamawa; Borno,Nigeria — Emergency Tracking Tool Report 126 (1 - 7 July 2019),https://dtm.iom.int/reports/nigeria-%E2%80%94-emergency-tracking-tool-report-126-1-7-july-2019,https://dtm.iom.int/sites/g/files/tmzbdl1461/files/reports/IOM%20Nigeria%20DTM%20Emergency%20Tracking%20Tool%20%28ETT%29%20Report%20No.126%20%281%20-%207%20July%202019%29_0.pdf,title:emergency tracking tool
1496,2019,2019-07-10,Incident / Flash Report,,,Nigeria — IDP Departure from Damboa Town Update  Flash Report (9 JULY 2019),https://dtm.iom.int/reports/nigeria-%E2%80%94-idp-departure-damboa-town-update-flash-report-9-july-2019,https://dtm.iom.int/sites/g/files/tmzbdl1461/files/reports/Nigeria%20-%20IDP%20Departure%20from%20Damboa%20Town%20Update%20%20Flash%20Report%20%289%20JULY%202019%29_0.pdf,title:flash report
1497,2019,2019-07-09,Mobility Tracking – IDP & Returnee Atlas,,,Nigeria — Site Assessment Dashboard 27 (May 2019),https://dtm.iom.int/reports/nigeria-%E2%80%94-site-assessment-dashboard-27-may-2019,https://dtm.iom.int/sites/g/files/tmzbdl1461/files/reports/Nigeria%20-%20Site%20Assessment%20Dashboard%2027%20%28May%202019%29.pdf,title:site assessment
1498,2019,2019-07-09,Mobility Tracking – IDP & Returnee Atlas,,,Nigeria — List of Wards Assessed 27 (May 2019),https://dtm.iom.int/reports/nigeria-%E2%80%94-list-wards-assessed-27-may-2019,https://dtm.iom.int/sites/g/files/tmzbdl1461/files/reports/R27%20WARD%20ASSESSED.pdf,title:list of wards assessed
1499,2019,2019-07-09,Mobility Tracking – IDP & Returnee Atlas,,,Nigeria — List of Displacement Sites Assessed 27 (May 2019),https://dtm.iom.int/reports/nigeria-%E2%80%94-list-displacement-sites-assessed-27-may-2019,https://dtm.iom.int/sites/g/files/tmzbdl1461/files/reports/R27%20SITE%20ASSESSED.pdf,title:list of displacement sites
1500,2019,2019-07-09,Mobility Tracking – IDP & Returnee Atlas,,,Nigeria — IDP Population Variation Dashboard 27 (May 2019),https://dtm.iom.int/reports/nigeria-%E2%80%94-idp-population-variation-dashboard-27-may-2019,https://dtm.iom.int/sites/g/files/tmzbdl1461/files/reports/Nigeria%20-%20DTM%20%20Round%2027%20Dashboard%20of%20IDP%20Population%20Variation.pdf,title:idp population variation
1501,2019,2019-07-09,Mobility Tracking – IDP & Returnee Atlas,North East,Adamawa; Borno; Yobe; Gombe; Taraba; Bauchi,Nigeria — Displacement Report 27 (May 2019),https://dtm.iom.int/reports/nigeria-%E2%80%94-displacement-report-27-may-2019,https://dtm.iom.int/sites/g/files/tmzbdl1461/files/reports/Nigeria%20-%20DTM%20Round%2027%20Report%20%28May%202019%29_0.pdf,title:displacement report
1502,2019,2019-07-09,Mobility Tracking – IDP & Returnee Atlas,North East,Adamawa; Borno; Yobe; Gombe; Taraba; Bauchi,Nigeria — Displacement Dashboard 27 (May 2019),https://dtm.iom.int/reports/nigeria-%E2%80%94-displacement-dashboard-27-may-2019,https://dtm.iom.int/sites/g/files/tmzbdl1461/files/reports/Nigeria%20-%20DTM%20Round%2027%20Baseline%20Dashboard_0.pdf,title:displacement dashboard
1503,2019,2019-07-05,Emergency Tracking Tool (ETT),North East,Adamawa; Borno,Nigeria — Emergency Tracking Tool Report 125 (24 - 30 June 2019),https://dtm.iom.int/reports/nigeria-%E2%80%94-emergency-tracking-tool-report-125-24-30-june-2019,https://dtm.iom.int/sites/g/files/tmzbdl1461/files/reports/IOM%20Nigeria%20DTM%20Emergency%20Tracking%20Tool%20%28ETT%29%20Report%20No.125%20%2824%20-%2030%20June%202019%29.pdf,title:emergency tracking tool
1504,2019,2019-06-27,Flow Monitoring (migrants) – extra category,North Central; North West,Niger; Kano; Sokoto,Nigeria — Flow Monitoring Report 27 (May 2019),https://dtm.iom.int/reports/nigeria-%E2%80%94-flow-monitoring-report-27-may-2019,https://dtm.iom.int/sites/g/files/tmzbdl1461/files/reports/Nigeria%20-%20Flow%20Monitoring%20Dashboard%2027%20May%202019.pdf,title:flow monitoring
1505,2019,2019-06-27,Emergency Tracking Tool (ETT),North East,Adamawa; Borno,Nigeria — Emergency Tracking Tool Report 124 (17 - 23 June 2019),https://dtm.iom.int/reports/nigeria-%E2%80%94-emergency-tracking-tool-report-124-17-23-june-2019,https://dtm.iom.int/sites/g/files/tmzbdl1461/files/reports/IOM%20Nigeria%20DTM%20Emergency%20Tracking%20Tool%20%28ETT%29%20Report%20No.124%20%2817%20-%2023%20June%202019%29.pdf,title:emergency tracking tool
1506,2019,2019-06-21,Emergency Tracking Tool (ETT),North East,Adamawa; Borno,Nigeria — Emergency Tracking Tool Report 123 (10 - 16 June 2019),https://dtm.iom.int/reports/nigeria-%E2%80%94-emergency-tracking-tool-report-123-10-16-june-2019,https://dtm.iom.int/sites/g/files/tmzbdl1461/files/reports/IOM%20Nigeria%20DTM%20Emergency%20Tracking%20Tool%20%28ETT%29%20Report%20No.123%20%2810%20-%2016%20June%202019%29.pdf,title:emergency tracking tool
1507,2019,2019-06-17,Incident / Flash Report,North West,Katsina; Sokoto; Zamfara,"Nigeria — Katsina, Sokoto and Zamfara Displacements Flash Report  (11 June 2019)",https://dtm.iom.int/reports/nigeria-%E2%80%94-katsina-sokoto-and-zamfara-displacements-flash-report-11-june-2019,https://dtm.iom.int/sites/g/files/tmzbdl1461/files/reports/Nigeria%20-%20Katsina%2C%20Sokoto%20and%20Zamfara%20Displacements%20Flash%20Report%20%20%2811%20June%202019%29.pdf,title:flash report
1508,2019,2019-06-17,Emergency Tracking Tool (ETT),North East,Adamawa; Borno,Nigeria — Emergency Tracking Tool Report 122 (03 - 09 June 2019),https://dtm.iom.int/reports/nigeria-%E2%80%94-emergency-tracking-tool-report-122-03-09-june-2019,https://dtm.iom.int/sites/g/files/tmzbdl1461/files/reports/IOM%20Nigeria%20DTM%20Emergency%20Tracking%20Tool%20%28ETT%29%20Report%20No.122%20%2803%20-%2009%20June%202019%29_1.pdf,title:emergency tracking tool
1509,2019,2019-06-13,Biometric Registration Report,North East,Borno,Nigeria — 400 Housing Estate Gubio Biometric Registration Update  (April 2019),https://dtm.iom.int/reports/nigeria-%E2%80%94-400-housing-estate-gubio-biometric-registration-update-april-2019,https://dtm.iom.int/sites/g/files/tmzbdl1461/files/reports/Nigeria%20-%20400%20Housing%20Estate%20Gubio%20Biometric%20Registration%20Update%20%20%28April%202019%29.pdf,title:biometric
1510,2019,2019-06-12,Mobility Tracking – IDP & Returnee Atlas,North East,Adamawa; Borno; Yobe; Gombe; Taraba; Bauchi,Nigeria — Displacement Report 26 (Addendum),https://dtm.iom.int/reports/nigeria-%E2%80%94-displacement-report-26-addendum,https://dtm.iom.int/sites/g/files/tmzbdl1461/files/reports/Nigeria%20-%20Displacement%20Report%2026%20%28Addendum%29.pdf,title:displacement report
1511,2019,2019-06-09,Emergency Tracking Tool (ETT),North East,Adamawa; Borno,Nigeria — Emergency Tracking Tool Report 121 (27 May - 02 June 2019),https://dtm.iom.int/reports/nigeria-%E2%80%94-emergency-tracking-tool-report-121-27-may-02-june-2019,https://dtm.iom.int/sites/g/files/tmzbdl1461/files/reports/IOM%20Nigeria%20DTM%20Emergency%20Tracking%20Tool%20%28ETT%29%20Report%20No.121%20%2827%20May%20-%2002%20June%202019%29.pdf,title:emergency tracking tool
1512,2019,2019-06-06,Biometric Registration Report,,,Nigeria — Teachers' Village and Stadium Camp Biometric Registration Update  (April 2019),https://dtm.iom.int/reports/nigeria-%E2%80%94-teachers-village-and-stadium-camp-biometric-registration-update-april-2019,https://dtm.iom.int/sites/g/files/tmzbdl1461/files/reports/Nigeria%20-%20Teachers%27%20Village%20and%20Stadium%20Camp%20Biometric%20Registration%20Update%20%20%28April%202019%29_0.pdf,title:biometric
1513,2019,2019-06-01,Emergency Tracking Tool (ETT),North East,Adamawa; Borno,Nigeria — Emergency Tracking Tool Report 120 (20 - 26 May),https://dtm.iom.int/reports/nigeria-%E2%80%94-emergency-tracking-tool-report-120-20-26-may,https://dtm.iom.int/sites/g/files/tmzbdl1461/files/reports/IOM%20Nigeria%20DTM%20Emergency%20Tracking%20Tool%20%28ETT%29%20Report%20No.120%20%2820%20-%2026%20May%202019%29.pdf,title:emergency tracking tool
1514,2019,2019-05-29,Flow Monitoring (migrants) – extra category,North Central; North West,Niger; Kano; Sokoto,Nigeria — Flow Monitoring Dashboard 26 (April 2019),https://dtm.iom.int/reports/nigeria-%E2%80%94-flow-monitoring-dashboard-26-april-2019,https://dtm.iom.int/sites/g/files/tmzbdl1461/files/reports/Nigeria%20-%20Flow%20Monitoring%20Dashboard%2026%20April%202019_edited_0.pdf,title:flow monitoring
1515,2019,2019-05-28,Incident / Flash Report,,,Nigeria — IDP Relocation from Sabon Gari to Damboa Update 2 Flash Report (27 May),https://dtm.iom.int/reports/nigeria-%E2%80%94-idp-relocation-sabon-gari-damboa-update-2-flash-report-27-may,https://dtm.iom.int/sites/g/files/tmzbdl1461/files/reports/Nigeria%20-%20IDP%20Relocation%20from%20Sabon%20Gari%20to%20Damboa%20Update%202%20Flash%20Report%20%2827%20May%29_0.pdf,title:flash report
1516,2019,2019-05-25,Emergency Tracking Tool (ETT),North East,Adamawa; Borno,Nigeria — Emergency Tracking Tool Report 119 (13 - 19 May 2019),https://dtm.iom.int/reports/nigeria-%E2%80%94-emergency-tracking-tool-report-119-13-19-may-2019,https://dtm.iom.int/sites/g/files/tmzbdl1461/files/reports/IOM%20Nigeria%20DTM%20Emergency%20Tracking%20Tool%20%28ETT%29%20Report%20No.119%20%2813%20-%2019%20May%202019%29.pdf,title:emergency tracking tool
1517,2019,2019-05-23,Incident / Flash Report,,,Nigeria — IDP Relocation from Sabon Gari to Damboa Flash Report (23 May 2019),https://dtm.iom.int/reports/nigeria-%E2%80%94-idp-relocation-sabon-gari-damboa-flash-report-23-may-2019,https://dtm.iom.int/sites/g/files/tmzbdl1461/files/reports/Nigeria%20-%20IDP%20Relocation%20from%20Sabon%20Gari%20to%20Damboa%20Flash%20Report%20%2823%20May%202019%29.pdf,title:flash report
1518,2019,2019-05-20,Emergency Tracking Tool (ETT),North East,Adamawa; Borno,Nigeria — Emergency Tracking Tool Report 118 (06 - 12 May 2019),https://dtm.iom.int/reports/nigeria-%E2%80%94-emergency-tracking-tool-report-118-06-12-may-2019,https://dtm.iom.int/sites/g/files/tmzbdl1461/files/reports/IOM%20Nigeria%20DTM%20Emergency%20Tracking%20Tool%20%28ETT%29%20Report%20No.118%20%2806%20-%2012%20May%202019%29.pdf,title:emergency tracking tool
1519,2019,2019-05-17,Other / Unclassified,,,Nigeria — CMFS Brief: Nigerian Migrants (to Europe),https://dtm.iom.int/reports/nigeria-%E2%80%94-cmfs-brief-nigerians-migrants-europe,https://dtm.iom.int/sites/g/files/tmzbdl1461/files/reports/CMFS%20Brief%20Nigeria_V5.pdf,
1520,2019,2019-05-13,Biometric Registration Report,,,Nigeria — Monguno Biometric Registration Update (30 March 2019),https://dtm.iom.int/reports/nigeria-%E2%80%94-monguno-biometric-registration-update-30-march-2019,https://dtm.iom.int/sites/g/files/tmzbdl1461/files/reports/Nigeria%20-%20Monguno%20Biometric%20Registration%20Update%20%2830%20March%202019%29.pdf,title:biometric
1521,2019,2019-05-09,Emergency Tracking Tool (ETT),North East,Adamawa; Borno,Nigeria — Emergency Tracking Tool Report 117 (29 April - 05 May 2019),https://dtm.iom.int/reports/nigeria-%E2%80%94-emergency-tracking-tool-report-117-29-april-05-may-2019,https://dtm.iom.int/sites/g/files/tmzbdl1461/files/reports/IOM%20Nigeria%20DTM%20Emergency%20Tracking%20Tool%20%28ETT%29%20Report%20No.117%20%2829%20April%20-%2005%20May%202019%29.pdf,title:emergency tracking tool
1522,2019,2019-05-03,Incident / Flash Report,,,Nigeria — Storm Damage to IDPs Sites Flash Report  (2 May 2019),https://dtm.iom.int/reports/nigeria-%E2%80%94-storm-damage-idps-sites-flash-report-2-may-2019,https://dtm.iom.int/sites/g/files/tmzbdl1461/files/reports/Nigeria%20-%20Storm%20Damage%20to%20IDPs%20Sites%20Flash%20Report%20%20%282%20May%202019%29_0.pdf,title:flash report
1523,2019,2019-05-03,Emergency Tracking Tool (ETT),North East,Adamawa; Borno,Nigeria — Emergency Tracking Tool Report 116 (22 - 28 April 2019),https://dtm.iom.int/reports/nigeria-%E2%80%94-emergency-tracking-tool-report-116-22-28-april-2019,https://dtm.iom.int/sites/g/files/tmzbdl1461/files/reports/IOM%20Nigeria%20DTM%20Emergency%20Tracking%20Tool%20%28ETT%29%20Report%20No.116%20%2822%20-%2028%20%20April%202019%29.pdf,title:emergency tracking tool
1524,2019,2019-04-26,Flow Monitoring (migrants) – extra category,North Central,Niger,Nigeria — Flow Monitoring Dashboard 25 (March 2019),https://dtm.iom.int/reports/nigeria-%E2%80%94-flow-monitoring-dashboard-25-march-2019,https://dtm.iom.int/sites/g/files/tmzbdl1461/files/reports/Nigeria%20-%20Flow%20Monitoring%20Dashboard%2025%20March%202019%20v3.pdf,title:flow monitoring
1525,2019,2019-04-25,Emergency Tracking Tool (ETT),North East,Adamawa; Borno,Nigeria — Emergency Tracking Tool Report 115 (15 - 21 April 2019),https://dtm.iom.int/reports/nigeria-%E2%80%94-emergency-tracking-tool-report-115-15-21-april-2019,https://dtm.iom.int/sites/g/files/tmzbdl1461/files/reports/IOM%20Nigeria%20DTM%20Emergency%20Tracking%20Tool%20%28ETT%29%20Report%20No.115%20%2815%20-%2021%20%20April%202019%29.pdf,title:emergency tracking tool
1526,2019,2019-04-20,Emergency Tracking Tool (ETT),North East,Adamawa; Borno,Nigeria — Emergency Tracking Tool Report 114 (08 - 14 April 2019),https://dtm.iom.int/reports/nigeria-%E2%80%94-emergency-tracking-tool-report-114-08-14-april-2019,https://dtm.iom.int/sites/g/files/tmzbdl1461/files/reports/IOM%20Nigeria%20DTM%20Emergency%20Tracking%20Tool%20%28ETT%29%20Report%20No.114%20%2808%20-%2014%20%20April%202019%29.pdf,title:emergency tracking tool
1527,2019,2019-04-11,Emergency Tracking Tool (ETT),North East,Adamawa; Borno,Nigeria — Emergency Tracking Tool Report 113 (01 - 07 April 2019),https://dtm.iom.int/reports/nigeria-%E2%80%94-emergency-tracking-tool-report-113-01-07-april-2019,https://dtm.iom.int/sites/g/files/tmzbdl1461/files/reports/IOM%20Nigeria%20DTM%20Emergency%20Tracking%20Tool%20%28ETT%29%20Report%20No.113%20%2801%20-%2007%20April%202019%29.pdf,title:emergency tracking tool
1528,2019,2019-04-03,Emergency Tracking Tool (ETT),North East,Adamawa; Borno,Nigeria — Emergency Tracking Tool Report 112 (25 - 31 March 2019),https://dtm.iom.int/reports/nigeria-%E2%80%94-emergency-tracking-tool-report-112-25-31-march-2019,https://dtm.iom.int/sites/g/files/tmzbdl1461/files/reports/IOM%20Nigeria%20DTM%20Emergency%20Tracking%20Tool%20%28ETT%29%20Report%20No.112%20%2825%20-%2031%20March%202019%29_0.pdf,title:emergency tracking tool
1529,2019,2019-03-31,Emergency Tracking Tool (ETT),North East,Adamawa; Borno,Nigeria — Emergency Tracking Tool Report 111 (18 - 24 March 2019),https://dtm.iom.int/reports/nigeria-%E2%80%94-emergency-tracking-tool-report-111-18-24-march-2019,https://dtm.iom.int/sites/g/files/tmzbdl1461/files/reports/IOM%20Nigeria%20DTM%20Emergency%20Tracking%20Tool%20%28ETT%29%20Report%20No.111%20%2818%20-%2024%20March%202019%29.pdf,title:emergency tracking tool
1530,2019,2019-03-29,Flow Monitoring (migrants) – extra category,North Central,Niger,Nigeria — Flow Monitoring Dashboard 24 (February 2019),https://dtm.iom.int/reports/nigeria-%E2%80%94-flow-monitoring-dashboard-24-february-2019,https://dtm.iom.int/sites/g/files/tmzbdl1461/files/reports/Nigeria%20-%20Flow%20Monitoring%20Dashboard%2024%20February%202019_0.pdf,title:flow monitoring
1531,2019,2019-03-22,Emergency Tracking Tool (ETT),North East,Adamawa; Borno,Nigeria — Emergency Tracking Tool Report 110 (11 - 17 March 2019),https://dtm.iom.int/reports/nigeria-%E2%80%94-emergency-tracking-tool-report-110-11-17-march-2019,https://dtm.iom.int/sites/g/files/tmzbdl1461/files/reports/IOM%20Nigeria%20DTM%20Emergency%20Tracking%20Tool%20%28ETT%29%20Report%20No.110%20%2811%20-%2017%20March%202019%29.pdf,title:emergency tracking tool
1532,2019,2019-03-18,Emergency Tracking Tool (ETT),,,Nigeria — Emergency Tracking Tool Report 109 (04 - 10 March 2019),https://dtm.iom.int/reports/nigeria-%E2%80%94-emergency-tracking-tool-report-109-04-10-march-2019,https://dtm.iom.int/sites/g/files/tmzbdl1461/files/reports/IOM%20Nigeria%20DTM%20Emergency%20Tracking%20Tool%20%28ETT%29%20Report%20No.109%20%2804%20-%2010%20March%202019%29.pdf,title:emergency tracking tool
1533,2019,2019-03-16,Mobility Tracking – IDP & Returnee Atlas,North East,Adamawa; Borno; Yobe; Gombe; Taraba; Bauchi,Nigeria — Displacement Report 26 (January 2019),https://dtm.iom.int/reports/nigeria-%E2%80%94-displacement-report-26-january-2016,https://dtm.iom.int/sites/g/files/tmzbdl1461/files/reports/Nigeria%20-%20DTM%20Round%2026%20Report%20%28January%202019%29.pdf,title:displacement report
1534,2019,2019-03-15,Mobility Tracking – IDP & Returnee Atlas,,,Nigeria — List of Wards Assessed 26 (January 2019),https://dtm.iom.int/reports/nigeria-%E2%80%94-list-wards-assessed-26-january-2019,https://dtm.iom.int/sites/g/files/tmzbdl1461/files/reports/DTM%20RND%2026%20LIST%20OF%20WARDS%20ASSESSED.pdf,title:list of wards assessed
1535,2019,2019-03-15,Mobility Tracking – IDP & Returnee Atlas,,,Nigeria — List of Displacement Sites Assessed 26 (January 2019),https://dtm.iom.int/reports/nigeria-%E2%80%94-list-displacement-sites-assessed-26-january-2019,https://dtm.iom.int/sites/g/files/tmzbdl1461/files/reports/DTM%20RND%2026%20LIST%20OF%20SITES%20ASSESSED.pdf,title:list of displacement sites
1536,2019,2019-03-15,Mobility Tracking – IDP & Returnee Atlas,,,Nigeria — IDP Population Variation Dashboard 26 (January 2019),https://dtm.iom.int/reports/nigeria-%E2%80%94-idp-population-variation-dashboard-26-january-2019,https://dtm.iom.int/sites/g/files/tmzbdl1461/files/reports/Nigeria%20-%20DTM%20%20Round%2026%20Dashboard%20of%20IDP%20Population%20Variation.pdf,title:idp population variation
1537,2019,2019-03-15,Mobility Tracking – IDP & Returnee Atlas,North East,Adamawa; Borno; Yobe; Gombe; Taraba; Bauchi,Nigeria — Displacement Dashboard 26 (January 2019),https://dtm.iom.int/reports/nigeria-%E2%80%94-displacement-dashboard-26-january-2019,https://dtm.iom.int/sites/g/files/tmzbdl1461/files/reports/Nigeria%20-%20DTM%20Round%2026%20Baseline%20Dashboard_0.pdf,title:displacement dashboard
1538,2019,2019-03-08,Emergency Tracking Tool (ETT),North East,Adamawa; Borno,Nigeria — Emergency Tracking Tool Report 108 (25 February - 03 March 2019),https://dtm.iom.int/reports/nigeria-%E2%80%94-emergency-tracking-tool-report-108-25-february-03-march-2019,https://dtm.iom.int/sites/g/files/tmzbdl1461/files/reports/IOM%20Nigeria%20DTM%20Emergency%20Tracking%20Tool%20%28ETT%29%20Report%20No.108%20%2825%20February%20-%2003%20March%202019%29.pdf,title:emergency tracking tool
1539,2019,2019-03-02,Emergency Tracking Tool (ETT),North East,Adamawa; Borno,Nigeria — Emergency Tracking Tool Report 107 (18 - 24 February 2019),https://dtm.iom.int/reports/nigeria-%E2%80%94-emergency-tracking-tool-report-107-18-24-february-2019,https://dtm.iom.int/sites/g/files/tmzbdl1461/files/reports/IOM%20Nigeria%20DTM%20Emergency%20Tracking%20Tool%20%28ETT%29%20Report%20No.107%20%2818%20-%2024%20February%20%202019%29.pdf,title:emergency tracking tool
1540,2019,2019-02-27,Flow Monitoring (migrants) – extra category,North Central; North West,Niger; Kano; Sokoto,Nigeria — Flow Monitoring Dashboard 23 (January 2019),https://dtm.iom.int/reports/nigeria-%E2%80%94-flow-monitoring-dashboard-23-january-2019,https://dtm.iom.int/sites/g/files/tmzbdl1461/files/reports/Nigeria%20-%20Flow%20Monitoring%20Dashboard%2023%20January%202019_edited_2019217.pdf,title:flow monitoring
1541,2019,2019-02-23,Emergency Tracking Tool (ETT),North East,Adamawa; Borno,Nigeria — Emergency Tracking Tool Report 106 (11 - 17 February 2019),https://dtm.iom.int/reports/nigeria-%E2%80%94-emergency-tracking-tool-report-106-11-17-february-2019,https://dtm.iom.int/sites/g/files/tmzbdl1461/files/reports/IOM%20Nigeria%20DTM%20Emergency%20Tracking%20Tool%20%28ETT%29%20Report%20No.106%20%2811%20-%2017%20February%20%202019%29.pdf,title:emergency tracking tool
1542,2019,2019-02-14,Emergency Tracking Tool (ETT),North East,Adamawa; Borno,Nigeria — Emergency Tracking Tool Report 105 (04 - 10 February),https://dtm.iom.int/reports/nigeria-%E2%80%94-emergency-tracking-tool-report-105-04-10-february,https://dtm.iom.int/sites/g/files/tmzbdl1461/files/reports/IOM%20Nigeria%20DTM%20Emergency%20Tracking%20Tool%20%28ETT%29%20Report%20No.105%20%2804%20-%2010%20February%20%202019%29.pdf,title:emergency tracking tool
1543,2019,2019-02-11,Emergency Tracking Tool (ETT),North East,Adamawa; Borno,Nigeria — Emergency Tracking Tool Report 104 (28 January - 03 February 2019),https://dtm.iom.int/reports/nigeria-%E2%80%94-emergency-tracking-tool-report-104-28-january-03-february-2019,https://dtm.iom.int/sites/g/files/tmzbdl1461/files/reports/IOM%20Nigeria%20DTM%20Emergency%20Tracking%20Tool%20%28ETT%29%20Report%20No.104%20%2828%20January%20-%2003%20February%20%202019%29.pdf,title:emergency tracking tool
1544,2019,2019-02-06,Emergency Tracking Tool (ETT),North East,Adamawa; Borno,Nigeria — Emergency Tracking Tool Report 103 (21 - 27 January 2019),https://dtm.iom.int/reports/nigeria-%E2%80%94-emergency-tracking-tool-report-103-21-27-january-2019,https://dtm.iom.int/sites/g/files/tmzbdl1461/files/reports/IOM%20Nigeria%20DTM%20Emergency%20Tracking%20Tool%20%28ETT%29%20Report%20No.103%20%2821%20-%2027%20January%202019%29_0.pdf,title:emergency tracking tool
1545,2019,2019-01-30,Flow Monitoring (migrants) – extra category,North Central,Niger,Nigeria — Flow Monitoring Dashboard 22 (December 2018),https://dtm.iom.int/reports/nigeria-%E2%80%94-flow-monitoring-dashboard-22-december-2018,https://dtm.iom.int/sites/g/files/tmzbdl1461/files/reports/Nigeria%20-%20Flow%20Monitoring%20Dashboard%2022%20%28December%202018%29_0.pdf,title:flow monitoring
1546,2019,2019-01-27,Emergency Tracking Tool (ETT),North East,Adamawa; Borno,Nigeria — Emergency Tracking Tool Report 102 (14 - 20 January 2019),https://dtm.iom.int/reports/nigeria-%E2%80%94-emergency-tracking-tool-report-102-14-20-january-2019,https://dtm.iom.int/sites/g/files/tmzbdl1461/files/reports/IOM%20Nigeria%20DTM%20Emergency%20Tracking%20Tool%20%28ETT%29%20Report%20No.102%20%2814%20-%2020%20January%202019%29.pdf,title:emergency tracking tool
1547,2019,2019-01-22,Emergency Tracking Tool (ETT),North East,Adamawa; Borno,Nigeria — Emergency Tracking Tool Report 101 (07 - 13 January 2019),https://dtm.iom.int/reports/nigeria-%E2%80%94-emergency-tracking-tool-report-101-07-13-january-2019,https://dtm.iom.int/sites/g/files/tmzbdl1461/files/reports/IOM%20Nigeria%20DTM%20Emergency%20Tracking%20Tool%20%28ETT%29%20Report%20No.101%20%2807%20-%2013%20January%202019%29.pdf,title:emergency tracking tool
1548,2019,2019-01-11,Emergency Tracking Tool (ETT),,,Nigeria — Emergency Tracking Tool Report 100 (31 December 2018 - 06 January 2019),https://dtm.iom.int/reports/nigeria-%E2%80%94-emergency-tracking-tool-report-100-31-december-2018-06-january-2019,https://dtm.iom.int/sites/g/files/tmzbdl1461/files/reports/IOM%20Nigeria%20DTM%20Emergency%20Tracking%20Tool%20%28ETT%29%20Report%20No.100%20%2831%20December%202018%20-%2006%20January%202019%29.pdf,title:emergency tracking tool
1549,2019,2019-01-08,Emergency Tracking Tool (ETT),,,Nigeria — Emergency Tracking Tool Report 99 (24 - 30 December 2018),https://dtm.iom.int/reports/nigeria-%E2%80%94-emergency-tracking-tool-report-99-24-30-december-2018,https://dtm.iom.int/sites/g/files/tmzbdl1461/files/reports/IOM%20Nigeria%20DTM%20Emergency%20Tracking%20Tool%20%28ETT%29%20Report%20No.99%20%2824%20-%2030%20December%202018%29.pdf,title:emergency tracking tool
1550,2019,2019-01-03,Emergency Tracking Tool (ETT),North East,Adamawa; Borno,Nigeria — Emergency Tracking Tool Report 98 (17 - 23 December 2018),https://dtm.iom.int/reports/nigeria-%E2%80%94-emergency-tracking-tool-report-98-17-23-december-2018,https://dtm.iom.int/sites/g/files/tmzbdl1461/files/reports/IOM%20Nigeria%20DTM%20Emergency%20Tracking%20Tool%20%28ETT%29%20Report%20No.98%20%2817%20-%2023%20December%202018%29.pdf,title:emergency tracking tool
1551,2019,2019-01-01,Incident / Flash Report,,,Nigeria — New Arrivals into MMC and Jere from Baga Flash Report  (24 - 31 December 2018),https://dtm.iom.int/reports/nigeria-%E2%80%94-new-arrivals-mmc-and-jere-baga-flash-report-24-31-december-2018,https://dtm.iom.int/sites/g/files/tmzbdl1461/files/reports/Nigeria%20-%20New%20Arrivals%20into%20MMC%20and%20Jere%20from%20Baga%20Flash%20Report%20%20%2824%20-%2031%20December%202018%29_0.pdf,title:flash report
1552,2018,2018-12-28,Flow Monitoring (migrants) – extra category,North Central,Niger,Nigeria — Flow Monitoring Dashboard 21 (November 2018),https://dtm.iom.int/reports/nigeria-%E2%80%94-flow-monitoring-dashboard-21-november-2018,https://dtm.iom.int/sites/g/files/tmzbdl1461/files/reports/Nigeria%20-%20Flow%20Monitoring%20Dashboard%2018%20%28November%202018%29_0.pdf,title:flow monitoring
1553,2018,2018-12-23,Emergency Tracking Tool (ETT),North East,Adamawa; Borno,Nigeria — Emergency Tracking Tool Report 97 (10 - 16 December 2018),https://dtm.iom.int/reports/nigeria-%E2%80%94-emergency-tracking-tool-report-97-10-16-december-2018,https://dtm.iom.int/sites/g/files/tmzbdl1461/files/reports/IOM%20Nigeria%20DTM%20Emergency%20Tracking%20Tool%20%28ETT%29%20Report%20No.97%20%2810%20-%2016%20December%202018%29.pdf,title:emergency tracking tool
1554,2018,2018-12-17,Emergency Tracking Tool (ETT),North East,Adamawa; Borno,Nigeria — Emergency Tracking Tool Report 96 (03 - 09 December 2018),https://dtm.iom.int/reports/nigeria-%E2%80%94-emergency-tracking-tool-report-96-03-09-december-2018,https://dtm.iom.int/sites/g/files/tmzbdl1461/files/reports/IOM%20Nigeria%20DTM%20Emergency%20Tracking%20Tool%20%28ETT%29%20Report%20No.96%20%2802%20-%2003%20December%202018%29.pdf,title:emergency tracking tool
1555,2018,2018-12-07,Emergency Tracking Tool (ETT),North East,Adamawa; Borno,Nigeria — Emergency Tracking Tool Report 95  (26 November - 02 December 2018),https://dtm.iom.int/reports/nigeria-%E2%80%94-emergency-tracking-tool-report-95-26-november-02-december-2018,https://dtm.iom.int/sites/g/files/tmzbdl1461/files/reports/IOM%20Nigeria%20DTM%20Emergency%20Tracking%20Tool%20%28ETT%29%20Report%20No.95%20%2826%20November%20-%2002%20December%202018%29.pdf,title:emergency tracking tool
1556,2018,2018-12-04,Biometric Registration Report,,,Nigeria - Biometric Registration - Girei (December 2018),https://dtm.iom.int/reports/nigeria-biometric-registration-girei-december-2018,https://dtm.iom.int/sites/g/files/tmzbdl1461/files/reports/Nigeria%20-%20Biometric%20Registration%20-%20Girei%20%28December%202018%29.pdf,title:biometric
1557,2018,2018-12-03,Emergency Tracking Tool (ETT),North East,Adamawa; Borno,Nigeria — Emergency Tracking Tool Report 94 (19 - 25 November 2018),https://dtm.iom.int/reports/nigeria-%E2%80%94-emergency-tracking-tool-report-94-19-25-november-2018,https://dtm.iom.int/sites/g/files/tmzbdl1461/files/reports/IOM%20Nigeria%20DTM%20Emergency%20Tracking%20Tool%20%28ETT%29%20Report%20No.94%20%2819%20-%2025%20November%202018%29.pdf,title:emergency tracking tool
1558,2018,2018-11-28,Flow Monitoring (migrants) – extra category,North Central,Niger,Nigeria — Flow Monitoring Dashboard 20 (October 2018),https://dtm.iom.int/reports/nigeria-%E2%80%94-flow-monitoring-dashboard-20-october-2018,https://dtm.iom.int/sites/g/files/tmzbdl1461/files/reports/Nigeria%20-%20Flow%20Monitoring%20Dashboard%2020%20%28October%202018%29.pdf,title:flow monitoring
1559,2018,2018-11-26,Biometric Registration Report,,,Nigeria - Biometric Registration - Fufore (November 2018),https://dtm.iom.int/reports/nigeria-biometric-registration-fufore-november-2018,https://dtm.iom.int/sites/g/files/tmzbdl1461/files/reports/Nigeria%20-%20Biometric%20Registration%20-%20Fufore%20%28November%202018%29.pdf,title:biometric
1560,2018,2018-11-23,Emergency Tracking Tool (ETT),North East,Adamawa; Borno,Nigeria — Emergency Tracking Tool Report 93 (12 — 18 November 2018),https://dtm.iom.int/reports/nigeria-%E2%80%94-emergency-tracking-tool-report-93-12-18-november-2018,https://dtm.iom.int/sites/g/files/tmzbdl1461/files/reports/IOM%20Nigeria%20DTM%20Emergency%20Tracking%20Tool%20%28ETT%29%20Report%20No.93%20%2812%20-%2018%20November%202018%29_0.pdf,title:emergency tracking tool
1561,2018,2018-11-20,Emergency Tracking Tool (ETT),North East,Adamawa; Borno,Nigeria — Emergency Tracking Tool Report 92 (5 - 11 November 2018),https://dtm.iom.int/reports/nigeria-%E2%80%94-emergency-tracking-tool-report-92-5-11-november-2018,https://dtm.iom.int/sites/g/files/tmzbdl1461/files/reports/IOM%20Nigeria%20DTM%20Emergency%20Tracking%20Tool%20%28ETT%29%20Report%20No.92%20%285-11%20November%202018%29_0.pdf,title:emergency tracking tool
1562,2018,2018-11-20,Biometric Registration Report,,,Nigeria - Biometric Registration - Yola North and South (November 2018),https://dtm.iom.int/reports/nigeria-biometric-registration-yola-north-and-south-november-2018,https://dtm.iom.int/sites/g/files/tmzbdl1461/files/reports/Nigeria%20-%20Biometric%20Registration%20-%20Yola%20North%20and%20South%20%28November%202018%29.pdf,title:biometric
1563,2018,2018-11-13,Mobility Tracking – IDP & Returnee Atlas,,,Nigeria — Site Assessment Dashboard 25 (October 2018),https://dtm.iom.int/reports/nigeria-%E2%80%94-site-assessment-dashboard-25-october-2018,https://dtm.iom.int/sites/g/files/tmzbdl1461/files/reports/Nigeria%20-%20DTM%20Round%2025%20Dashboard%20of%20Site%20Assessment.pdf,title:site assessment
1564,2018,2018-11-13,Mobility Tracking – IDP & Returnee Atlas,,,Nigeria — List of Wards Assessed 25 (October 2018),https://dtm.iom.int/reports/nigeria-%E2%80%94-list-wards-assessed-25-october-2018,https://dtm.iom.int/sites/g/files/tmzbdl1461/files/reports/DTM%20RND%2025%20LIST%20OF%20WARDS%20ASSESSED.pdf,title:list of wards assessed
1565,2018,2018-11-13,Mobility Tracking – IDP & Returnee Atlas,,,Nigeria — List of Displacement Sites Assessed 25 (October 2018),https://dtm.iom.int/reports/nigeria-%E2%80%94-list-displacement-sites-assessed-25-october-2018,https://dtm.iom.int/sites/g/files/tmzbdl1461/files/reports/DTM%20RND%2025%20LIST%20OF%20SITES%20ASSESSED.pdf,title:list of displacement sites
1566,2018,2018-11-13,Mobility Tracking – IDP & Returnee Atlas,,,Nigeria — IDP Population Variation Dashboard 25 (October),https://dtm.iom.int/reports/nigeria-%E2%80%94-idp-population-variation-dashboard-25-october,https://dtm.iom.int/sites/g/files/tmzbdl1461/files/reports/Nigeria%20-%20DTM%20%20Round%2025%20Dashboard%20of%20IDP%20Population%20Variation%20.pdf,title:idp population variation
1567,2018,2018-11-13,Mobility Tracking – IDP & Returnee Atlas,,,Nigeria — Displacement Report 25 (October 2018),https://dtm.iom.int/reports/nigeria-%E2%80%94-displacement-report-25-october-2018,https://dtm.iom.int/sites/g/files/tmzbdl1461/files/reports/Nigeria%20-%20DTM%20Round%2025%20Report%20%28October%202018%29_1.pdf,title:displacement report
1568,2018,2018-11-13,Mobility Tracking – IDP & Returnee Atlas,North East,Adamawa; Borno; Yobe; Gombe; Taraba; Bauchi,Nigeria — Displacement Dashboard 25 (October 2018),https://dtm.iom.int/reports/nigeria-%E2%80%94-displacement-dashboard-25-october-2018,https://dtm.iom.int/sites/g/files/tmzbdl1461/files/reports/Nigeria%20-%20DTM%20Round%2025%20Baseline%20Dashboard.pdf,title:displacement dashboard
1569,2018,2018-11-09,Emergency Tracking Tool (ETT),North East,Adamawa; Borno,Nigeria — Emergency Tracking Tool Report 91 (31 October - 4 November 2018),https://dtm.iom.int/reports/nigeria-%E2%80%94-emergency-tracking-tool-report-91-31-october-4-november-2018,https://dtm.iom.int/sites/g/files/tmzbdl1461/files/reports/IOM%20Nigeria%20DTM%20Emergency%20Tracking%20Tool%20%28ETT%29%20Report%20No.91%20%2831%20October%20-%204%20November%202018%29.pdf,title:emergency tracking tool
1570,2018,2018-11-07,Emergency Tracking Tool (ETT),North East,Adamawa; Borno,Nigeria — Emergency Tracking Tool Report 90 (24 - 30 October 2018),https://dtm.iom.int/reports/nigeria-%E2%80%94-emergency-tracking-tool-report-90-24-30-october-2018,https://dtm.iom.int/sites/g/files/tmzbdl1461/files/reports/IOM%20Nigeria%20DTM%20Emergency%20Tracking%20Tool%20%28ETT%29%20Report%20No.90%20%2824%20-%2030%20October%202018%29.pdf,title:emergency tracking tool
1571,2018,2018-10-25,Emergency Tracking Tool (ETT),North East,Adamawa; Borno,Nigeria — Emergency Tracking Tool Report 89 (17 - 23 October 2018),https://dtm.iom.int/reports/nigeria-%E2%80%94-emergency-tracking-tool-report-89-17-23-october-2018,https://dtm.iom.int/sites/g/files/tmzbdl1461/files/reports/IOM%20Nigeria%20DTM%20Emergency%20Tracking%20Tool%20%28ETT%29%20Report%20No.89%20%2817%20-%2023%20October%202018%29.pdf,title:emergency tracking tool
1572,2018,2018-10-24,Flow Monitoring (migrants) – extra category,North Central,Niger,Nigeria — Flow Monitoring Dashboard 19 (September 2018),https://dtm.iom.int/reports/nigeria-%E2%80%94-flow-monitoring-dashboard-19-september-2018,https://dtm.iom.int/sites/g/files/tmzbdl1461/files/reports/Nigeria%20-%20Flow%20Monitoring%20Dashboard%2018%20%28September%202018%29.pdf,title:flow monitoring
1573,2018,2018-10-22,Emergency Tracking Tool (ETT),North East,Adamawa; Borno,Nigeria — Emergency Tracking Tool Report 88 (10 — 16 October 2018),https://dtm.iom.int/reports/nigeria-%E2%80%94-emergency-tracking-tool-report-88-10-16-october-2018,https://dtm.iom.int/sites/g/files/tmzbdl1461/files/reports/IOM%20Nigeria%20DTM%20Emergency%20Tracking%20Tool%20%28ETT%29%20Report%20No.88%20%2810%20-%2016%20October%202018%29.pdf,title:emergency tracking tool
1574,2018,2018-10-15,Emergency Tracking Tool (ETT),North East,Adamawa; Borno,Nigeria — Emergency Tracking Tool Report 87 (3 - 9 October 2018),https://dtm.iom.int/reports/nigeria-%E2%80%94-emergency-tracking-tool-report-87-3-9-october-2018,https://dtm.iom.int/sites/g/files/tmzbdl1461/files/reports/IOM%20Nigeria%20DTM%20Emergency%20Tracking%20Tool%20%28ETT%29%20Report%20No.87%20%283%20-%209%20October%202018%29.pdf,title:emergency tracking tool
1575,2018,2018-10-09,Emergency Tracking Tool (ETT),North East,Adamawa; Borno,Nigeria — Emergency Tracking Tool Report 86 (26 September — 2 October 2018),https://dtm.iom.int/reports/nigeria-%E2%80%94-emergency-tracking-tool-report-86-26-september-%E2%80%94-2-october-2018,https://dtm.iom.int/sites/g/files/tmzbdl1461/files/reports/IOM%20Nigeria%20DTM%20Emergency%20Tracking%20Tool%20%28ETT%29%20Report%20No.86%20%2826%20September%20-%202%20October%202018%29_1.pdf,title:emergency tracking tool
1576,2018,2018-10-09,Biometric Registration Report,,,Nigeria - Biometric Registration - Baga (October 2018),https://dtm.iom.int/reports/nigeria-biometric-registration-baga-october-2018,https://dtm.iom.int/sites/g/files/tmzbdl1461/files/reports/Nigeria%20-%20Biometric%20Registration%20-%20Baga%20%28October%202018%29.pdf,title:biometric
1577,2018,2018-09-28,Emergency Tracking Tool (ETT),North East,Adamawa; Borno,Nigeria — Emergency Tracking Tool Report 85 (19 - 25 September 2018),https://dtm.iom.int/reports/nigeria-%E2%80%94-emergency-tracking-tool-report-85-19-25-september-2018,https://dtm.iom.int/sites/g/files/tmzbdl1461/files/reports/IOM%20Nigeria%20DTM%20Emergency%20Tracking%20Tool%20%28ETT%29%20Report%20No.85%20%2819%20-%2025%20September%202018%29.pdf,title:emergency tracking tool
1578,2018,2018-09-27,Flow Monitoring (migrants) – extra category,North Central,Niger,Nigeria — Flow Monitoring Dashboard 18 (August 2018),https://dtm.iom.int/reports/nigeria-%E2%80%94-flow-monitoring-dashboard-18-august-2018,https://dtm.iom.int/sites/g/files/tmzbdl1461/files/reports/Nigeria%20-%20Flow%20Monitoring%20Dashboard%2018%20%28August%202018%29.pdf,title:flow monitoring
1579,2018,2018-09-24,Emergency Tracking Tool (ETT),,,Nigeria — Emergency Tracking Tool Report 84 (12 - 18 September 2018),https://dtm.iom.int/reports/nigeria-%E2%80%94-emergency-tracking-tool-report-84-12-18-september-2018,https://dtm.iom.int/sites/g/files/tmzbdl1461/files/reports/IOM%20Nigeria%20DTM%20Emergency%20Tracking%20Tool%20%28ETT%29%20Report%20No.84%20%2812%20-%2018%20September%202018%29.pdf,title:emergency tracking tool
1580,2018,2018-09-15,Emergency Tracking Tool (ETT),North East,Adamawa; Borno,Nigeria — Emergency Tracking Tool Report 83 (3 — 11 September 2018),https://dtm.iom.int/reports/nigeria-%E2%80%94-emergency-tracking-tool-report-83-3-11-september-2018,https://dtm.iom.int/sites/g/files/tmzbdl1461/files/reports/IOM%20Nigeria%20DTM%20Emergency%20Tracking%20Tool%20%28ETT%29%20Report%20No.83%20%283%20-%2011%20September%202018%29_0.pdf,title:emergency tracking tool
1581,2018,2018-09-09,Emergency Tracking Tool (ETT),North East,Adamawa; Borno,Nigeria — Emergency Tracking Tool Report 82 (29 August - 2 September 2018),https://dtm.iom.int/reports/nigeria-%E2%80%94-emergency-tracking-tool-report-82-29-august-2-september-2018,https://dtm.iom.int/sites/g/files/tmzbdl1461/files/reports/IOM%20Nigeria%20DTM%20Emergency%20Tracking%20Tool%20%28ETT%29%20Report%20No.82%20%2829%20August%20-%202%20September%202018%29.pdf,title:emergency tracking tool
1582,2018,2018-09-05,Mobility Tracking – IDP & Returnee Atlas,,,Nigeria — Site Assessment Dashboard 24 (August 2018),https://dtm.iom.int/reports/nigeria-%E2%80%94-site-assessment-dashboard-24-august-2018,https://dtm.iom.int/sites/g/files/tmzbdl1461/files/reports/Nigeria%20-%20%20DTM%20%20Round%2024%20Dashboard%20of%20Site%20Assessment.pdf,title:site assessment
1583,2018,2018-09-05,Mobility Tracking – IDP & Returnee Atlas,,,Nigeria — List of Wards Assessed 24 (August 2018),https://dtm.iom.int/reports/nigeria-%E2%80%94-list-wards-assessed-24-august-2018,https://dtm.iom.int/sites/g/files/tmzbdl1461/files/reports/08%20DTM%20Nigeria%20Round%2024%20List%20of%20Assessed%20Wards.pdf,title:list of wards assessed
1584,2018,2018-09-05,Mobility Tracking – IDP & Returnee Atlas,,,Nigeria — List of Displacement Sites Assessed 24 (August 2018),https://dtm.iom.int/reports/nigeria-%E2%80%94-list-displacement-sites-assessed-24-august-2018,https://dtm.iom.int/sites/g/files/tmzbdl1461/files/reports/07%20DTM%20Nigeria%20Round%2024%20List%20of%20Assessed%20Sites.pdf,title:list of displacement sites
1585,2018,2018-09-05,Mobility Tracking – IDP & Returnee Atlas,,,Nigeria — IDP Population Variation Dashboard 24 (August 2018),https://dtm.iom.int/reports/nigeria-%E2%80%94-idp-population-variation-dashboard-24-august-2018,https://dtm.iom.int/sites/g/files/tmzbdl1461/files/reports/Nigeria%20-%20DTM%20%20Round%2024%20Dashboard%20of%20IDP%20Population%20Variation_0.pdf,title:idp population variation
1586,2018,2018-09-05,Mobility Tracking – IDP & Returnee Atlas,North East,Adamawa; Borno; Yobe; Gombe; Taraba; Bauchi,Nigeria — Displacement Report 24 (August 2018),https://dtm.iom.int/reports/nigeria-%E2%80%94-displacement-report-24-august-2018,https://dtm.iom.int/sites/g/files/tmzbdl1461/files/reports/Nigeria%20-%20DTM%20Round%2024%20Report%20%28August%202018%29_1.pdf,title:displacement report
1587,2018,2018-09-05,Mobility Tracking – IDP & Returnee Atlas,,,Nigeria — Displacement Dashboard 24 (August 2018),https://dtm.iom.int/reports/nigeria-%E2%80%94-displacement-dashboard-24-august-2018,https://dtm.iom.int/sites/g/files/tmzbdl1461/files/reports/Nigeria%20-%20DTM%20Round%2024%20Baseline%20Dashboard.pdf,title:displacement dashboard
1588,2018,2018-09-02,Emergency Tracking Tool (ETT),North East,Adamawa; Borno,Nigeria — Emergency Tracking Tool Report 81 (22 - 28 August 2018),https://dtm.iom.int/reports/nigeria-%E2%80%94-emergency-tracking-tool-report-81-22-28-august-2018,https://dtm.iom.int/sites/g/files/tmzbdl1461/files/reports/IOM%20Nigeria%20DTM%20Emergency%20Tracking%20Tool%20%28ETT%29%20Report%20No.81%20%2822-28%20August%202018%29%20%281%29.pdf,title:emergency tracking tool
1589,2018,2018-08-28,Flow Monitoring (migrants) – extra category,North Central,Niger,Nigeria — Flow Monitoring Dashboard 17 (July 2018),https://dtm.iom.int/reports/nigeria-flow-monitoring-dashboard-17-july-2018,https://dtm.iom.int/sites/g/files/tmzbdl1461/files/reports/Nigeria%20-%20Flow%20Monitoring%20Dashboard%2017.pdf,title:flow monitoring
1590,2018,2018-08-25,Emergency Tracking Tool (ETT),North East,Adamawa; Borno,Nigeria — Emergency Tracking Tool Report 80 (15-21 August 2018),https://dtm.iom.int/reports/nigeria-%E2%80%94-emergency-tracking-tool-report-80-15-21-august-2018,https://dtm.iom.int/sites/g/files/tmzbdl1461/files/reports/IOM%20Nigeria%20DTM%20Emergency%20Tracking%20Tool%20%28ETT%29%20Report%20No.80%20%2815-21%20August%202018%29.pdf,title:emergency tracking tool
1591,2018,2018-08-18,Emergency Tracking Tool (ETT),North East,Adamawa; Borno,Nigeria — Emergency Tracking Tool Report 79 (8 - 14 August 2018),https://dtm.iom.int/reports/nigeria-%E2%80%94-emergency-tracking-tool-report-79-8-14-august-2018,https://dtm.iom.int/sites/g/files/tmzbdl1461/files/reports/IOM%20Nigeria%20DTM%20Emergency%20Tracking%20Tool%20%28ETT%29%20Report%20No.79%20%288-14%20August%202018%29.pdf,title:emergency tracking tool
1592,2018,2018-08-10,Emergency Tracking Tool (ETT),North East,Adamawa; Borno,Nigeria — Emergency Tracking Tool Report 78 (1—7 August 2018),https://dtm.iom.int/reports/nigeria-%E2%80%94-emergency-tracking-tool-report-78-1-7-august-2018,https://dtm.iom.int/sites/g/files/tmzbdl1461/files/reports/IOM%20Nigeria%20DTM%20Emergency%20Tracking%20Tool%20%28ETT%29%20Report%20No.78%20%281-7%20August%202018%29%20%281%29_0.pdf,title:emergency tracking tool
1593,2018,2018-08-03,Emergency Tracking Tool (ETT),North East,Adamawa; Borno,Nigeria — Emergency Tracking Tool Report 77 (24 - 31 July 2018),https://dtm.iom.int/reports/nigeria-%E2%80%94-emergency-tracking-tool-report-77-24-31-july-2018,https://dtm.iom.int/sites/g/files/tmzbdl1461/files/reports/IOM%20Nigeria%20DTM%20Emergency%20Tracking%20Tool%20%28ETT%29%20Report%20No.77%20%2824%20-%2031%20July%202018%29.pdf,title:emergency tracking tool
1594,2018,2018-08-01,Flow Monitoring (migrants) – extra category,North Central,Niger,Nigeria — Flow Monitoring Dashboard 16 (June 2018),https://dtm.iom.int/reports/nigeria-%E2%80%94-flow-monitoring-dashboard-16-june-2018,https://dtm.iom.int/sites/g/files/tmzbdl1461/files/reports/Nigeria%20-%20Flow%20Monitoring%20Dashboard%2016.pdf,title:flow monitoring
1595,2018,2018-07-28,Emergency Tracking Tool (ETT),North East,Adamawa; Borno,Nigeria — Emergency Tracking Tool Report 76 (18 - 23 July 2018),https://dtm.iom.int/reports/nigeria-%E2%80%94-emergency-tracking-tool-report-76-18-23-july-2018,https://dtm.iom.int/sites/g/files/tmzbdl1461/files/reports/IOM%20Nigeria%20DTM%20Emergency%20Tracking%20Tool%20%28ETT%29%20Report%20No.76%20%2818%20-%2023%20July%202018%29_0.pdf,title:emergency tracking tool
1596,2018,2018-07-19,Emergency Tracking Tool (ETT),North East,Adamawa; Borno,Nigeria — Emergency Tracking Tool Report 75 (10 — 17 July 2018),https://dtm.iom.int/reports/nigeria-%E2%80%94-emergency-tracking-tool-report-75-10-%E2%80%94-17-july-2018,https://dtm.iom.int/sites/g/files/tmzbdl1461/files/reports/IOM%20Nigeria%20DTM%20Emergency%20Tracking%20Tool%20%20ETT%20Report%20No%2075%2010%2017%20July%202018.pdf,title:emergency tracking tool
1597,2018,2018-07-13,Emergency Tracking Tool (ETT),North East,Adamawa; Borno,Nigeria — Emergency Tracking Tool Report 74 (3 - 9 July 2018),https://dtm.iom.int/reports/nigeria-%E2%80%94-emergency-tracking-tool-report-74-3-9-july-2018,https://dtm.iom.int/sites/g/files/tmzbdl1461/files/reports/IOM%20Nigeria%20DTM%20Emergency%20Tracking%20Tool%20%28ETT%29%20Report%20No.74%20%283%20-%209%20July%202018%29.pdf,title:emergency tracking tool
1598,2018,2018-07-05,Emergency Tracking Tool (ETT),North East,Adamawa; Borno,Nigeria — Emergency Tracking Tool Report 73 (27 June - 2 July 2018),https://dtm.iom.int/reports/nigeria-%E2%80%94-emergency-tracking-tool-report-73-27-june-2-july-2018,https://dtm.iom.int/sites/g/files/tmzbdl1461/files/reports/IOM%20Nigeria%20DTM%20Emergency%20Tracking%20Tool%20%28ETT%29%20Report%20No.73%20%2827%20June%20-%202%20July%202018%29.pdf,title:emergency tracking tool
1599,2018,2018-06-30,Mobility Tracking – IDP & Returnee Atlas,,,Nigeria — Site Assessment Dashboard Round 23 (June 2018),https://dtm.iom.int/reports/nigeria-%E2%80%94-site-assessment-dashboard-round-23-june-2018,https://dtm.iom.int/sites/g/files/tmzbdl1461/files/reports/02c%20DTM%20Nigeria%20Round%2023%20Dashboard%20of%20Site%20Assessment.pdf,title:site assessment
1600,2018,2018-06-30,Mobility Tracking – IDP & Returnee Atlas,,,Nigeria — List of Wards Assessed Round 23 (June 2018),https://dtm.iom.int/reports/nigeria-%E2%80%94-list-wards-assessed-round-23-june-2018,https://dtm.iom.int/sites/g/files/tmzbdl1461/files/reports/08%20DTM%20Nigeria%20Round%2023%20List%20of%20Assessed%20Wards.pdf,title:list of wards assessed
1601,2018,2018-06-30,Mobility Tracking – IDP & Returnee Atlas,,,Nigeria — List of Displacement Sites Assessed Round 23 (June 2018),https://dtm.iom.int/reports/nigeria-%E2%80%94-list-displacement-sites-assessed-round-23-june-2018,https://dtm.iom.int/sites/g/files/tmzbdl1461/files/reports/07%20DTM%20Nigeria%20Round%2023%20List%20of%20Assessed%20Sites.pdf,title:list of displacement sites
1602,2018,2018-06-30,Mobility Tracking – IDP & Returnee Atlas,,,Nigeria — IDP Population Variation Dashboard Round 23 (June 2018),https://dtm.iom.int/reports/nigeria-%E2%80%94-idp-population-variation-dashboard-round-23-june-2018,https://dtm.iom.int/sites/g/files/tmzbdl1461/files/reports/02b%20DTM%20Nigeria%20Round%2023%20Dashboard%20of%20IDP%20Population%20Variation_0_0.pdf,title:idp population variation
1603,2018,2018-06-30,Mobility Tracking – IDP & Returnee Atlas,North East,Adamawa; Borno; Yobe; Gombe; Taraba; Bauchi,Nigeria — Displacement Report  23 (June 2018),https://dtm.iom.int/reports/nigeria-%E2%80%94-displacement-report-23-june-2018,https://dtm.iom.int/sites/g/files/tmzbdl1461/files/reports/Nigeria%20-%20Displacement%20Report%2023%20%28June%202018%29.pdf,title:displacement report
1604,2018,2018-06-30,Mobility Tracking – IDP & Returnee Atlas,North East,Adamawa; Borno; Yobe; Gombe; Taraba; Bauchi,Nigeria - Baseline Dashboard Round 23 (June 2018),https://dtm.iom.int/reports/nigeria-baseline-dashboard-round-23-june-2018,https://dtm.iom.int/sites/g/files/tmzbdl1461/files/reports/02a%20DTM%20Nigeria%20Round%2023%20Dashboard%20of%20Baseline%20Assessment.pdf,title:dashboard round
1605,2018,2018-06-29,Emergency Tracking Tool (ETT),North East,Adamawa; Borno,Nigeria — Emergency Tracking Tool Report 72 (20 - 26 June 2018),https://dtm.iom.int/reports/nigeria-%E2%80%94-emergency-tracking-tool-report-72-20-26-june-2018,https://dtm.iom.int/sites/g/files/tmzbdl1461/files/reports/IOM%20Nigeria%20DTM%20Emergency%20Tracking%20Tool%20%28ETT%29%20Report%20No.72%20%2820%20-%2026%20June%202018%29.pdf,title:emergency tracking tool
1606,2018,2018-06-26,Flow Monitoring (migrants) – extra category,North Central; North West,Niger; Kano; Sokoto,Nigeria — Flow Monitoring Dashboard 15 (May 2018),https://dtm.iom.int/reports/nigeria-%E2%80%94-flow-monitoring-dashboard-15-may-2018,https://dtm.iom.int/sites/g/files/tmzbdl1461/files/reports/FMP%20NIGERIA%20MAY%202018.pdf,title:flow monitoring
1607,2018,2018-06-22,Emergency Tracking Tool (ETT),North East,Adamawa; Borno,Nigeria — Emergency Tracking Tool Report 71 (13—19 June 2018),https://dtm.iom.int/reports/nigeria-%E2%80%94-emergency-tracking-tool-report-71-13%E2%80%9419-june-2018,https://dtm.iom.int/sites/g/files/tmzbdl1461/files/reports/IOM%20Nigeria%20DTM%20Emergency%20Tracking%20Tool%20%28ETT%29%20Report%20No.71%20%2813%20-%2019%20June%202018%29_0.pdf,title:emergency tracking tool
1608,2018,2018-06-15,Emergency Tracking Tool (ETT),North East,Adamawa; Borno,Nigeria — Emergency Tracking Tool Report 70 (6—12 June 2018),https://dtm.iom.int/reports/nigeria-%E2%80%94-emergency-tracking-tool-report-70-6-12-june-2018,https://dtm.iom.int/sites/g/files/tmzbdl1461/files/reports/IOM%20Nigeria%20DTM%20Emergency%20Tracking%20Tool%20%28ETT%29%20Report%20No.70%20%286-12%20June%202018%29.pdf,title:emergency tracking tool
1609,2018,2018-06-07,Emergency Tracking Tool (ETT),North East,Adamawa; Borno,Nigeria — Emergency Tracking Tool Report 69 (30 May — 5 June 2018),https://dtm.iom.int/reports/nigeria-%E2%80%94-emergency-tracking-tool-report-69-30-may-%E2%80%94-5-june-2018,https://dtm.iom.int/sites/g/files/tmzbdl1461/files/reports/IOM%20Nigeria%20DTM%20Emergency%20Tracking%20Tool%20%28ETT%29-Report%20No.69.pdf,title:emergency tracking tool
1610,2018,2018-05-31,Emergency Tracking Tool (ETT),North East,Adamawa; Borno,Nigeria — Emergency Tracking Tool Report 68 (23—29 May 2018),https://dtm.iom.int/reports/nigeria-%E2%80%94-emergency-tracking-tool-report-68-may-2018,https://dtm.iom.int/sites/g/files/tmzbdl1461/files/reports/IOM%20Nigeria%20DTM%20Emergency%20Tracking%20Tool%20%28ETT%29-Report%20No.68_1.pdf,title:emergency tracking tool
1611,2018,2018-05-29,Flow Monitoring (migrants) – extra category,North Central; North West,Niger; Kano; Sokoto,Nigeria — Flow Monitoring Dashboard 14 (April 2018),https://dtm.iom.int/reports/nigeria-%E2%80%94-flow-monitoring-dashboard-14-april-2018,https://dtm.iom.int/sites/g/files/tmzbdl1461/files/reports/FMP%20NIGERIA%20APRIL%202018_0.pdf,title:flow monitoring
1612,2018,2018-05-27,Incident / Flash Report,North East,Borno,Nigeria — Storm Damage to IDPs Sites - Flash Report 9 (27 May 2018),https://dtm.iom.int/reports/nigeria-%E2%80%94-storm-damage-idps-sites-flash-report-9-27-may-2018,https://dtm.iom.int/sites/g/files/tmzbdl1461/files/reports/IOM%20Nigeria%20Flash%20Report%20-%20Storm%20Damage%20to%20IDPs%20Sites%2027052018_0.pdf,title:flash report
1613,2018,2018-05-24,Emergency Tracking Tool (ETT),North East,Adamawa; Borno,Nigeria — Emergency Tracking Tool Report 67 (14—22 May 2018),https://dtm.iom.int/reports/nigeria-%E2%80%94-emergency-tracking-tool-report-67-may-2018,https://dtm.iom.int/sites/g/files/tmzbdl1461/files/reports/IOM%20Nigeria%20DTM%20Emergency%20Tracking%20Tool%20%28ETT%29-Report%20No.67_0.pdf,title:emergency tracking tool
1614,2018,2018-05-17,Emergency Tracking Tool (ETT),North East,Adamawa; Borno,Nigeria — Emergency Tracking Tool Report 66 (9—14 May 2018),https://dtm.iom.int/reports/nigeria-%E2%80%94-emergency-tracking-tool-report-66-may-2018,https://dtm.iom.int/sites/g/files/tmzbdl1461/files/reports/IOM%20Nigeria%20DTM%20Emergency%20Tracking%20Tool%20%28ETT%29%20-%20Report%20No.66.pdf,title:emergency tracking tool
1615,2018,2018-05-10,Emergency Tracking Tool (ETT),North East,Adamawa; Borno; Gombe,Nigeria — Emergency Tracking Tool Report 65 (3—8 May 2018),https://dtm.iom.int/reports/nigeria-%E2%80%94-emergency-tracking-tool-report-65-may-2018,https://dtm.iom.int/sites/g/files/tmzbdl1461/files/reports/IOM%20Nigeria%20DTM%20Emergency%20Tracking%20Tool%20%28ETT%29%20-%20Report%20No.65.pdf,title:emergency tracking tool
1616,2018,2018-05-09,Biometric Registration Report,North East,Borno,Nigeria — Biometric Registration Report - Pulka/Bokko (May 2018),https://dtm.iom.int/reports/nigeria-%E2%80%94-biometric-registration-report-pulkabokko-may-2018,https://dtm.iom.int/sites/g/files/tmzbdl1461/files/reports/IOM%20Nigeria%20DTM%20Biometric%20Registration%20Update-Pulka_April%202018.pdf,title:biometric
1617,2018,2018-05-04,Emergency Tracking Tool (ETT),North East,Adamawa; Borno,Nigeria — Emergency Tracking Tool Report 64 (24 April — 2 May 2018),https://dtm.iom.int/reports/nigeria-%E2%80%94-emergency-tracking-tool-report-64-may-2018,https://dtm.iom.int/sites/g/files/tmzbdl1461/files/reports/IOM%20Nigeria%20DTM%20Emergency%20Tracking%20Tool%20%28ETT%29%20-%20Report%20No.64_2.pdf,title:emergency tracking tool
1618,2018,2018-05-02,Mobility Tracking – IDP & Returnee Atlas,North East,Yobe,Nigeria — Yobe Site Profiles 22 (April 2018),https://dtm.iom.int/reports/nigeria-%E2%80%94-yobe-site-profiles-22-april-2018,https://dtm.iom.int/sites/g/files/tmzbdl1461/files/reports/Yobe%20Site%20Profiles%20combined.pdf,title:site profile
1619,2018,2018-05-02,Mobility Tracking – IDP & Returnee Atlas,North East,Taraba,Nigeria — Taraba Site Profiles 22 (April 2018),https://dtm.iom.int/reports/nigeria-%E2%80%94-taraba-site-profiles-22-april-2018,https://dtm.iom.int/sites/g/files/tmzbdl1461/files/reports/Taraba%20site%20profiles%20combines.pdf,title:site profile
1620,2018,2018-05-02,Mobility Tracking – IDP & Returnee Atlas,North East,Bauchi,Nigeria — Bauchi Site Profiles 22 (April 2018),https://dtm.iom.int/reports/nigeria-%E2%80%94-bauchi-site-profiles-22-april-2018,https://dtm.iom.int/sites/g/files/tmzbdl1461/files/reports/Bauchi%20site%20profiles%20combined.pdf,title:site profile
1621,2018,2018-05-02,Mobility Tracking – IDP & Returnee Atlas,North East,Adamawa,Nigeria — Adamawa Site Profiles 22 (April 2018),https://dtm.iom.int/reports/nigeria-%E2%80%94-adamawa-site-profiles-22-april-2018,https://dtm.iom.int/sites/g/files/tmzbdl1461/files/reports/Adamawa%20site%20profiles%20combined.pdf,title:site profile
1622,2018,2018-05-01,Mobility Tracking – IDP & Returnee Atlas,,,Nigeria — Site Assessment Dashboard 22 (April 2018),https://dtm.iom.int/reports/nigeria-%E2%80%94-site-assessment-dashboard-22-april-2018,https://dtm.iom.int/sites/g/files/tmzbdl1461/files/reports/02c%20DTM%20Nigeria%20Round%20XXII%20Dashboard%20of%20Site%20Assessment.pdf,title:site assessment
1623,2018,2018-05-01,Mobility Tracking – IDP & Returnee Atlas,,,Nigeria — List of Wards Assessed 22 (April 2018),https://dtm.iom.int/reports/nigeria-%E2%80%94-list-wards-assessed-22-april-2018,https://dtm.iom.int/sites/g/files/tmzbdl1461/files/reports/08%20DTM%20Nigeria%20Round%20XXII%20List%20of%20Assessed%20Wards.pdf,title:list of wards assessed
1624,2018,2018-05-01,Mobility Tracking – IDP & Returnee Atlas,,,Nigeria — List of Displacement Sites Assessed 22 (April 2018),https://dtm.iom.int/reports/nigeria-%E2%80%94-list-displacement-sites-assessed-22-april-2018,https://dtm.iom.int/sites/g/files/tmzbdl1461/files/reports/07%20DTM%20Nigeria%20Round%20XXII%20List%20of%20Assessed%20Sites.pdf,title:list of displacement sites
1625,2018,2018-05-01,Mobility Tracking – IDP & Returnee Atlas,North East,,Nigeria — IDP Population Variation Dashboard 22 (April 2018),https://dtm.iom.int/reports/nigeria-%E2%80%94-idp-population-variation-dashboard-22-april-2018,https://dtm.iom.int/sites/g/files/tmzbdl1461/files/reports/02b%20DTM%20Nigeria%20Round%20XXII%20Dashboard%20of%20IDP%20Population%20Variation.pdf,title:idp population variation
1626,2018,2018-05-01,Mobility Tracking – IDP & Returnee Atlas,North East,Adamawa; Borno; Yobe; Gombe; Taraba; Bauchi,Nigeria — Displacement Dashboard 22 (April 2018),https://dtm.iom.int/reports/nigeria-%E2%80%94-displacement-dashboard-22-april-2018,https://dtm.iom.int/sites/g/files/tmzbdl1461/files/reports/02a%20DTM%20Nigeria%20Round%20XXII%20Dashboard%20of%20Baseline%20Assessment_2.pdf,title:displacement dashboard
1627,2018,2018-04-30,Mobility Tracking – IDP & Returnee Atlas,North East,Adamawa; Borno; Yobe; Gombe; Taraba; Bauchi,DTM Nigeria Round XXII Report April 2018,https://dtm.iom.int/reports/dtm-nigeria-round-xxii-report-april-2018,https://dtm.iom.int/sites/g/files/tmzbdl1461/files/reports/01%20DTM%20Nigeria%20Round%20XXII%20Report%20April%202018_0.pdf,title:round xx
1628,2018,2018-04-26,Emergency Tracking Tool (ETT),North East,Adamawa; Borno,Nigeria — Emergency Tracking Tool Report 63 (17—23 April 2018),https://dtm.iom.int/reports/nigeria-%E2%80%94-emergency-tracking-tool-ett-report-no-63,https://dtm.iom.int/sites/g/files/tmzbdl1461/files/reports/IOM%20Nigeria%20DTM%20Emergency%20Tracking%20Tool%20%28ETT%29%20-%20Report%20No.63.pdf,title:emergency tracking tool
1629,2018,2018-04-24,Flow Monitoring (migrants) – extra category,North West,Kano,Nigeria — Flow Monitoring Dashboard 13 (March 2018),https://dtm.iom.int/reports/nigeria-%E2%80%94-flow-monitoring-dashboard-13-march-2018,https://dtm.iom.int/sites/g/files/tmzbdl1461/files/reports/FMP%20NIGERIA%20MARCH%202018.pdf,title:flow monitoring
1630,2018,2018-04-20,Emergency Tracking Tool (ETT),North East,Adamawa; Borno,Nigeria — Emergency Tracking Tool Report 62 (10—16 April 2018),https://dtm.iom.int/reports/nigeria-%E2%80%94-emergency-tracking-tool-report-62-10%E2%80%9416-april-2018,https://dtm.iom.int/sites/g/files/tmzbdl1461/files/reports/IOM%20Nigeria%20DTM%20Emergency%20Tracking%20Tool%20%28ETT%29-Report%20No.62.pdf,title:emergency tracking tool
1631,2018,2018-04-11,Emergency Tracking Tool (ETT),North East,Adamawa; Borno,Nigeria — Emergency Tracking Tool Report 61 (3—9 April 2018),https://dtm.iom.int/reports/nigeria-%E2%80%94-emergency-tracking-tool-report-61-3%E2%80%949-april-2018,https://dtm.iom.int/sites/g/files/tmzbdl1461/files/reports/IOM%20Nigeria%20DTM%20Emergency%20Tracking%20Tool%20%28ETT%29%20-%20Report%20No.61.pdf,title:emergency tracking tool
1632,2018,2018-04-05,Emergency Tracking Tool (ETT),North East,Adamawa; Borno,Nigeria — Emergency Tracking Tool Report 60 (27 March — 2 April 2018),https://dtm.iom.int/reports/nigeria-%E2%80%94-emergency-tracking-tool-report-60-27-march-%E2%80%94-2-april-2018,https://dtm.iom.int/sites/g/files/tmzbdl1461/files/reports/IOM%20Nigeria%20DTM%20Emergency%20Tracking%20Tool%20%28ETT%29%20-%20Report%20No.60.pdf,title:emergency tracking tool
1633,2018,2018-04-03,Incident / Flash Report,,,Nigeria — Reopening of Maiduguri-Bama-Banki Flash Report 7 (3 April 2018),https://dtm.iom.int/reports/nigeria-%E2%80%94-reopening-maiduguri-bama-banki-flash-report-7-3-april-2018,https://dtm.iom.int/sites/g/files/tmzbdl1461/files/reports/Flash%20Report%20-%20Reopening%20of%20Maiduguri-Bama-Banki%20Road%20and%20Relocation%20of%20IDPs%20from%20Maiduguri%20to%20Bama.pdf,title:flash report
1634,2018,2018-03-29,Emergency Tracking Tool (ETT),,,Nigeria — Emergency Tracking Tool Report 59 (20—26 March 2018),https://dtm.iom.int/reports/nigeria-%E2%80%94-emergency-tracking-tool-report-59-20%E2%80%9426-march-2018,https://dtm.iom.int/sites/g/files/tmzbdl1461/files/reports/IOM%20Nigeria%20DTM%20Emergency%20Tracking%20Tool%20%28ETT%29%20-%20Report%20No.59.pdf,title:emergency tracking tool
1635,2018,2018-03-22,Emergency Tracking Tool (ETT),,,Nigeria — Emergency Tracking Tool Report 58 (13—19 March 2018),https://dtm.iom.int/reports/nigeria-%E2%80%94-emergency-tracking-tool-report-58-13%E2%80%9419-march-2018,https://dtm.iom.int/sites/g/files/tmzbdl1461/files/reports/IOM%20Nigeria%20DTM%20Emergency%20Tracking%20Tool%20%28ETT%29%20-%20Report%20No.58.pdf,title:emergency tracking tool
1636,2018,2018-03-15,Emergency Tracking Tool (ETT),North East,Adamawa; Borno,Nigeria — Emergency Tracking Tool Report 57 (6—12 March 2018),https://dtm.iom.int/reports/nigeria-%E2%80%94-emergency-tracking-tool-report-57-6%E2%80%9412-march-2018,https://dtm.iom.int/sites/g/files/tmzbdl1461/files/reports/IOM%20Nigeria%20DTM%20Emergency%20Tracking%20Tool%20%28ETT%29%20-%20Report%20No.57.pdf,title:emergency tracking tool
1637,2018,2018-03-08,Biometric Registration Report,,,Nigeria — Biometric Registration Report Pulka (22 February 2018),https://dtm.iom.int/reports/nigeria-%E2%80%94-biometric-registration-report-pulka-22-february-2018,https://dtm.iom.int/sites/g/files/tmzbdl1461/files/reports/Pulka%20Biometric%20Registration%20Update_February%202018.pdf,title:biometric
1638,2018,2018-03-07,Emergency Tracking Tool (ETT),,,Nigeria — Emergency Tracking Tool Report 56 (28 February — 5 March 2018),https://dtm.iom.int/reports/nigeria-%E2%80%94-emergency-tracking-tool-report-56-28-february-%E2%80%94-5-march-2018,https://dtm.iom.int/sites/g/files/tmzbdl1461/files/reports/IOM%20Nigeria%20DTM%20Emergency%20Tracking%20Tool%20%28ETT%29%20-%20Report%20No.56.pdf,title:emergency tracking tool
1639,2018,2018-03-01,Flow Monitoring (migrants) – extra category,North West,Kano; Sokoto,Nigeria — Flow Monitoring Dashboard 12 (1—28 February 2018),https://dtm.iom.int/reports/nigeria-%E2%80%94-flow-monitoring-dashboard-12-1%E2%80%9428-february-2018,https://dtm.iom.int/sites/g/files/tmzbdl1461/files/reports/Nigeria%20FMP%20Dashboard%20February%202018.pdf,title:flow monitoring
1640,2018,2018-02-28,Emergency Tracking Tool (ETT),North East,Adamawa; Borno,Nigeria — Emergency Tracking Tool Report 55 (21—27 February 2018),https://dtm.iom.int/reports/nigeria-%E2%80%94-emergency-tracking-tool-report-55-21%E2%80%9427-february-2018,https://dtm.iom.int/sites/g/files/tmzbdl1461/files/reports/IOM%20Nigeria%20DTM%20Emergency%20Tracking%20Tool%20%28ETT%29%20-%20Report%20No.55_0.pdf,title:emergency tracking tool
1641,2018,2018-02-21,Emergency Tracking Tool (ETT),North East,Adamawa; Borno,Nigeria — Emergency Tracking Tool Report 54 (13—20 February 2018),https://dtm.iom.int/reports/nigeria-%E2%80%94-emergency-tracking-tool-report-54-13%E2%80%9420-february-2018,https://dtm.iom.int/sites/g/files/tmzbdl1461/files/reports/IOM%20Nigeria%20DTM%20Emergency%20Tracking%20Tool%20%28ETT%29%20-%20Report%20No.54.pdf,title:emergency tracking tool
1642,2018,2018-02-14,Flow Monitoring (migrants) – extra category,North Central; North West,Niger; Kano; Sokoto,Nigeria — Flow Monitoring Dashboard 11 (1—31 January 2018),https://dtm.iom.int/reports/nigeria-%E2%80%94-flow-monitoring-dashboard-11-1%E2%80%9431-january-2018,https://dtm.iom.int/sites/g/files/tmzbdl1461/files/reports/Nigeria%20FMP%20Dashboard%20January%202018.pdf,title:flow monitoring
1643,2018,2018-02-14,Emergency Tracking Tool (ETT),North East,Borno,Nigeria — Emergency Tracking Tool Report 53 (6—12 February 2018),https://dtm.iom.int/reports/nigeria-%E2%80%94-emergency-tracking-tool-report-53-6%E2%80%9412-february-2018,https://dtm.iom.int/sites/g/files/tmzbdl1461/files/reports/IOM%20Nigeria%20DTM%20Emergency%20Tracking%20Tool%20%28ETT%29%20-%20Report%20No.53.pdf,title:emergency tracking tool
1644,2018,2018-02-09,Mobility Tracking – IDP & Returnee Atlas,North East,Yobe,Nigeria — Yobe Site Profiles 21 (February 2018),https://dtm.iom.int/reports/nigeria-%E2%80%94-yobe-site-profiles-21-february-2018,https://dtm.iom.int/sites/g/files/tmzbdl1461/files/reports/Yobe%20all%20site%20profiles%20r21.pdf,title:site profile
1645,2018,2018-02-09,Mobility Tracking – IDP & Returnee Atlas,,,Nigeria — Site Assessment Dashboard 21 (January 2018),https://dtm.iom.int/reports/nigeria-%E2%80%94-site-assessment-dashboard-21-january-2018,https://dtm.iom.int/sites/g/files/tmzbdl1461/files/reports/02c%20DTM%20Nigeria%20Round%20XXI%20Dashboard%20of%20Site%20Assessment.pdf,title:site assessment
1646,2018,2018-02-09,Mobility Tracking – IDP & Returnee Atlas,,,Nigeria — List of Wards Assessed 21 (February 2018),https://dtm.iom.int/reports/nigeria-%E2%80%94-list-wards-assessed-21-february-2018,https://dtm.iom.int/sites/g/files/tmzbdl1461/files/reports/08%20DTM%20Nigeria%20Round%20XXI%20List%20of%20Assessed%20Wards.pdf,title:list of wards assessed
1647,2018,2018-02-09,Mobility Tracking – IDP & Returnee Atlas,,,Nigeria — List of Displacement Sites Assessed 21 (January 2018),https://dtm.iom.int/reports/nigeria-%E2%80%94-list-displacement-sites-assessed-21-january-2018,https://dtm.iom.int/sites/g/files/tmzbdl1461/files/reports/07%20DTM%20Nigeria%20Round%20XXI%20List%20of%20Assessed%20Sites.pdf,title:list of displacement sites
1648,2018,2018-02-09,Mobility Tracking – IDP & Returnee Atlas,North East,,Nigeria — IDP Population Variation Dashboard 21 (January 2018),https://dtm.iom.int/reports/nigeria-%E2%80%94-idp-population-variation-dashboard-21-january-2018,https://dtm.iom.int/sites/g/files/tmzbdl1461/files/reports/02b%20DTM%20Nigeria%20Round%20XXI%20Dashboard%20of%20IDP%20Population%20Variation.pdf,title:idp population variation
1649,2018,2018-02-09,Mobility Tracking – IDP & Returnee Atlas,,,Nigeria — Displacement Report 21 (February 2018),https://dtm.iom.int/reports/nigeria-%E2%80%94-displacement-report-21-february-2018,https://dtm.iom.int/sites/g/files/tmzbdl1461/files/reports/01%20DTM%20Nigeria%20Round%20XXI%20Report%20February%202018.pdf,title:displacement report
1650,2018,2018-02-09,Mobility Tracking – IDP & Returnee Atlas,North East,Adamawa; Borno; Yobe; Gombe; Taraba; Bauchi,Nigeria — Displacement Dashboard 21 (January 2018),https://dtm.iom.int/reports/nigeria-%E2%80%94-displacement-dashboard-21-january-2018,https://dtm.iom.int/sites/g/files/tmzbdl1461/files/reports/02a%20DTM%20Nigeria%20Round%20XXI%20Dashboard%20of%20Baseline%20Assessment.pdf,title:displacement dashboard
1651,2018,2018-02-09,Mobility Tracking – IDP & Returnee Atlas,North East,Borno,Nigeria — Borno Site Profiles 21 (February 2018),https://dtm.iom.int/reports/nigeria-%E2%80%94-borno-site-profiles-21-february-2018,https://dtm.iom.int/sites/g/files/tmzbdl1461/files/reports/all%20sites%20borno%20Round21.pdf,title:site profile
1652,2018,2018-02-09,Mobility Tracking – IDP & Returnee Atlas,North East,Bauchi,Nigeria — Bauchi Site Profiles 21 (February 2018),https://dtm.iom.int/reports/nigeria-%E2%80%94-bauchi-site-profiles-21-february-2018,https://dtm.iom.int/sites/g/files/tmzbdl1461/files/reports/merged%20%282%29.pdf,title:site profile
1653,2018,2018-02-09,Mobility Tracking – IDP & Returnee Atlas,North East,Adamawa,Nigeria — Adamawa Site Profiles 21 (February 2018),https://dtm.iom.int/reports/nigeria-%E2%80%94-adamawa-site-profiles-21-february-2018,https://dtm.iom.int/sites/g/files/tmzbdl1461/files/reports/Adamawa%20All%20site%20profiles%20r21.pdf,title:site profile
1654,2018,2018-02-08,Mobility Tracking – IDP & Returnee Atlas,North East,Taraba,Nigeria — Taraba Site Profiles 21 (February 2018),https://dtm.iom.int/reports/nigeria-%E2%80%94-taraba-site-profiles-21-february-2018,https://dtm.iom.int/sites/g/files/tmzbdl1461/files/reports/Taraba%20all%20site%20profiles%20R21.pdf,title:site profile
1655,2018,2018-02-08,Emergency Tracking Tool (ETT),North East,Adamawa; Borno,Nigeria — Emergency Tracking Tool Report 52 (30 January — 5 February 2018),https://dtm.iom.int/reports/nigeria-%E2%80%94-emergency-tracking-tool-report-52-30-january-%E2%80%94-5-february-2018,https://dtm.iom.int/sites/g/files/tmzbdl1461/files/reports/IOM%20Nigeria%20DTM%20Emergency%20Tracking%20Tool%20%28ETT%29%20-%20Report%20No.52.pdf,title:emergency tracking tool
1656,2018,2018-01-31,Emergency Tracking Tool (ETT),North East,Adamawa; Borno,Nigeria — Emergency Tracking Tool Report 51 (23—29 January 2018),https://dtm.iom.int/reports/nigeria-%E2%80%94-emergency-tracking-tool-report-51-23%E2%80%9429-january-2018,https://dtm.iom.int/sites/g/files/tmzbdl1461/files/reports/IOM%20Nigeria%20DTM%20Emergency%20Tracking%20Tool%20%28ETT%29%20-%20Report%20No.51_0.pdf,title:emergency tracking tool
1657,2018,2018-01-24,Emergency Tracking Tool (ETT),North East,Adamawa; Borno,Nigeria — Emergency Tracking Tool Report 50 (16—22 January 2018),https://dtm.iom.int/reports/nigeria-%E2%80%94-emergency-tracking-tool-report-50-16%E2%80%9422-january-2018,https://dtm.iom.int/sites/g/files/tmzbdl1461/files/reports/IOM%20Nigeria%20DTM%20Emergency%20Tracking%20Tool%20%28ETT%29%20-%20Report%20No.50.pdf,title:emergency tracking tool
1658,2018,2018-01-17,Biometric Registration Report,,,Nigeria — Custom House Camp Biometric Registration Report (13 January 2018),https://dtm.iom.int/reports/nigeria-%E2%80%94-custom-house-camp-biometric-registration-report-13-january-2018,https://dtm.iom.int/sites/g/files/tmzbdl1461/files/reports/Custom%20House%20Camp%20Jere-Biometric%20Registration%20Update_January%202018.pdf,title:biometric
1659,2018,2018-01-16,Emergency Tracking Tool (ETT),North East,Adamawa; Borno,Nigeria — Emergency Tracking Tool Report 49 (9—15 January 2018),https://dtm.iom.int/reports/nigeria-%E2%80%94-emergency-tracking-tool-report-49-9%E2%80%9415-january-2018,https://dtm.iom.int/sites/g/files/tmzbdl1461/files/reports/IOM%20Nigeria%20DTM%20Emergency%20Tracking%20Tool%20%28ETT%29%20-%20Report%20No.49_0.pdf,title:emergency tracking tool
1660,2018,2018-01-11,Emergency Tracking Tool (ETT),North East,Adamawa; Borno,Nigeria — Emergency Tracking Tool Report 48 (3—8 January 2018),https://dtm.iom.int/reports/nigeria-%E2%80%94-emergency-tracking-tool-report-48-3%E2%80%948-january-2018,https://dtm.iom.int/sites/g/files/tmzbdl1461/files/reports/IOM%20Nigeria%20DTM%20Emergency%20Tracking%20Tool%20%28ETT%29%20-%20Report%20No.%2048.pdf,title:emergency tracking tool
1661,2018,2018-01-05,Incident / Flash Report,,,Nigeria — IDP Movement in Nganzai and Monguno LGAs Subject Flash Report 7 (5 January 2018),https://dtm.iom.int/reports/nigeria-%E2%80%94-idp-movement-nganzai-and-monguno-lgas-subject-flash-report-7-5-january-2018,https://dtm.iom.int/sites/g/files/tmzbdl1461/files/reports/IOM%20Nigeria%20Flash%20Report%20VII%20-%20IDP%20Movement%20in%20Nganzai%20and%20Monguno%20LGAs_0.pdf,title:flash report
1662,2018,2018-01-03,Emergency Tracking Tool (ETT),North East,Adamawa; Borno,Nigeria — Emergency Tracking Tool Report #47 (27 December 2017 — 2 January 2018),https://dtm.iom.int/reports/nigeria-%E2%80%94-emergency-tracking-tool-report-47-27-december-2017-%E2%80%94-2-january-2018,https://dtm.iom.int/sites/g/files/tmzbdl1461/files/reports/IOM%20Nigeria%20DTM%20Emergency%20Tracking%20Tool%20%28ETT%29%20-%20Report%20No.%2047.pdf,title:emergency tracking tool
1663,2018,2018-01-01,Flow Monitoring (migrants) – extra category,North West,Kano; Sokoto,Nigeria — Flow Monitoring Dashboard 10 (1—31 December 2017),https://dtm.iom.int/reports/nigeria-%E2%80%94-flow-monitoring-dashboard-10-1%E2%80%9431-december-2017,https://dtm.iom.int/sites/g/files/tmzbdl1461/files/reports/Nigeria%20FMP%20Dashboard%20December%202017_0.pdf,title:flow monitoring
1664,2017,2017-12-31,Mobility Tracking – IDP & Returnee Atlas,North East,Yobe,Nigeria — Yobe Site Profiles 20 (15 November — 8 December 2017),https://dtm.iom.int/reports/nigeria-%E2%80%94-yobe-site-profiles-20-15-november-%E2%80%94-8-december-2017,https://dtm.iom.int/sites/g/files/tmzbdl1461/files/reports/12%20DTM%20Nigeria%20Round%20XX%20Yobe%20Sites%20Profiles.pdf,title:site profile
1665,2017,2017-12-31,Mobility Tracking – IDP & Returnee Atlas,North East,Taraba,Nigeria — Taraba Site Profiles 20 (15 November — 8 December 2017),https://dtm.iom.int/reports/nigeria-%E2%80%94-taraba-site-profiles-20-15-november-%E2%80%94-8-december-2017,https://dtm.iom.int/sites/g/files/tmzbdl1461/files/reports/11%20DTM%20Nigeria%20Round%20XX%20Taraba%20Sites%20Profiles.pdf,title:site profile
1666,2017,2017-12-31,Mobility Tracking – IDP & Returnee Atlas,,,Nigeria — Site Assessment Dashboard 20 (December 2017),https://dtm.iom.int/reports/nigeria-%E2%80%94-site-assessment-dashboard-20-december-2017,https://dtm.iom.int/sites/g/files/tmzbdl1461/files/reports/02c%20DTM%20Nigeria%20Round%20XX%20Dashboard%20of%20Site%20Assessment.pdf,title:site assessment
1667,2017,2017-12-31,Mobility Tracking – IDP & Returnee Atlas,,,Nigeria — List of Wards Assessed 20 (15 November  — 8 December 2017),https://dtm.iom.int/reports/nigeria-%E2%80%94-list-wards-assessed-20-15-november-%E2%80%94-8-december-2017,https://dtm.iom.int/sites/g/files/tmzbdl1461/files/reports/08%20DTM%20Nigeria%20Round%20XX%20List%20of%20Assessed%20Wards.pdf,title:list of wards assessed
1668,2017,2017-12-31,Mobility Tracking – IDP & Returnee Atlas,,,Nigeria — List of Displacement Sites Assessed 20 (15 November — 8 December 2017),https://dtm.iom.int/reports/nigeria-%E2%80%94-list-displacement-sites-assessed-20-15-november-%E2%80%94-8-december-2017,https://dtm.iom.int/sites/g/files/tmzbdl1461/files/reports/07%20DTM%20Nigeria%20Round%20XX%20List%20of%20Assessed%20Sites.pdf,title:list of displacement sites
1669,2017,2017-12-31,Mobility Tracking – IDP & Returnee Atlas,North East,,Nigeria — IDP Population Variation Dashboard 20 (December 2017),https://dtm.iom.int/reports/nigeria-%E2%80%94-idp-population-variation-dashboard-20-december-2017,https://dtm.iom.int/sites/g/files/tmzbdl1461/files/reports/02b%20DTM%20Nigeria%20Round%20XX%20Dashboard%20of%20IDP%20Population%20Variation.pdf,title:idp population variation
1670,2017,2017-12-31,Mobility Tracking – IDP & Returnee Atlas,,,Nigeria — Displacement Report 20 (December 2017),https://dtm.iom.int/reports/nigeria-%E2%80%94-displacement-report-20-december-2017,https://dtm.iom.int/sites/g/files/tmzbdl1461/files/reports/01%20DTM%20Nigeria%20Round%20XX%20Report%20December%202017%20%282%29.pdf,title:displacement report
1671,2017,2017-12-31,Mobility Tracking – IDP & Returnee Atlas,North East,Adamawa; Borno; Yobe; Gombe; Taraba; Bauchi,Nigeria — Displacement Dashboard 20 (December 2017),https://dtm.iom.int/reports/nigeria-%E2%80%94-displacement-dashboard-20-december-2017,https://dtm.iom.int/sites/g/files/tmzbdl1461/files/reports/02a%20DTM%20Nigeria%20Round%20XX%20Dashboard%20of%20Baseline%20Assessment%20%281%29.pdf,title:displacement dashboard
1672,2017,2017-12-31,Mobility Tracking – IDP & Returnee Atlas,North East,Borno,Nigeria — Borno Site Profiles 20 (15 November — 8 December 2017),https://dtm.iom.int/reports/nigeria-%E2%80%94-borno-site-profiles-20-15-november-%E2%80%94-8-december-2017,https://dtm.iom.int/sites/g/files/tmzbdl1461/files/reports/10%20DTM%20Nigeria%20Round%20XX%20Borno%20Site%20Profiles.pdf,title:site profile
1673,2017,2017-12-31,Mobility Tracking – IDP & Returnee Atlas,North East,Adamawa,Nigeria — Adamawa Site Profiles 20 (15 November — 8 December 2017),https://dtm.iom.int/reports/nigeria-%E2%80%94-adamawa-site-profiles-20-15-november-%E2%80%94-8-december-2017,https://dtm.iom.int/sites/g/files/tmzbdl1461/files/reports/09%20DTM%20Nigeria%20Round%20XX%20Adamawa%20Sites%20Profiles.pdf,title:site profile
1674,2017,2017-12-29,Emergency Tracking Tool (ETT),North East,Adamawa; Borno,Nigeria — Emergency Tracking Tool Report 46 (19—26 December 2017),https://dtm.iom.int/reports/nigeria-%E2%80%94-emergency-tracking-tool-report-46-19%E2%80%9426-december-2017,https://dtm.iom.int/sites/g/files/tmzbdl1461/files/reports/IOM%20Nigeria%20DTM%20Emergency%20Tracking%20Tool%20%28ETT%29%20-%20Report%20No.%2046.pdf,title:emergency tracking tool
1675,2017,2017-12-28,Incident / Flash Report,,,Nigeria — New Arrivals in Wege Arrival Camp Flash Report (28 December 2017),https://dtm.iom.int/reports/nigeria-%E2%80%94-new-arrivals-wege-arrival-camp-flash-report-28-december-2017,https://dtm.iom.int/sites/g/files/tmzbdl1461/files/reports/IOM%20Nigeria%20Flash%20Report%20VI%20-%20New%20Arrivals%20in%20Wege%20Arrival%20Camp%2C%20Pulka.pdf,title:flash report
1676,2017,2017-12-20,Emergency Tracking Tool (ETT),,,Nigeria — Emergency Tracking Tool Report 45 (12—18 December 2017),https://dtm.iom.int/reports/nigeria-%E2%80%94-emergency-tracking-tool-report-45-12%E2%80%9418-december-2017,https://dtm.iom.int/sites/g/files/tmzbdl1461/files/reports/IOM%20Nigeria%20DTM%20Emergency%20Tracking%20Tool%20%28ETT%29%20-%20Report%20No.%2045_0.pdf,title:emergency tracking tool
1677,2017,2017-12-19,Biometric Registration Report,,,Nigeria — Biometric Registration Report General Hospital Camp Bama (30 November 2017),https://dtm.iom.int/reports/nigeria-%E2%80%94-biometric-registration-report-general-hospital-camp-bama-30-november-2017,https://dtm.iom.int/sites/g/files/tmzbdl1461/files/reports/General%20Hospital%20Camp%20Bama_Biometric%20Registration%20Update%20-%20November%202017.pdf,title:biometric
1678,2017,2017-12-14,Emergency Tracking Tool (ETT),North East,Adamawa; Borno,Nigeria — Emergency Tracking Tool Report 44 (5—11 December 2017),https://dtm.iom.int/reports/nigeria-%E2%80%94-emergency-tracking-tool-report-44-5%E2%80%9411-december-2017,https://dtm.iom.int/sites/g/files/tmzbdl1461/files/reports/IOM%20Nigeria%20DTM%20Emergency%20Tracking%20Tool%20%28ETT%29%20-%20Report%20No.%2044.pdf,title:emergency tracking tool
1679,2017,2017-12-11,Incident / Flash Report,,,Nigeria — Monguno Fire Outbreak Flash Report (8 December 2017),https://dtm.iom.int/reports/nigeria-%E2%80%94-monguno-fire-outbreak-flash-report-8-december-2017,https://dtm.iom.int/sites/g/files/tmzbdl1461/files/reports/Nigeria%20-%20Monguno%20Fire%20Outbreak%20Flash%20Report%20%288%20December%202017%29.pdf,title:flash report
1680,2017,2017-12-06,Emergency Tracking Tool (ETT),,,Nigeria — Emergency Tracking Tool Report 43 (28 November — 4 December 2017),https://dtm.iom.int/reports/nigeria-%E2%80%94-emergency-tracking-tool-report-43-28-november-%E2%80%94-4-december-2017,https://dtm.iom.int/sites/g/files/tmzbdl1461/files/reports/IOM%20Nigeria%20DTM%20Emergency%20Tracking%20Tool%20%28ETT%29%20-%20Report%20No.%2043.pdf,title:emergency tracking tool
1681,2017,2017-12-01,Flow Monitoring (migrants) – extra category,North West,Kano; Sokoto,Nigeria — Flow Monitoring Dashboard 9 (1-30 November 2017),https://dtm.iom.int/reports/nigeria-%E2%80%94-flow-monitoring-dashboard-9-1-30-november-2017,https://dtm.iom.int/sites/g/files/tmzbdl1461/files/reports/Nigeria%20FMP%20Dashboard%20November%202017_0.pdf,title:flow monitoring
1682,2017,2017-12-01,Biometric Registration Report,North East,Borno,Nigeria — Biometric Registration Report Ngala (24 November 2017),https://dtm.iom.int/reports/nigeria-%E2%80%94-biometric-registration-report-ngala-24-november-2017,https://dtm.iom.int/sites/g/files/tmzbdl1461/files/reports/Ngala%20Biometric%20Registration%20Update%20-%20November%202017_0.pdf,title:biometric
1683,2017,2017-11-30,Mobility Tracking – IDP & Returnee Atlas,,,Nigeria — Site Assessment Dashboard 19 (October 2017),https://dtm.iom.int/reports/nigeria-%E2%80%94-site-assessment-dashboard-19-october-2017,https://dtm.iom.int/sites/g/files/tmzbdl1461/files/reports/02c%20DTM%20Nigeria%20Round%20XIX%20Dashboard%20of%20Site%20Assessment_0.pdf,title:site assessment
1684,2017,2017-11-30,Emergency Tracking Tool (ETT),North East,Adamawa; Borno,Nigeria — Emergency Tracking Tool Report 42 (22—27 November 2017),https://dtm.iom.int/reports/nigeria-%E2%80%94-emergency-tracking-tool-report-42-22%E2%80%9427-november-2017,https://dtm.iom.int/sites/g/files/tmzbdl1461/files/reports/IOM%20Nigeria%20DTM%20Emergency%20Tracking%20Tool%20%28ETT%29%20-%20Report%20No.%2042.pdf,title:emergency tracking tool
1685,2017,2017-11-30,Biometric Registration Report,,,Nigeria — Biometric Registration Report Damboa (3 November 2017),https://dtm.iom.int/reports/nigeria-%E2%80%94-biometric-registration-report-damboa-3-november-2017,https://dtm.iom.int/sites/g/files/tmzbdl1461/files/reports/Damboa%20Biometric%20Registration%20Update%20-%20November%202017_1.pdf,title:biometric
1686,2017,2017-11-27,Emergency Tracking Tool (ETT),North East,Adamawa; Borno,Nigeria — Emergency Tracking Tool Report 41 (14—21 November 2017),https://dtm.iom.int/reports/nigeria-%E2%80%94-emergency-tracking-tool-report-41-14%E2%80%9421-november-2017-0,https://dtm.iom.int/sites/g/files/tmzbdl1461/files/reports/IOM%20Nigeria%20DTM%20Emergency%20Tracking%20Tool%20%28ETT%29%20-%20Report%20No.%2041_0.pdf,title:emergency tracking tool
1687,2017,2017-11-14,Emergency Tracking Tool (ETT),North East,Adamawa; Borno,Nigeria — Emergency Tracking Tool Report 40 (8—13 November),https://dtm.iom.int/reports/nigeria-%E2%80%94-emergency-tracking-tool-report-40-8%E2%80%9413-november,https://dtm.iom.int/sites/g/files/tmzbdl1461/files/reports/IOM%20Nigeria%20DTM%20Emergency%20Tracking%20Tool%20%28ETT%29%20-%20Report%20No.%2040.pdf,title:emergency tracking tool
1688,2017,2017-11-08,Emergency Tracking Tool (ETT),North East,Adamawa; Borno,Nigeria — Emergency Tracking Tool Report 39 (31 October — 7 November 2017),https://dtm.iom.int/reports/nigeria-%E2%80%94-emergency-tracking-tool-report-39-31-october-%E2%80%94-7-november-2017,https://dtm.iom.int/sites/g/files/tmzbdl1461/files/reports/IOM%20Nigeria%20DTM%20Emergency%20Tracking%20Tool%20%28ETT%29%20-%20Report%20No.%2039.pdf,title:emergency tracking tool
1689,2017,2017-11-03,Mobility Tracking – IDP & Returnee Atlas,North East,Yobe,Nigeria — Yobe Site Profiles 19 (3—24 September 2017),https://dtm.iom.int/reports/nigeria-%E2%80%94-yobe-site-profiles-19-3%E2%80%9424-september-2017,https://dtm.iom.int/sites/g/files/tmzbdl1461/files/reports/12%20DTM%20Nigeria%20Round%20XIX%20Yobe%20Sites%20Profiles.pdf,title:site profile
1690,2017,2017-11-03,Mobility Tracking – IDP & Returnee Atlas,North East,Taraba,Nigeria — Taraba Site Profiles 19 (3—24 September 2017),https://dtm.iom.int/reports/nigeria-%E2%80%94-taraba-site-profiles-19-3%E2%80%9424-september-2017,https://dtm.iom.int/sites/g/files/tmzbdl1461/files/reports/11%20DTM%20Nigeria%20Round%20XIX%20Taraba%20Sites%20Profiles.pdf,title:site profile
1691,2017,2017-11-03,Mobility Tracking – IDP & Returnee Atlas,,,Nigeria — List of Wards Assessed 19 (3—24 September 2017),https://dtm.iom.int/reports/nigeria-%E2%80%94-list-wards-assessed-19-3%E2%80%9424-september-2017,https://dtm.iom.int/sites/g/files/tmzbdl1461/files/reports/08%20DTM%20Nigeria%20Round%20XIX%20List%20of%20Assessed%20Wards_1.pdf,title:list of wards assessed
1692,2017,2017-11-03,Mobility Tracking – IDP & Returnee Atlas,,,Nigeria — List of Displacement Sites Assessed 19 (3—24 September 2017),https://dtm.iom.int/reports/nigeria-%E2%80%94-list-displacement-sites-assessed-19-3%E2%80%9424-september-2017,https://dtm.iom.int/sites/g/files/tmzbdl1461/files/reports/07%20DTM%20Nigeria%20Round%20XIX%20List%20of%20Assessed%20Sites_0.pdf,title:list of displacement sites
1693,2017,2017-11-03,Mobility Tracking – IDP & Returnee Atlas,North East,,Nigeria — IDP Population Variation Dashboard 19 (October 2017),https://dtm.iom.int/reports/nigeria-%E2%80%94-idp-population-variation-dashboard-19-october-2017,https://dtm.iom.int/sites/g/files/tmzbdl1461/files/reports/02b%20DTM%20Nigeria%20Round%20XIX%20Dashboard%20of%20IDP%20Population%20Variation_0.pdf,title:idp population variation
1694,2017,2017-11-03,Mobility Tracking – IDP & Returnee Atlas,,,Nigeria — Displacement Report 19 (October 2017),https://dtm.iom.int/reports/nigeria-%E2%80%94-displacement-report-19-october-2017,https://dtm.iom.int/sites/g/files/tmzbdl1461/files/reports/Nigeria_DTM_Round_XIX_Report_201710.pdf,title:displacement report
1695,2017,2017-11-03,Mobility Tracking – IDP & Returnee Atlas,North East,Adamawa; Borno; Yobe; Gombe; Taraba; Bauchi,Nigeria — Displacement Dashboard 19 (October 2017),https://dtm.iom.int/reports/nigeria-%E2%80%94-displacement-dashboard-19-october-2017,https://dtm.iom.int/sites/g/files/tmzbdl1461/files/reports/02a%20DTM%20Nigeria%20Round%20XIX%20Dashboard%20of%20Baseline%20Assessment_0.pdf,title:displacement dashboard
1696,2017,2017-11-03,Mobility Tracking – IDP & Returnee Atlas,North East,Borno,Nigeria — Borno Site Profiles 19 (3—24 September 2017),https://dtm.iom.int/reports/nigeria-%E2%80%94-borno-site-profiles-19-3%E2%80%9424-september-2017,https://dtm.iom.int/sites/g/files/tmzbdl1461/files/reports/10%20DTM%20Nigeria%20Round%20XIX%20Borno%20Site%20Profiles.pdf,title:site profile
1697,2017,2017-11-03,Biometric Registration Report,,,Nigeria — Biometric Registration Report Banki Camp (1 November 2017),https://dtm.iom.int/reports/nigeria-%E2%80%94-biometric-registration-report-banki-camp-1-november-2017,https://dtm.iom.int/sites/g/files/tmzbdl1461/files/reports/Banki%20Biometric%20Registration%20Update%20-%20November%202017.pdf,title:biometric
1698,2017,2017-11-03,Mobility Tracking – IDP & Returnee Atlas,North East,Adamawa,Nigeria — Adamawa Site Profiles 19 (3—24 September 2017),https://dtm.iom.int/reports/nigeria-%E2%80%94-adamawa-site-profiles-19-3%E2%80%9424-september-2017,https://dtm.iom.int/sites/g/files/tmzbdl1461/files/reports/09%20DTM%20Nigeria%20Round%20XIX%20Adamawa%20Sites%20Profiles.pdf,title:site profile
1699,2017,2017-11-01,Flow Monitoring (migrants) – extra category,North West,Kano; Sokoto,"Nigeria — Flow Monitoring Dashboard 8 (1—31 October, 2017)",https://dtm.iom.int/reports/nigeria-%E2%80%94-flow-monitoring-dashboard-8-1%E2%80%9431-october-2017,https://dtm.iom.int/sites/g/files/tmzbdl1461/files/reports/Nigeria%20FMP%20Dashboard%20October%202017.pdf,title:flow monitoring
1700,2017,2017-11-01,Emergency Tracking Tool (ETT),North East,Adamawa; Borno,Nigeria — Emergency Tracking Tool Report 38 (24—30 October 2017),https://dtm.iom.int/reports/nigeria-%E2%80%94-emergency-tracking-tool-report-38-24%E2%80%9430-october-2017,https://dtm.iom.int/sites/g/files/tmzbdl1461/files/reports/IOM%20Nigeria%20DTM%20Emergency%20Tracking%20Tool%20%28ETT%29%20-%20Report%20No.%2038.pdf,title:emergency tracking tool
1701,2017,2017-10-25,Emergency Tracking Tool (ETT),North East,Adamawa; Borno,Nigeria — Emergency Tracking Tool Report 37 (17—23 October 2017),https://dtm.iom.int/reports/nigeria-%E2%80%94-emergency-tracking-tool-report-37-17%E2%80%9423-october-2017,https://dtm.iom.int/sites/g/files/tmzbdl1461/files/reports/IOM%20Nigeria%20DTM%20Emergency%20Tracking%20Tool%20%28ETT%29%20-%20Report%20No.%2037.pdf,title:emergency tracking tool
1702,2017,2017-10-25,Emergency Tracking Tool (ETT),North East,Adamawa; Borno,Nigeria — Emergency Tracking Tool Report 35 (2—9 October 2017),https://dtm.iom.int/reports/nigeria-%E2%80%94-emergency-tracking-tool-report-35-2%E2%80%949-october-2017,https://dtm.iom.int/sites/g/files/tmzbdl1461/files/reports/IOM%20Nigeria%20DTM%20Emergency%20Tracking%20Tool%20%28ETT%29%20-%20Report%20No.%2035.pdf,title:emergency tracking tool
1703,2017,2017-10-18,Emergency Tracking Tool (ETT),North East,Adamawa; Borno,Nigeria — Emergency Tracking Tool Report 36 (10—16 October 2017),https://dtm.iom.int/reports/nigeria-%E2%80%94-emergency-tracking-tool-report-36-10%E2%80%9416-october-2017,https://dtm.iom.int/sites/g/files/tmzbdl1461/files/reports/IOM%20Nigeria%20DTM%20Emergency%20Tracking%20Tool%20%28ETT%29%20Report%20-%20No.%2036.pdf,title:emergency tracking tool
1704,2017,2017-10-03,Emergency Tracking Tool (ETT),North East,Adamawa; Borno,Nigeria — Emergency Tracking Tool Report 34 (26 September — 2 October 2017),https://dtm.iom.int/reports/nigeria-%E2%80%94-emergency-tracking-tool-report-34-26-september-%E2%80%94-2-october-2017,https://dtm.iom.int/sites/g/files/tmzbdl1461/files/reports/IOM%20Nigeria%20DTM%20Emergency%20Tracking%20Tool%20%28ETT%29%20Report%20-%20No.%2034.pdf,title:emergency tracking tool
1705,2017,2017-10-01,Flow Monitoring (migrants) – extra category,North West,Kano; Sokoto,Nigeria — Flow Monitoring Dashboard 7 (1—30 September 2017),https://dtm.iom.int/reports/nigeria-%E2%80%94-flow-monitoring-dashboard-7-1%E2%80%9430-september-2017,https://dtm.iom.int/sites/g/files/tmzbdl1461/files/reports/Nigeria%20FMP%20Dashboard%20September%202017_0.pdf,title:flow monitoring
1706,2017,2017-09-27,Emergency Tracking Tool (ETT),,,Nigeria — Emergency Tracking Tool Report 33 (19—25 September 2017),https://dtm.iom.int/reports/nigeria-%E2%80%94-emergency-tracking-tool-report-33-19%E2%80%9325-september-2017,https://dtm.iom.int/sites/g/files/tmzbdl1461/files/reports/IOM%20Nigeria%20DTM%20Emergency%20Tracking%20Tool%20%28ETT%29%20Report%20-%20No.%2033.pdf,title:emergency tracking tool
1707,2017,2017-09-19,Emergency Tracking Tool (ETT),,,Nigeria — Emergency Tracking Tool Report 32 (12-18 September 2017),https://dtm.iom.int/reports/nigeria-%E2%80%94-emergency-tracking-tool-report-32-12-18-september-2017,https://dtm.iom.int/sites/g/files/tmzbdl1461/files/reports/IOM%20Nigeria%20DTM%20Emergency%20Tracking%20Tool%20%28ETT%29%20Report%20-%20No.%2032.pdf,title:emergency tracking tool
1708,2017,2017-09-13,Mobility Tracking – IDP & Returnee Atlas,North East,,Nigeria — IDP Population Variation Dashboard 18 (August 2017),https://dtm.iom.int/reports/nigeria-%E2%80%94-idp-population-variation-dashboard-18-august-2017,https://dtm.iom.int/sites/g/files/tmzbdl1461/files/reports/02b%20DTM%20Nigeria%20Round%20XVIII%20Dashboard%20of%20IDP%20Population%20Variation.pdf,title:idp population variation
1709,2017,2017-09-13,Emergency Tracking Tool (ETT),North East,Adamawa,Nigeria — Emergency Tracking Tool Report 31 (4—12 September 2017),https://dtm.iom.int/reports/nigeria-%E2%80%94-emergency-tracking-tool-report-31-4%E2%80%9412-september-2017,https://dtm.iom.int/sites/g/files/tmzbdl1461/files/reports/IOM%20Nigeria%20DTM%20Emergency%20Tracking%20Tool%20%28ETT%29%20-%20Report%2031.pdf,title:emergency tracking tool
1710,2017,2017-09-11,Mobility Tracking – IDP & Returnee Atlas,North East,Yobe,Nigeria — Yobe Site Profiles 18 (25 July — 15 August 2017),https://dtm.iom.int/reports/nigeria-%E2%80%94-yobe-site-profiles-18-25-july-%E2%80%94-15-august-2017,https://dtm.iom.int/sites/g/files/tmzbdl1461/files/reports/DTM%20Nigeria%20Yobe%20Site%20Profile%20Round%2018.pdf,title:site profile
1711,2017,2017-09-11,Mobility Tracking – IDP & Returnee Atlas,North East,Taraba,Nigeria — Taraba Site Profiles 18 (25 July — 15 August 2017),https://dtm.iom.int/reports/nigeria-%E2%80%94-taraba-site-profiles-18-25-july-%E2%80%94-15-august-2017,https://dtm.iom.int/sites/g/files/tmzbdl1461/files/reports/DTM%20Nigeria%20Taraba%20Site%20Profiles%20Round%2018.pdf,title:site profile
1712,2017,2017-09-11,Mobility Tracking – IDP & Returnee Atlas,,,Nigeria — Site Assessment Dashboard 18 (August 2017),https://dtm.iom.int/reports/nigeria-%E2%80%94-site-assessment-dashboard-18-august-2017,https://dtm.iom.int/sites/g/files/tmzbdl1461/files/reports/DTM%20Nigeria%20Round%2018%20Site%20Assessment%20Dashboard.pdf,title:site assessment
1713,2017,2017-09-11,Mobility Tracking – IDP & Returnee Atlas,,,Nigeria — List of Wards Assessed 18 (25 July — 15 August 2017),https://dtm.iom.int/reports/nigeria-%E2%80%94-list-wards-assessed-18-25-july-%E2%80%94-15-august-2017,https://dtm.iom.int/sites/g/files/tmzbdl1461/files/reports/DTM%20Nigeria%20Round%2018%20List%20of%20Assessed%20Wards.pdf,title:list of wards assessed
1714,2017,2017-09-11,Mobility Tracking – IDP & Returnee Atlas,,,Nigeria — List of Displacement Sites Assessed 18 (25 July — 15 August 2017),https://dtm.iom.int/reports/nigeria-%E2%80%94-list-displacement-sites-assessed-18-25-july-%E2%80%94-15-august-2017,https://dtm.iom.int/sites/g/files/tmzbdl1461/files/reports/DTM%20Nigeria%20Round%2018%20List%20of%20Assessed%20Sites.pdf,title:list of displacement sites
1715,2017,2017-09-11,Mobility Tracking – IDP & Returnee Atlas,North East,Adamawa; Borno; Yobe; Gombe; Taraba; Bauchi,Nigeria — Displacement Report 18 (August 2017),https://dtm.iom.int/reports/nigeria-%E2%80%94-displacement-report-18-august-2017,https://dtm.iom.int/sites/g/files/tmzbdl1461/files/reports/01%20DTM%20Nigeria%20Round%20XVIII%20Report%20August%202017.pdf,title:displacement report
1716,2017,2017-09-11,Mobility Tracking – IDP & Returnee Atlas,North East,Adamawa; Borno; Yobe; Gombe; Taraba; Bauchi,Nigeria — Displacement Dashboard 18 (August 2017),https://dtm.iom.int/reports/nigeria-%E2%80%94-displacement-dashboard-18-august-2017,https://dtm.iom.int/sites/g/files/tmzbdl1461/files/reports/DTM%20Nigeria%20Round%2018%20Displacement%20Dashboard.pdf,title:displacement dashboard
1717,2017,2017-09-11,Mobility Tracking – IDP & Returnee Atlas,North East,Borno,Nigeria — Borno Site Profiles 18 (25 July — 15 August 2017),https://dtm.iom.int/reports/nigeria-%E2%80%94-borno-site-profiles-18-25-july-%E2%80%94-15-august-2017,https://dtm.iom.int/sites/g/files/tmzbdl1461/files/reports/DTM%20Nigeria%20Borno%20Site%20Profile%20Round%2018.pdf,title:site profile
1718,2017,2017-09-11,Mobility Tracking – IDP & Returnee Atlas,North East,Adamawa,Nigeria — Adamawa Site Profiles 18 (25 July — 15 August 2017),https://dtm.iom.int/reports/nigeria-%E2%80%94-adamawa-site-profiles-18-25-july-%E2%80%94-15-august-2017,https://dtm.iom.int/sites/g/files/tmzbdl1461/files/reports/DTM%20Nigeria%20Adamawa%20Site%20Profile%20Round%2018.pdf,title:site profile
1719,2017,2017-09-06,Emergency Tracking Tool (ETT),,,Nigeria — Emergency Tracking Tool Report 30 (28 August — 3 September 2017),https://dtm.iom.int/reports/nigeria-%E2%80%94-emergency-tracking-tool-report-30-28-august-%E2%80%94-3-september-2017,https://dtm.iom.int/sites/g/files/tmzbdl1461/files/reports/IOM%20Nigeria%20DTM%20Emergency%20Tracking%20Tool%20%28ETT%29-Report%20No.30.pdf,title:emergency tracking tool
1720,2017,2017-09-01,Flow Monitoring (migrants) – extra category,North West,Kano; Sokoto,Nigeria — Flow Monitoring Dashboard 6 (1—31 August 2017),https://dtm.iom.int/reports/nigeria-%E2%80%94-flow-monitoring-dashboard-6-1%E2%80%9431-august-2017,https://dtm.iom.int/sites/g/files/tmzbdl1461/files/reports/Nigeria%20FMP%20Dashboard%20August%202017_0.pdf,title:flow monitoring
1721,2017,2017-09-01,Emergency Tracking Tool (ETT),,,Nigeria — Emergency Tracking Tool Report 29 (22—28 August 2017),https://dtm.iom.int/reports/nigeria-%E2%80%94-emergency-tracking-tool-report-29-22%E2%80%9428-august-2017,https://dtm.iom.int/sites/g/files/tmzbdl1461/files/reports/IOM%20Nigeria%20DTM%20Emergency%20Tracking%20Tool%20%28ETT%29%20Report%20-%20No.%2029.pdf,title:emergency tracking tool
1722,2017,2017-08-24,Emergency Tracking Tool (ETT),,,Nigeria — Emergency Tracking Tool Report 28 (14–22 August 2017),https://dtm.iom.int/reports/nigeria-%E2%80%94-emergency-tracking-tool-report-28-14%E2%80%9322-august-2017,https://dtm.iom.int/sites/g/files/tmzbdl1461/files/reports/IOM_Nigeria_DTM_Emergency_Tracking_Tool_%28ETT%29_Report_No_28.pdf,title:emergency tracking tool
1723,2017,2017-08-21,Incident / Flash Report,,,Nigeria — Displacements Flash Report (17 August 2017),https://dtm.iom.int/reports/nigeria-%E2%80%94-displacements-flash-report-17-august-2017,https://dtm.iom.int/sites/g/files/tmzbdl1461/files/reports/Nigeria%20-%20Displacements%20Flash%20Report%20%2817%20August%202017%29.pdf,title:flash report
1724,2017,2017-08-16,Emergency Tracking Tool (ETT),,,Nigeria — Emergency Tracking Tool Report 27 (7–13 August 2017),https://dtm.iom.int/reports/nigeria-%E2%80%94-emergency-tracking-tool-report-27-7%E2%80%9313-august-2017,https://dtm.iom.int/sites/g/files/tmzbdl1461/files/reports/IOM%20Nigeria%20DTM%20Emergency%20Tracking%20Tool%20%28ETT%29%20Report%20-%20No.%2027.pdf,title:emergency tracking tool
1725,2017,2017-08-09,Emergency Tracking Tool (ETT),,,Nigeria — Emergency Tracking Tool Report 26 (31 July – 7 August 2017),https://dtm.iom.int/reports/nigeria-%E2%80%94-emergency-tracking-tool-report-26-31-july-%E2%80%93-7-august-2017,https://dtm.iom.int/sites/g/files/tmzbdl1461/files/reports/IOM%20Nigeria%20DTM%20Emergency%20Tracking%20Tool%20%28ETT%29%20Report%20-%20No.%2026.pdf,title:emergency tracking tool
1726,2017,2017-08-04,Emergency Tracking Tool (ETT),,,Nigeria — Emergency Tracking Tool Report 25 (25 July — 1 August 2017),https://dtm.iom.int/reports/nigeria-%E2%80%94-emergency-tracking-tool-report-25-25-july-%E2%80%94-1-august-2017,https://dtm.iom.int/sites/g/files/tmzbdl1461/files/reports/IOM%20Nigeria%20DTM%20Emergency%20Tracking%20Tool%20%28ETT%29%20Report%20-%20No.%2025.pdf,title:emergency tracking tool
1727,2017,2017-08-01,Flow Monitoring (migrants) – extra category,North West,Kano; Sokoto,"Nigeria — Flow Monitoring Dashboard 5 (1—31 July, 2017)",https://dtm.iom.int/reports/nigeria-%E2%80%94-flow-monitoring-dashboard-5-1%E2%80%9431-july-2017,https://dtm.iom.int/sites/g/files/tmzbdl1461/files/reports/Nigeria%20FMP%20Dashboard%20July%202017.pdf,title:flow monitoring
1728,2017,2017-07-26,Emergency Tracking Tool (ETT),,,Nigeria — Emergency Tracking Tool Report 24 (24 July 2017),https://dtm.iom.int/reports/nigeria-%E2%80%94-emergency-tracking-tool-report-24-24-july-2017,https://dtm.iom.int/sites/g/files/tmzbdl1461/files/reports/IOM%20Nigeria%20DTM%20Emergency%20Tracking%20Tool%20%28ETT%29%20Report%20-%20No.%2024.pdf,title:emergency tracking tool
1729,2017,2017-07-26,Incident / Flash Report,North East,Borno,Nigeria — Accessibility Assessment Flash Report (23 July 2017),https://dtm.iom.int/reports/nigeria-%E2%80%94-accessibility-assessment-flash-report-23-july-2017,https://dtm.iom.int/sites/g/files/tmzbdl1461/files/reports/Nigeria%20-%20Accessibility%20Assessment%20Flash%20Report%20%2823%20July%202017%29.pdf,title:flash report
1730,2017,2017-07-19,Emergency Tracking Tool (ETT),,,Nigeria — Emergency Tracking Tool Report 23 (11—17 July 2017),https://dtm.iom.int/reports/nigeria-%E2%80%94-emergency-tracking-tool-report-23-11%E2%80%9417-july-2017,https://dtm.iom.int/sites/g/files/tmzbdl1461/files/reports/IOM%20Nigeria%20DTM%20Emergency%20Tracking%20Tool%20%28ETT%29%20Report%20-%20No.%2023.pdf,title:emergency tracking tool
1731,2017,2017-07-17,Mobility Tracking – IDP & Returnee Atlas,North East,Adamawa; Borno; Yobe; Gombe; Taraba; Bauchi,Nigeria — Displacement Report 17 (June 2017),https://dtm.iom.int/reports/nigeria-%E2%80%94-displacement-report-17-june-2017,https://dtm.iom.int/sites/g/files/tmzbdl1461/files/reports/01%20DTM%20Nigeria%20Round%20XVII%20Report%20June%202017.pdf,title:displacement report
1732,2017,2017-07-14,Incident / Flash Report,,,Nigeria — New IDP Arrivals Flash Report  (13 July 2017),https://dtm.iom.int/reports/nigeria-%E2%80%94-new-idp-arrivals-flash-report-13-july-2017,,title:flash report
1733,2017,2017-07-12,Emergency Tracking Tool (ETT),,,Nigeria — Emergency Tracking Tool Report 22 (3—10 July 2017),https://dtm.iom.int/reports/nigeria-%E2%80%94-emergency-tracking-tool-report-22-3%E2%80%9410-july-2017,https://dtm.iom.int/sites/g/files/tmzbdl1461/files/reports/IOM%20Nigeria%20DTM%20Emergency%20Tracking%20Tool%20%28ETT%29%20Report%20-%20No.%2022.pdf,title:emergency tracking tool
1734,2017,2017-07-05,Emergency Tracking Tool (ETT),,,Nigeria — Emergency Tracking Tool Report 21 (26 June—2 July 2017),https://dtm.iom.int/reports/nigeria-%E2%80%94-emergency-tracking-tool-report-21-26-june%E2%80%942-july-2017,https://dtm.iom.int/sites/g/files/tmzbdl1461/files/reports/IOM%20Nigeria%20DTM%20Emergency%20Tracking%20Tool%20%28ETT%29%20Report%20-%20No.%2021.pdf,title:emergency tracking tool
1735,2017,2017-07-01,Flow Monitoring (migrants) – extra category,North West,Kano; Sokoto,Nigeria — Flow Monitoring Dashboard 4 (1—30 June 2017),https://dtm.iom.int/reports/nigeria-%E2%80%94-flow-monitoring-dashboard-4-1%E2%80%9430-june-2017,https://dtm.iom.int/sites/g/files/tmzbdl1461/files/reports/Nigeria%20FMP%20Dashboard%20June%202017.pdf,title:flow monitoring
1736,2017,2017-06-28,Emergency Tracking Tool (ETT),,,Nigeria — Emergency Tracking Tool Report 20 (20—27 July 2017),https://dtm.iom.int/reports/nigeria-%E2%80%94-emergency-tracking-tool-report-20-20%E2%80%9427-july-2017,https://dtm.iom.int/sites/g/files/tmzbdl1461/files/reports/IOM%20Nigeria%20DTM%20Emergency%20Tracking%20Tool%20%28ETT%29%20Report%20-%20No.%2020.pdf,title:emergency tracking tool
1737,2017,2017-06-21,Emergency Tracking Tool (ETT),,,Nigeria — Emergency Tracking Tool Report 19 (12—19 June 2017),https://dtm.iom.int/reports/nigeria-%E2%80%94-emergency-tracking-tool-report-19-12%E2%80%9419-june-2017,https://dtm.iom.int/sites/g/files/tmzbdl1461/files/reports/IOM%20Nigeria%20DTM%20Emergency%20Tracking%20Tool%20%28ETT%29%20Report-No.19.pdf,title:emergency tracking tool
1738,2017,2017-06-19,Biometric Registration Report,,,Nigeria — Biometric Registration Update Mafa LGA (12—16 May 2017),https://dtm.iom.int/reports/nigeria-%E2%80%94-biometric-registration-update-mafa-lga-12%E2%80%9416-may-2017,https://dtm.iom.int/sites/g/files/tmzbdl1461/files/reports/Biometric%20Registration%20Update%20-%20Mafa.pdf,title:biometric
1739,2017,2017-06-19,Biometric Registration Report,,,Nigeria — Biometric Registration Update Bama IDP Camp (23—31 May 2017),https://dtm.iom.int/reports/nigeria-%E2%80%94-biometric-registration-update-bama-idp-camp-23%E2%80%9431-may-2017,https://dtm.iom.int/sites/g/files/tmzbdl1461/files/reports/Biometric%20Registration%20Update%20-%20Bama.pdf,title:biometric
1740,2017,2017-06-14,Incident / Flash Report,,,Nigeria —  Storm Damage to IDP Sites Flash Report 3 (13 June 2017),https://dtm.iom.int/reports/nigeria-%E2%80%94-storm-damage-idp-sites-flash-report-3-13-june-2017,https://dtm.iom.int/sites/g/files/tmzbdl1461/files/reports/IOM%20Nigeria%20Flash%20Report%20III-%20Storm%20Damage%20to%20IDPs%20Sites%2013062017.pdf,title:flash report
1741,2017,2017-06-12,Emergency Tracking Tool (ETT),,,Nigeria — Emergency Tracking Tool Report 18 (6—12 June 2017),https://dtm.iom.int/reports/nigeria-%E2%80%94-emergency-tracking-tool-report-18-6%E2%80%9412-june-2017,https://dtm.iom.int/sites/g/files/tmzbdl1461/files/reports/IOM%20Nigeria%20DTM%20Emergency%20Tracking%20Tool%20%28ETT%29%20-%20Report%20No.%2018.pdf,title:emergency tracking tool
1742,2017,2017-06-09,Emergency Tracking Tool (ETT),,,Nigeria — Emergency Tracking Tool Report 17 (31 May — 6 June 2017),https://dtm.iom.int/reports/nigeria-%E2%80%94-emergency-tracking-tool-report-17-31-may-%E2%80%94-6-june-2017,https://dtm.iom.int/sites/g/files/tmzbdl1461/files/reports/IOM%20Nigeria%20Emergency%20Tracking%20Tool%20%28ETT%29%20Report%20No.17.pdf,title:emergency tracking tool
1743,2017,2017-06-01,Mobility Tracking – IDP & Returnee Atlas,North East,Yobe,Nigeria — Yobe Site Profiles 16 (5 April—15 May 2017),https://dtm.iom.int/reports/nigeria-%E2%80%94-yobe-site-profiles-16-5-april%E2%80%9415-may-2017,https://dtm.iom.int/sites/g/files/tmzbdl1461/files/reports/Nigeria%20Round%2016%20Site%20Profiles%20Yobe.pdf,title:site profile
1744,2017,2017-06-01,Mobility Tracking – IDP & Returnee Atlas,North East,Taraba,Nigeria — Taraba Site Profiles 16  (5 April—15 May 2017),https://dtm.iom.int/reports/nigeria-%E2%80%94-taraba-site-profiles-16-5-april%E2%80%9415-may-2017,https://dtm.iom.int/sites/g/files/tmzbdl1461/files/reports/Nigeria%20Round%2016%20Site%20Profiles%20Taraba.pdf,title:site profile
1745,2017,2017-06-01,Mobility Tracking – IDP & Returnee Atlas,North East,Borno,Nigeria — Returnee Dashboard 16 (1—30 April 2017),https://dtm.iom.int/reports/nigeria-%E2%80%94-returnee-dashboard-16-1%E2%80%9430-april-2017,https://dtm.iom.int/sites/g/files/tmzbdl1461/files/reports/02c%20DTM%20Nigeria%20Round%20XVI%20Dashboard%20of%20Return%20Assessment.pdf,title:returnee dashboard
1746,2017,2017-06-01,Mobility Tracking – IDP & Returnee Atlas,,,Nigeria — List of Wards Assessed 16 (5 April—15 May 2017),https://dtm.iom.int/reports/nigeria-%E2%80%94-list-wards-assessed-16-5-april%E2%80%9415-may-2017,https://dtm.iom.int/sites/g/files/tmzbdl1461/files/reports/08%20DTM%20Nigeria%20Round%20XVI%20List%20of%20Assessed%20Wards.pdf,title:list of wards assessed
1747,2017,2017-06-01,Mobility Tracking – IDP & Returnee Atlas,,,Nigeria — List of Displacement Sites Assessed 16 (5 April—15 May 2017),https://dtm.iom.int/reports/nigeria-%E2%80%94-list-displacement-sites-assessed-16-5-april%E2%80%9415-may-2017,https://dtm.iom.int/sites/g/files/tmzbdl1461/files/reports/07%20DTM%20Nigeria%20Round%20XVI%20List%20of%20Assessed%20Sites.pdf,title:list of displacement sites
1748,2017,2017-06-01,Mobility Tracking – IDP & Returnee Atlas,North East,Adamawa; Borno; Yobe,Nigeria — Displacement Report 16 (May 2017),https://dtm.iom.int/reports/nigeria-%E2%80%94-displacement-report-16-may-2017,https://dtm.iom.int/sites/g/files/tmzbdl1461/files/reports/01%20DTM%20Nigeria%20Round%20XVI%20Report%20May%202017.pdf,title:displacement report
1749,2017,2017-06-01,Mobility Tracking – IDP & Returnee Atlas,North East,Borno,Nigeria — Borno Site Profiles 16 2/2 (5 April—15 May 2017),https://dtm.iom.int/reports/nigeria-%E2%80%94-borno-site-profiles-16-22-5-april%E2%80%9415-may-2017,https://dtm.iom.int/sites/g/files/tmzbdl1461/files/reports/Nigeria%20Round%2016%20Site%20Profiles%20Borno%202.pdf,title:site profile
1750,2017,2017-06-01,Mobility Tracking – IDP & Returnee Atlas,North East,Borno,Nigeria — Borno Site Profiles 16 1/2 (5 April—15 May 2017),https://dtm.iom.int/reports/nigeria-%E2%80%94-borno-site-profiles-16-12-5-april%E2%80%9415-may-2017,https://dtm.iom.int/sites/g/files/tmzbdl1461/files/reports/Nigeria%20Round%2016%20Site%20Profiles%20Borno%201.pdf,title:site profile
1751,2017,2017-06-01,Mobility Tracking – IDP & Returnee Atlas,North East,Adamawa,Nigeria — Adamawa Site Profiles 16 (5 April—15 May 2017),https://dtm.iom.int/reports/nigeria-%E2%80%94-adamawa-site-profiles-16-5-april%E2%80%9415-may-2017,https://dtm.iom.int/sites/g/files/tmzbdl1461/files/reports/Nigeria%20Round%2016%20Site%20Profiles%20Adamawa.pdf,title:site profile
1752,2017,2017-05-27,Incident / Flash Report,,,Nigeria — Storm Damage to IDP Sites Flash Report  (26 May 2017),https://dtm.iom.int/reports/nigeria-%E2%80%94-storm-damage-idp-sites-flash-report-26-may-2017,https://dtm.iom.int/sites/g/files/tmzbdl1461/files/reports/IOM%20Nigeria%20Flash%20Report%20-%20Storm%20Damage%20to%20IDPs%20Sites%2027May2017.pdf,title:flash report
1753,2017,2017-05-25,Emergency Tracking Tool (ETT),North East,Adamawa; Borno,Nigeria - Emergency Tracking Tool Report 15 (15 - 23 May 2017),https://dtm.iom.int/reports/nigeria-emergency-tracking-tool-report-15-15-23-may-2017,https://dtm.iom.int/sites/g/files/tmzbdl1461/files/reports/IOM%20Nigeria%20DTM%20Emergency%20Tracking%20Tool%20%28ETT%29%20-%20Report%20No.%2015.pdf,title:emergency tracking tool
1754,2017,2017-05-16,Emergency Tracking Tool (ETT),,,Nigeria — Emergency Tracking Tool Report 14 (9—15 May 2017),https://dtm.iom.int/reports/nigeria-%E2%80%94-emergency-tracking-tool-report-14-9%E2%80%9415-may-2017,https://dtm.iom.int/sites/g/files/tmzbdl1461/files/reports/IOM%20Nigeria%20DTM%20Emergency%20Tracking%20Tool%20%28ETT%29%20-%20Report%20No.%2014.pdf,title:emergency tracking tool
1755,2017,2017-05-09,Emergency Tracking Tool (ETT),,,Nigeria - Emergency Tracking Tool Report 13 (3—8 May 2017),https://dtm.iom.int/reports/nigeria-emergency-tracking-tool-report-13-3%E2%80%948-may-2017,https://dtm.iom.int/sites/g/files/tmzbdl1461/files/reports/IOM%20Nigeria%20DTM%20-%20Emergency%20Tracking%20Tool%20Report%20No%2013.pdf,title:emergency tracking tool
1756,2017,2017-05-03,Other / Unclassified,,,Nigeria — Migration Flows from Nigeria to Europe Desk Review Report (April 2017),https://dtm.iom.int/reports/nigeria-%E2%80%94-migration-flows-nigeria-europe-desk-review-report-april-2017,https://dtm.iom.int/sites/g/files/tmzbdl1461/files/reports/Desk%20Review%20Report%20-%20NIGERIA%20-%20DP.1635%20-%20MinBuZa%20%2803%29_0.pdf,
1757,2017,2017-05-03,Emergency Tracking Tool (ETT),,,Nigeria — Emergency Tracking Tool Report 16 (15—23 May 2017),https://dtm.iom.int/reports/nigeria-%E2%80%94-emergency-tracking-tool-report-16-15%E2%80%9423-may-2017,https://dtm.iom.int/sites/g/files/tmzbdl1461/files/reports/IOM%20Nigeria%20DTM%20Emergency%20Tracking%20Tool%20%28ETT%29%20Report%20-%20No.16.pdf,title:emergency tracking tool
1758,2017,2017-05-03,Emergency Tracking Tool (ETT),,,Nigeria — Emergency Tracking Tool Report 12 (25 April — 2 May 2017),https://dtm.iom.int/reports/nigeria-%E2%80%94-emergency-tracking-tool-report-12-25-april-%E2%80%94-2-may-2017,https://dtm.iom.int/sites/g/files/tmzbdl1461/files/reports/IOM%20Nigeria%20DTM%20Emergency%20Tracking%20Tool%20%28ETT%29%20-%20Report%20No.12.pdf,title:emergency tracking tool
1759,2017,2017-05-01,Mobility Tracking – IDP & Returnee Atlas,,,Nigeria — Displacement Dashboard Round 16 (May 2017),https://dtm.iom.int/reports/nigeria-%E2%80%94-displacement-dashboard-round-16-may-2017,https://dtm.iom.int/sites/g/files/tmzbdl1461/files/reports/02a%20DTM%20Nigeria%20Round%20XVI%20Dashboard%20of%20Baseline%20Assessment.pdf,title:displacement dashboard
1760,2017,2017-04-24,Emergency Tracking Tool (ETT),,,Nigeria — Emergency Tracking Tool Report 11 (16—24 April 2017),https://dtm.iom.int/reports/nigeria-%E2%80%94-emergency-tracking-tool-report-11-16%E2%80%9424-april-2017,https://dtm.iom.int/sites/g/files/tmzbdl1461/files/reports/IOM%20Nigeria%20DTM%20-%20Emergency%20Tracking%20Tool%20Report%20No%2011.pdf,title:emergency tracking tool
1761,2017,2017-04-16,Emergency Tracking Tool (ETT),,,Nigeria — Emergency Tracking Tool Report 10 (10—16 April 2017),https://dtm.iom.int/reports/nigeria-%E2%80%94-emergency-tracking-tool-report-10-10%E2%80%9416-april-2017,https://dtm.iom.int/sites/g/files/tmzbdl1461/files/reports/IOM%20Nigeria%20DTM%20-%20Emergency%20Tracking%20Tool%20Report%20No%2010.pdf,title:emergency tracking tool
1762,2017,2017-04-13,Incident / Flash Report,,,Nigeria — Dalori II Flash Report (13 April 2017),https://dtm.iom.int/reports/nigeria-%E2%80%94-dalori-ii-flash-report-13-april-2017,https://dtm.iom.int/sites/g/files/tmzbdl1461/files/reports/Dalori%20II%20Flash%20Report%20IOM%20Nigeria%20Apr%202017.pdf,title:flash report
1763,2017,2017-04-12,Emergency Tracking Tool (ETT),,,Nigeria — Emergency Tracking Tool Report 9 (4—10 April 2017),https://dtm.iom.int/reports/nigeria-%E2%80%94-emergency-tracking-tool-report-9-4%E2%80%9410-april-2017,https://dtm.iom.int/sites/g/files/tmzbdl1461/files/reports/IOM%20Nigeria%20DTM%20-%20Emergency%20Tracking%20Tool%20Report%20No%2009.pdf,title:emergency tracking tool
1764,2017,2017-04-04,Emergency Tracking Tool (ETT),North East,Adamawa,Nigeria — Emergency Tracking Tool Report 8 (27 March — 4 April 2017),https://dtm.iom.int/reports/nigeria-%E2%80%94-emergency-tracking-tool-report-8-27-march-%E2%80%94-4-april-2017,https://dtm.iom.int/sites/g/files/tmzbdl1461/files/reports/IOM%20Nigeria%20DTM%20-%20Emergency%20Tracking%20Tool%20%28ETT%29.Week%2008.pdf,title:emergency tracking tool
1765,2017,2017-03-31,Mobility Tracking – IDP & Returnee Atlas,North East,Yobe,Nigeria — Yobe Site Profiles 15 (15 February — 31 March 2017),https://dtm.iom.int/reports/nigeria-%E2%80%94-yobe-site-profiles-15-15-february-%E2%80%94-31-march-2017,https://dtm.iom.int/sites/g/files/tmzbdl1461/files/reports/Round%2015%20Yobe%20Site%20Profiles%20combined.pdf,title:site profile
1766,2017,2017-03-31,Mobility Tracking – IDP & Returnee Atlas,North East,Taraba,Nigeria — Taraba Site Profiles 15 (15—31 March 2017),https://dtm.iom.int/reports/nigeria-%E2%80%94-taraba-site-profiles-15-15%E2%80%9431-march-2017,https://dtm.iom.int/sites/g/files/tmzbdl1461/files/reports/Round%2015%20Taraba%20Site%20Profiles%20combined.pdf,title:site profile
1767,2017,2017-03-31,Mobility Tracking – IDP & Returnee Atlas,North East,Borno,Nigeria — Site Assessment Dashboard 15 (March 2017),https://dtm.iom.int/reports/nigeria-%E2%80%94-site-assessment-dashboard-15-march-2017,https://dtm.iom.int/sites/g/files/tmzbdl1461/files/reports/02b%20DTM%20Nigeria%20Round%20XV%20Dashboard%20of%20Displacement%20Sites.pdf,title:site assessment
1768,2017,2017-03-31,Mobility Tracking – IDP & Returnee Atlas,,,Nigeria — Returnee Dashboard 15 (15 February — 31 March 2017),https://dtm.iom.int/reports/nigeria-%E2%80%94-returnee-dashboard-15-15-february-%E2%80%94-31-march-2017,https://dtm.iom.int/sites/g/files/tmzbdl1461/files/reports/02c%20DTM%20Nigeria%20Round%20XV%20Dashboard%20of%20Return%20Assessment.pdf,title:returnee dashboard
1769,2017,2017-03-31,Mobility Tracking – IDP & Returnee Atlas,,,Nigeria — List of Wards Assessed 15 (15 February — 31 March 2017),https://dtm.iom.int/reports/nigeria-%E2%80%94-list-wards-assessed-15-15-february-%E2%80%94-31-march-2017,https://dtm.iom.int/sites/g/files/tmzbdl1461/files/reports/08%20DTM%20Nigeria%20Round%20XV%20List%20of%20Assessed%20Wards.pdf,title:list of wards assessed
1770,2017,2017-03-31,Mobility Tracking – IDP & Returnee Atlas,,,Nigeria — List of Displacement Sites Assessed 15 (15 February — 31 March 2017),https://dtm.iom.int/reports/nigeria-%E2%80%94-list-displacement-sites-assessed-15-15-february-%E2%80%94-31-march-2017,https://dtm.iom.int/sites/g/files/tmzbdl1461/files/reports/07%20DTM%20Nigeria%20Round%20XV%20List%20of%20Assessed%20Sites.pdf,title:list of displacement sites
1771,2017,2017-03-31,Mobility Tracking – IDP & Returnee Atlas,North East,Adamawa; Borno; Yobe; Gombe; Taraba; Bauchi,Nigeria — Displacement Report 15 (March 2017),https://dtm.iom.int/reports/nigeria-%E2%80%94-displacement-report-15-march-2017,https://dtm.iom.int/sites/g/files/tmzbdl1461/files/reports/01%20DTM%20Nigeria%20Round%20XV%20Report%20March%202017.pdf,title:displacement report
1772,2017,2017-03-31,Mobility Tracking – IDP & Returnee Atlas,North East,Adamawa; Borno; Yobe; Gombe; Taraba; Bauchi,Nigeria — Displacement Dashboard 15 (March 2017),https://dtm.iom.int/reports/nigeria-%E2%80%94-displacement-dashboard-15-march-2017,https://dtm.iom.int/sites/g/files/tmzbdl1461/files/reports/02a%20DTM%20Nigeria%20Round%20XV%20Dashboard%20of%20Baseline%20Assessment.pdf,title:displacement dashboard
1773,2017,2017-03-31,Mobility Tracking – IDP & Returnee Atlas,North East,Borno,Nigeria — Borno Site Profiles 15 (March 2017),https://dtm.iom.int/reports/nigeria-%E2%80%94-borno-site-profiles-15-march-2017,https://dtm.iom.int/sites/g/files/tmzbdl1461/files/reports/Round%2015%20Borno%20Site%20Profiles%20combined.pdf,title:site profile
1774,2017,2017-03-31,Mobility Tracking – IDP & Returnee Atlas,North East,Adamawa,Nigeria — Adamawa Site Profiles 15 (15 February — 31 March 2017),https://dtm.iom.int/reports/nigeria-%E2%80%94-adamawa-site-profiles-15-15-february-%E2%80%94-31-march-2017,https://dtm.iom.int/sites/g/files/tmzbdl1461/files/reports/Round%2015%20Adamawa%20Site%20Profiles%20combined.pdf,title:site profile
1775,2017,2017-03-29,Emergency Tracking Tool (ETT),,,Nigeria — Emergency Tracking Tool Report 7 (21—27 March 2017),https://dtm.iom.int/reports/nigeria-%E2%80%94-emergency-tracking-tool-report-7-21%E2%80%9427-march-2017,https://dtm.iom.int/sites/g/files/tmzbdl1461/files/reports/IOM%20Nigeria%20DTM%20-%20Emergency%20Tracking%20Tool%20Week%2007.pdf,title:emergency tracking tool
1776,2017,2017-03-22,Emergency Tracking Tool (ETT),,,Nigeria — Emergency Tracking Tool Report 6 (15—21 March 2017),https://dtm.iom.int/reports/nigeria-%E2%80%94-emergency-tracking-tool-report-6-15%E2%80%9421-march-2017,https://dtm.iom.int/sites/g/files/tmzbdl1461/files/reports/IOM%20Nigeria%20DTM%20-%20Emergency%20Tracking%20Tool%20Round%2006%2C%2015-21%20March%202017.pdf,title:emergency tracking tool
1777,2017,2017-03-15,Emergency Tracking Tool (ETT),,,Nigeria — Emergency Tracking Tool Report 5 (10—14 March 2017),https://dtm.iom.int/reports/nigeria-%E2%80%94-emergency-tracking-tool-report-5-10%E2%80%9414-march-2017,https://dtm.iom.int/sites/g/files/tmzbdl1461/files/reports/Nigeria%20DTM%20Emergency%20Tracking%20Tool%2010-14%20March%202017.pdf,title:emergency tracking tool
1778,2017,2017-03-09,Emergency Tracking Tool (ETT),,,Nigeria — Emergency Tracking Tool Report 4 (24 February—9 March 2017),https://dtm.iom.int/reports/nigeria-%E2%80%94-emergency-tracking-tool-report-4-24-february%E2%80%949-march-2017,https://dtm.iom.int/sites/g/files/tmzbdl1461/files/reports/IOM%20Nigeria%20DTM%20-%20Emergency%20Tracking%20Tool%20Round%2004.pdf,title:emergency tracking tool
1779,2017,2017-03-01,Emergency Tracking Tool (ETT),,,Nigeria — Emergency Tracking Tool Report 3 (18—26 Februrary 2017),https://dtm.iom.int/reports/nigeria-%E2%80%94-emergency-tracking-tool-report-3-18%E2%80%9426-februrary-2017,https://dtm.iom.int/sites/g/files/tmzbdl1461/files/reports/IOM%20Nigeria%20DTM%20-%20Emergency%20Tracking%20Tool%20Week%2008.pdf,title:emergency tracking tool
1780,2017,2017-02-22,Emergency Tracking Tool (ETT),,,Nigeria — Emergency Tracking Tool Report 2 (13—19 February 2017),https://dtm.iom.int/reports/nigeria-%E2%80%94-emergency-tracking-tool-report-2-13%E2%80%9419-february-2017,https://dtm.iom.int/sites/g/files/tmzbdl1461/files/reports/DTM%20-%20Emergency%20Tracking%20Tool%20Week%2007_0.pdf,title:emergency tracking tool
1781,2017,2017-02-22,Biometric Registration Report,North East,Adamawa; Borno; Yobe,Nigeria — Biometric Registration Report Northeastern Nigeria (13—19 February 2017),https://dtm.iom.int/reports/nigeria-%E2%80%94-biometric-registration-report-northeastern-nigeria-13%E2%80%9419-february-2017,https://dtm.iom.int/sites/g/files/tmzbdl1461/files/reports/IOM%20Nigeria%20DTM%20Biometric%20Report%20-%20February%202017.pdf,title:biometric
1782,2017,2017-02-14,Mobility Tracking – IDP & Returnee Atlas,North East,Yobe,Nigeria — Yobe Site Profiles 14 (19 December 2016—25 January 2017),https://dtm.iom.int/reports/nigeria-%E2%80%94-yobe-site-profiles-14-19-december-2016%E2%80%9425-january-2017,https://dtm.iom.int/sites/g/files/tmzbdl1461/files/reports/COMBINED_0.pdf,title:site profile
1783,2017,2017-02-14,Mobility Tracking – IDP & Returnee Atlas,North East,Taraba,Nigeria — Taraba Site Profiles 14 (19 December 2016—25 January 2017),https://dtm.iom.int/reports/nigeria-%E2%80%94-taraba-site-profiles-14-19-december-2016%E2%80%9425-january-2017,https://dtm.iom.int/sites/g/files/tmzbdl1461/files/reports/COMBINED.pdf,title:site profile
1784,2017,2017-02-14,Mobility Tracking – IDP & Returnee Atlas,North East,Adamawa; Borno; Yobe,Nigeria — Returnee Dashboard 14 (19 December 2016 — 25 January 2017),https://dtm.iom.int/reports/nigeria-%E2%80%94-returnee-dashboard-14-19-december-2016-%E2%80%94-25-january-2017,https://dtm.iom.int/sites/g/files/tmzbdl1461/files/reports/02c%20DTM%20Nigeria%20Round%20XIV%20Dashboard%20of%20Return%20Assessment.pdf,title:returnee dashboard
1785,2017,2017-02-14,Mobility Tracking – IDP & Returnee Atlas,,,Nigeria — Displacement Report 14 (January 2017),https://dtm.iom.int/reports/nigeria-%E2%80%94-displacement-report-14-january-2017,https://dtm.iom.int/sites/g/files/tmzbdl1461/files/reports/01%20DTM%20Nigeria%20Round%20XIV%20Report%20January%202017.pdf,title:displacement report
1786,2017,2017-02-14,Mobility Tracking – IDP & Returnee Atlas,North East,Adamawa; Borno; Yobe; Gombe; Taraba; Bauchi,Nigeria — Displacement Dashboard 14 (January 2017),https://dtm.iom.int/reports/nigeria-%E2%80%94-displacement-dashboard-14-january-2017,https://dtm.iom.int/sites/g/files/tmzbdl1461/files/reports/02a%20DTM%20Nigeria%20Round%20XIV%20Dashboard%20of%20Baseline%20Assessment.pdf,title:displacement dashboard
1787,2017,2017-02-14,Mobility Tracking – IDP & Returnee Atlas,North East,Adamawa,Nigeria — Adamawa Site Profiles 14 (19 December 2016—25 January 2017),https://dtm.iom.int/reports/nigeria-%E2%80%94-adamawa-site-profiles-14-19-december-2016%E2%80%9425-january-2017,https://dtm.iom.int/sites/g/files/tmzbdl1461/files/reports/COMPILED.pdf,title:site profile
1788,2017,2017-02-13,Emergency Tracking Tool (ETT),North East,Borno,Nigeria — Emergency Tracking Tool Report 1 (27 January — 10 February 2017),https://dtm.iom.int/reports/nigeria-%E2%80%94-emergency-tracking-tool-report-1-27-january-%E2%80%94-10-february-2017,https://dtm.iom.int/sites/g/files/tmzbdl1461/files/reports/DTM%20-%20Emergency%20Tracking%20Tool%20Week%2007.pdf,title:emergency tracking tool
1789,2017,2017-01-25,Mobility Tracking – IDP & Returnee Atlas,North East,Yobe,Nigeria — Yobe Site Profiles 14 (19 December 2016—25 January 2017),https://dtm.iom.int/reports/nigeria-%E2%80%94-yobe-site-profiles-14-19-december-2016%E2%80%9425-january-2017-0,https://dtm.iom.int/sites/g/files/tmzbdl1461/files/reports/Nigeria%20round%2014%20Yobe%20site%20profiles%20combined.pdf,title:site profile
1790,2017,2017-01-25,Mobility Tracking – IDP & Returnee Atlas,North East,Taraba,Nigeria — Taraba State Site Profiles 14 (20 December 2016—25 January 2017),https://dtm.iom.int/reports/nigeria-%E2%80%94-taraba-state-site-profiles-14-20-december-2016%E2%80%9425-january-2017,https://dtm.iom.int/sites/g/files/tmzbdl1461/files/reports/Nigeria%20round%2014%20Taraba%20site%20profiles%20combined.pdf,title:site profile
1791,2017,2017-01-25,Mobility Tracking – IDP & Returnee Atlas,North East,Adamawa; Borno; Yobe,Nigeria — Returnee Dashboard 14 (19 December 2016—25 January 2017),https://dtm.iom.int/reports/nigeria-%E2%80%94-returnee-dashboard-14-19-december-2016%E2%80%9425-january-2017,https://dtm.iom.int/sites/g/files/tmzbdl1461/files/reports/02_IOM%20DTM%20Dashboard%20of%20Return%20Assessment_Nigeria_Round%2014_201701.pdf,title:returnee dashboard
1792,2017,2017-01-25,Mobility Tracking – IDP & Returnee Atlas,,,Nigeria — List of Wards Assessed 14 (19 December 2016—25 January 2017),https://dtm.iom.int/reports/nigeria-%E2%80%94-list-wards-assessed-14-19-december-2016%E2%80%9425-january-2017,https://dtm.iom.int/sites/g/files/tmzbdl1461/files/reports/08_IOM%20DTM%20List%20of%20Assessed%20Wards_Nigeria_Round%2014_201701.pdf,title:list of wards assessed
1793,2017,2017-01-25,Mobility Tracking – IDP & Returnee Atlas,,,Nigeria — List of Displacement Sites Assessed 14 (19 December 2016—25 January 2017),https://dtm.iom.int/reports/nigeria-%E2%80%94-list-displacement-sites-assessed-14-19-december-2016%E2%80%9425-january-2017,https://dtm.iom.int/sites/g/files/tmzbdl1461/files/reports/07_IOM%20DTM%20List%20of%20Assessed%20Sites_Nigeria_Round%2014_201701.pdf,title:list of displacement sites
1794,2017,2017-01-25,Mobility Tracking – IDP & Returnee Atlas,North East,Borno,Nigeria — Borno Site Profiles 14 (19 December 2016—25 January 2017),https://dtm.iom.int/reports/nigeria-%E2%80%94-borno-site-profiles-14-19-december-2016%E2%80%9425-january-2017,https://dtm.iom.int/sites/g/files/tmzbdl1461/files/reports/Nigeria%20round%2014%20Borna%20site%20profiles%20combined.pdf,title:site profile
1795,2017,2017-01-16,Mobility Tracking – IDP & Returnee Atlas,North East,Adamawa; Borno; Yobe; Gombe; Taraba; Bauchi,Nigeria — Location Based Assessment Report 13 (1 July 2014—31 December 2016),https://dtm.iom.int/reports/nigeria-%E2%80%94-location-based-assessment-report-13-1-july-2014%E2%80%9431-december-2016,https://dtm.iom.int/sites/g/files/tmzbdl1461/files/reports/13%20DTM%20Nigeria%20Round%20XIII%20Location%20Assessment%20Report%20December%202016.pdf,title:location based assessment
1796,2017,2017-01-13,Incident / Flash Report,North East,Borno,Nigeria — Rann LGA Flash Report (13 January 2017),https://dtm.iom.int/reports/nigeria-%E2%80%94-rann-lga-flash-report-13-january-2017,https://dtm.iom.int/sites/g/files/tmzbdl1461/files/reports/18%20DTM%20Nigeria%20Rann%20Flash%20Report%20Jan%202017.pdf,title:flash report
1797,2017,2017-01-13,Incident / Flash Report,North East,Borno,Nigeria — Kukawa LGA Flash Report (13 January 2017),https://dtm.iom.int/reports/nigeria-%E2%80%94-kukawa-lga-flash-report-13-january-2017,https://dtm.iom.int/sites/g/files/tmzbdl1461/files/reports/17%20DTM%20Nigeria%20Kukawa%20Flash%20Report%20Jan%202017.pdf,title:flash report
1798,2016,2016-12-23,Mobility Tracking – IDP & Returnee Atlas,North East,Adamawa; Borno; Yobe; Gombe; Taraba; Bauchi,Nigeria — Displacement Report 13 (December 2016),https://dtm.iom.int/reports/nigeria-%E2%80%94-displacement-report-13-december-2016,https://dtm.iom.int/sites/g/files/tmzbdl1461/files/reports/Dec2016_Report_nigeria%20displacement%20r.pdf,title:displacement report
1799,2016,2016-11-10,Mobility Tracking – IDP & Returnee Atlas,,,Nigeria — Site Assessment Dashboard 7 (October 2016),https://dtm.iom.int/reports/nigeria-%E2%80%94-site-assessment-dashboard-7-october-2016,https://dtm.iom.int/sites/g/files/tmzbdl1461/files/reports/02b%20DTM%20Nigeria%20Round%20XII%20Dashboard%20of%20Site%20Assessment.pdf,title:site assessment
1800,2016,2016-11-10,Mobility Tracking – IDP & Returnee Atlas,North East,Adamawa; Borno; Yobe,Nigeria — Displacement Report 12 (October 2016),https://dtm.iom.int/reports/nigeria-%E2%80%94-displacement-report-12-october-2016,https://dtm.iom.int/sites/g/files/tmzbdl1461/files/reports/01%20DTM%20Nigeria%20Round%20XII%20Report%20October%202016.pdf,title:displacement report
1801,2016,2016-09-15,Mobility Tracking – IDP & Returnee Atlas,North East; North Central; North West,Adamawa; Borno; Yobe; Gombe; Taraba; Bauchi; Benue; Nasarawa; Plateau; Kano; Kaduna; Zamfara,Nigeria — Displacement Report 11 (August 2016),https://dtm.iom.int/reports/nigeria-%E2%80%94-displacement-report-11-august-2016,https://dtm.iom.int/sites/g/files/tmzbdl1461/files/reports/01%20DTM%20Nigeria%20Round%20XI%20Report%20August%202016.pdf,title:displacement report
1802,2016,2016-07-15,Mobility Tracking – IDP & Returnee Atlas,North East; North Central; North West,Adamawa; Borno; Yobe; Gombe; Taraba; Bauchi; Benue; Nasarawa; Plateau; Kano; Kaduna; Zamfara,Nigeria — Displacement Report 10 (June 2016),https://dtm.iom.int/reports/nigeria-%E2%80%94-displacement-report-10-june-2016,https://dtm.iom.int/sites/g/files/tmzbdl1461/files/reports/01_IOM%20DTM%20Nigeria_Round%20X%20Report_20160630.pdf,title:displacement report
1803,2016,2016-04-30,Mobility Tracking – IDP & Returnee Atlas,North East,Yobe,Nigeria — Yobe Site Profiles 9 (1 March — 30 April 2016),https://dtm.iom.int/reports/nigeria-%E2%80%94-yobe-site-profiles-9-1-march-%E2%80%94-30-april-2016,https://dtm.iom.int/sites/g/files/tmzbdl1461/files/reports/Nigeria%20Round%209%20Yobe%20Site%20Profiles%20combined.pdf,title:site profile
1804,2016,2016-04-30,Mobility Tracking – IDP & Returnee Atlas,North East,Taraba,Nigeria — Taraba Site Profiles 9 (1 March — 30 April 2016),https://dtm.iom.int/reports/nigeria-%E2%80%94-taraba-site-profiles-9-1-march-%E2%80%94-30-april-2016,https://dtm.iom.int/sites/g/files/tmzbdl1461/files/reports/Nigeria%20Round%209%20Taraba%20Site%20Profiles%20combined.pdf,title:site profile
1805,2016,2016-04-30,Mobility Tracking – IDP & Returnee Atlas,,,Nigeria — Site Assessment Dashboard 9 (1 March — 30 April 2016),https://dtm.iom.int/reports/nigeria-%E2%80%94-site-assessment-dashboard-9-1-march-%E2%80%94-30-april-2016,https://dtm.iom.int/sites/g/files/tmzbdl1461/files/reports/02b_IOM%20DTM%20Nigeria_Sites_Dashboard_Round%20IX%20Report_20150430.pdf,title:site assessment
1806,2016,2016-04-30,Mobility Tracking – IDP & Returnee Atlas,North Central,Plateau,Nigeria — Plateau Site Profiles 9 (1 March 2016—30 April 2016),https://dtm.iom.int/reports/nigeria-%E2%80%94-plateau-site-profiles-9-1-march-2016%E2%80%9430-april-2016,https://dtm.iom.int/sites/g/files/tmzbdl1461/files/reports/Nigeria%20Round%209%20Plateau%20Site%20Profiles%20combined.pdf,title:site profile
1807,2016,2016-04-30,Mobility Tracking – IDP & Returnee Atlas,North Central,Nasarawa,Nigeria — Nasarawa Site Profiles 9 (1 March — 30 April 2016),https://dtm.iom.int/reports/nigeria-%E2%80%94-nasarawa-site-profiles-9-1-march-%E2%80%94-30-april-2016,https://dtm.iom.int/sites/g/files/tmzbdl1461/files/reports/Nigeria%20Round%209%20Nasarawa%20Site%20Profiles%20combined.pdf,title:site profile
1808,2016,2016-04-30,Mobility Tracking – IDP & Returnee Atlas,,,Nigeria — List of Wards Assessed 9 (1 March — 30 April 2016),https://dtm.iom.int/reports/nigeria-%E2%80%94-list-wards-assessed-9-1-march-%E2%80%94-30-april-2016,https://dtm.iom.int/sites/g/files/tmzbdl1461/files/reports/08_IOM%20DTM%20Nigeria_Ward%20List_Round%20IX%20Report_20160430.pdf,title:list of wards assessed
1809,2016,2016-04-30,Mobility Tracking – IDP & Returnee Atlas,,,Nigeria — List of Displacement Sites Assessed 9 (1 March — 30 April 2016),https://dtm.iom.int/reports/nigeria-%E2%80%94-list-displacement-sites-assessed-9-1-march-%E2%80%94-30-april-2016,https://dtm.iom.int/sites/g/files/tmzbdl1461/files/reports/07_IOM%20DTM%20Nigeria_Site%20List_Round%20IX%20Report_20160430.pdf,title:list of displacement sites
1810,2016,2016-04-30,Mobility Tracking – IDP & Returnee Atlas,North West,Kano,Nigeria — Kano Site Profiles 9 (1 March — 30 April 2016),https://dtm.iom.int/reports/nigeria-%E2%80%94-kano-site-profiles-9-1-march-%E2%80%94-30-april-2016,https://dtm.iom.int/sites/g/files/tmzbdl1461/files/reports/KN_S001.pdf,title:site profile
1811,2016,2016-04-30,Mobility Tracking – IDP & Returnee Atlas,North West,Kaduna,Nigeria — Kaduna Site Profiles 9 (1 March 2016—30 April 2016),https://dtm.iom.int/reports/nigeria-%E2%80%94-kaduna-site-profiles-9-1-march-2016%E2%80%9430-april-2016,https://dtm.iom.int/sites/g/files/tmzbdl1461/files/reports/Nigeria%20Round%209%20Kaduna%20Site%20Profiles%20combined.pdf,title:site profile
1812,2016,2016-04-30,Mobility Tracking – IDP & Returnee Atlas,,,Nigeria — Federal Capital Territory Site Profiles 9 (1 March 2016—30 April 2016),https://dtm.iom.int/reports/nigeria-%E2%80%94-federal-capital-territory-site-profiles-9-1-march-2016%E2%80%9430-april-2016,https://dtm.iom.int/sites/g/files/tmzbdl1461/files/reports/Nigeria%20Round%209%20FCT%20%20Site%20Profiles%20combined.pdf,title:site profile
1813,2016,2016-04-30,Mobility Tracking – IDP & Returnee Atlas,North East; North Central; North West,Adamawa; Borno; Yobe; Gombe; Taraba; Bauchi; Benue; Nasarawa; Plateau; Kano; Kaduna; Zamfara,Nigeria — Displacement Report 9 (1 March 2016—30 April 2016),https://dtm.iom.int/reports/nigeria-%E2%80%94-displacement-report-9-1-march-2016%E2%80%9430-april-2016,https://dtm.iom.int/sites/g/files/tmzbdl1461/files/reports/01_IOM%20DTM%20Nigeria_Round%20IX%20Report_20160430.pdf,title:displacement report
1814,2016,2016-04-30,Mobility Tracking – IDP & Returnee Atlas,,,Nigeria — Displacement Dashboard 9 (1 March — 30 April 2016),https://dtm.iom.int/reports/nigeria-%E2%80%94-displacement-dashboard-9-1-march-%E2%80%94-30-april-2016,https://dtm.iom.int/sites/g/files/tmzbdl1461/files/reports/02a_IOM%20DTM%20Nigeria_Baseline_Dashboard_Round%20IX%20Report_20160430.pdf,title:displacement dashboard
1815,2016,2016-04-30,Mobility Tracking – IDP & Returnee Atlas,North East,Borno,Nigeria — Borno Site Profiles 9 (1 March 2016—30 April 2016),https://dtm.iom.int/reports/nigeria-%E2%80%94-borno-site-profiles-9-1-march-2016%E2%80%9430-april-2016,https://dtm.iom.int/sites/g/files/tmzbdl1461/files/reports/Nigeria%20Round%209%20Borno%20Site%20Profiles%20combined.pdf,title:site profile
1816,2016,2016-04-30,Mobility Tracking – IDP & Returnee Atlas,North Central,Benue,Nigeria — Benue Site Profiles 9 (1 March 2016—30 April 2016),https://dtm.iom.int/reports/nigeria-%E2%80%94-benue-site-profiles-9-1-march-2016%E2%80%9430-april-2016,https://dtm.iom.int/sites/g/files/tmzbdl1461/files/reports/Nigeria%20Round%209%20Benu%20Site%20Profiles%20combined.pdf,title:site profile
1817,2016,2016-04-30,Mobility Tracking – IDP & Returnee Atlas,North East,Adamawa,Nigeria — Adamawa Site Profiles 9 (1 March — 30 April 2016),https://dtm.iom.int/reports/nigeria-%E2%80%94-adamawa-site-profiles-9-1-march-%E2%80%94-30-april-2016,https://dtm.iom.int/sites/g/files/tmzbdl1461/files/reports/Nigeria%20Round%209%20Adamawa%20Site%20Profiles%20combined.pdf,title:site profile
1818,2016,2016-02-28,Mobility Tracking – IDP & Returnee Atlas,North East,Yobe,Nigeria — Yobe Site Profiles 8 (1 January — 28 February 2016),https://dtm.iom.int/reports/nigeria-%E2%80%94-yobe-site-profiles-8-1-january-%E2%80%94-28-february-2016,https://dtm.iom.int/sites/g/files/tmzbdl1461/files/reports/Nigeria%20Round%208%20Yobe%20Site%20Profiles%20combined.pdf,title:site profile
1819,2016,2016-02-28,Mobility Tracking – IDP & Returnee Atlas,North East,Taraba,Nigeria — Taraba Site Profiles 8 (1 January — 28 February 2016),https://dtm.iom.int/reports/nigeria-%E2%80%94-taraba-site-profiles-8-1-january-%E2%80%94-28-february-2016,https://dtm.iom.int/sites/g/files/tmzbdl1461/files/reports/Nigeria%20Round%208%20Taraba%20Site%20Profiles%20combined.pdf,title:site profile
1820,2016,2016-02-28,Mobility Tracking – IDP & Returnee Atlas,,,Nigeria — Site Assessment Dashboard 8 (1 January — 28 February 2016),https://dtm.iom.int/reports/nigeria-%E2%80%94-site-assessment-dashboard-8-1-january-%E2%80%94-28-february-2016,https://dtm.iom.int/sites/g/files/tmzbdl1461/files/reports/02b_IOM%20DTM%20Nigeria_Sites_Dashboard_Round%20VIII%20Report_20150229.pdf,title:site assessment
1821,2016,2016-02-28,Mobility Tracking – IDP & Returnee Atlas,North Central,Plateau,Nigeria — Plateau State Site Profiles 8 (1 January — 28 February 2016),https://dtm.iom.int/reports/nigeria-%E2%80%94-plateau-state-site-profiles-8-1-january-%E2%80%94-28-february-2016,https://dtm.iom.int/sites/g/files/tmzbdl1461/files/reports/Nigeria%20Round%208%20Plateau%20Site%20Profiles%20combined.pdf,title:site profile
1822,2016,2016-02-28,Mobility Tracking – IDP & Returnee Atlas,North Central,Nasarawa,Nigeria — Nasarawa Site Profiles 8 (1 January — 28 February 2016),https://dtm.iom.int/reports/nigeria-%E2%80%94-nasarawa-site-profiles-8-1-january-%E2%80%94-28-february-2016,https://dtm.iom.int/sites/g/files/tmzbdl1461/files/reports/Nigeria%20Round%208%20Nasarawa%20Site%20Profiles%20combined.pdf,title:site profile
1823,2016,2016-02-28,Mobility Tracking – IDP & Returnee Atlas,,,Nigeria — List of Wards Assessed 8 (1 January — 28 February 2016),https://dtm.iom.int/reports/nigeria-%E2%80%94-list-wards-assessed-8-1-january-%E2%80%94-28-february-2016,https://dtm.iom.int/sites/g/files/tmzbdl1461/files/reports/08_IOM%20DTM%20Nigeria_Ward%20List_Round%20VIII%20Report_20160229.pdf,title:list of wards assessed
1824,2016,2016-02-28,Mobility Tracking – IDP & Returnee Atlas,,,Nigeria — List of Displacement Sites Assessed 8 (1 January — 28 February 2016),https://dtm.iom.int/reports/nigeria-%E2%80%94-list-displacement-sites-assessed-8-1-january-%E2%80%94-28-february-2016,https://dtm.iom.int/sites/g/files/tmzbdl1461/files/reports/07_IOM%20DTM%20Nigeria_Site%20List_Round%20VIII%20Report_20160229.pdf,title:list of displacement sites
1825,2016,2016-02-28,Mobility Tracking – IDP & Returnee Atlas,North West,Kano,Nigeria — Kano Site Profiles 8 (1 January — 28 February 2016),https://dtm.iom.int/reports/nigeria-%E2%80%94-kano-site-profiles-8-1-january-%E2%80%94-28-february-2016,https://dtm.iom.int/sites/g/files/tmzbdl1461/files/reports/KANO.pdf,title:site profile
1826,2016,2016-02-28,Mobility Tracking – IDP & Returnee Atlas,North West,Kaduna,Nigeria — Kaduna Site Profiles 8 (1 January — 28 February 2016),https://dtm.iom.int/reports/nigeria-%E2%80%94-kaduna-site-profiles-8-1-january-%E2%80%94-28-february-2016,https://dtm.iom.int/sites/g/files/tmzbdl1461/files/reports/Nigeria%20Round%208%20Kaduna%20Site%20Profiles%20combined.pdf,title:site profile
1827,2016,2016-02-28,Mobility Tracking – IDP & Returnee Atlas,,,Nigeria — Federal Capital Territory Site Profiles 8 (1 January — 2 February 2016),https://dtm.iom.int/reports/nigeria-%E2%80%94-federal-capital-territory-site-profiles-8-1-january-%E2%80%94-2-february-2016,https://dtm.iom.int/sites/g/files/tmzbdl1461/files/reports/Nigeria%20Round%208%20FCT%20Site%20Profiles%20combined.pdf,title:site profile
1828,2016,2016-02-28,Mobility Tracking – IDP & Returnee Atlas,North East; North Central; North West,Adamawa; Borno; Yobe; Gombe; Taraba; Bauchi; Benue; Nasarawa; Plateau; Kano; Kaduna; Zamfara,Nigeria — Displacement Report 8 (1 January — 28 February 2016),https://dtm.iom.int/reports/nigeria-%E2%80%94-displacement-report-8-1-january-%E2%80%94-28-february-2016,https://dtm.iom.int/sites/g/files/tmzbdl1461/files/reports/01_IOM%20DTM%20Nigeria_Round%20VIII%20Report_20160229.pdf,title:displacement report
1829,2016,2016-02-28,Mobility Tracking – IDP & Returnee Atlas,,,Nigeria — Displacement Dashboard 8 (1 January — 28 February 2016),https://dtm.iom.int/reports/nigeria-%E2%80%94-displacement-dashboard-8-1-january-%E2%80%94-28-february-2016,https://dtm.iom.int/sites/g/files/tmzbdl1461/files/reports/02a_IOM%20DTM%20Nigeria_Baseline_Dashboard_Round%20VIII%20Report_20160229.pdf,title:displacement dashboard
1830,2016,2016-02-28,Mobility Tracking – IDP & Returnee Atlas,North East,Borno,Nigeria — Borno Site Profiles 8 (1 January — 28 February 2016),https://dtm.iom.int/reports/nigeria-%E2%80%94-borno-site-profiles-8-1-january-%E2%80%94-28-february-2016,https://dtm.iom.int/sites/g/files/tmzbdl1461/files/reports/Nigeria%20Round%208%20Borno%20Site%20Profiles%20combined.pdf,title:site profile
1831,2016,2016-02-28,Mobility Tracking – IDP & Returnee Atlas,North Central,Benue,Nigeria — Benue Site Profiles 8 (1 January — 28 February 2016),https://dtm.iom.int/reports/nigeria-%E2%80%94-benue-site-profiles-8-1-january-%E2%80%94-28-february-2016,https://dtm.iom.int/sites/g/files/tmzbdl1461/files/reports/BENUE.pdf,title:site profile
1832,2016,2016-02-28,Mobility Tracking – IDP & Returnee Atlas,North East,Adamawa,Nigeria — Adamawa Site Profiles 8 (1 January — 28 February 2016),https://dtm.iom.int/reports/nigeria-%E2%80%94-adamawa-site-profiles-8-1-january-%E2%80%94-28-february-2016,https://dtm.iom.int/sites/g/files/tmzbdl1461/files/reports/Nigeria%20Round%208%20Adamawa%20site%20profiles%20combined.pdf,title:site profile
1833,2016,2016-01-03,Mobility Tracking – IDP & Returnee Atlas,,,Nigeria — List of Wards Assessed 7 (November — Decemver 2015),https://dtm.iom.int/reports/nigeria-%E2%80%94-list-wards-assessed-7-november-%E2%80%94-decemver-2015,https://dtm.iom.int/sites/g/files/tmzbdl1461/files/reports/List%20of%20Wards%20Assessed%20Round%207.pdf,title:list of wards assessed
1834,2016,2016-01-01,Mobility Tracking – IDP & Returnee Atlas,,,Nigeria — Displacement Dashboard 7 ( November — December 2015),https://dtm.iom.int/reports/nigeria-%E2%80%94-displacement-dashboard-7-november-%E2%80%94-december-2015,https://dtm.iom.int/sites/g/files/tmzbdl1461/files/reports/02a%20Round%20VII%20Dashboard%20of%20Baseline%20Assessment%20Nigeria.pdf,title:displacement dashboard
1835,2015,2015-12-31,Mobility Tracking – IDP & Returnee Atlas,North East; North Central; North West,Adamawa; Borno; Yobe; Gombe; Taraba; Bauchi; Benue; Nasarawa; Plateau; Kano; Kaduna; Zamfara,Nigeria — Displacement Report 7 (1 November — 31 December 2015),https://dtm.iom.int/reports/nigeria-%E2%80%94-displacement-report-7-1-november-%E2%80%94-31-december-2015,https://dtm.iom.int/sites/g/files/tmzbdl1461/files/reports/01_IOM%20DTM%20Nigeria_Round%20VII%20Report_20151223.pdf,title:displacement report
1836,2015,2015-11-02,Mobility Tracking – IDP & Returnee Atlas,,,Nigeria — List of Wards Assessed 6 (1 Septembre — 31 Octobre 2015),https://dtm.iom.int/reports/nigeria-%E2%80%94-list-wards-assessed-6-1-septembre-%E2%80%94-31-octobre-2015,https://dtm.iom.int/sites/g/files/tmzbdl1461/files/reports/List%20of%20Wards%20Assessed%20Round%206.pdf,title:list of wards assessed
1837,2015,2015-11-01,Mobility Tracking – IDP & Returnee Atlas,,,Nigeria — Displacement Dashboard 6 (September — October 2015),https://dtm.iom.int/reports/nigeria-%E2%80%94-displacement-dashboard-6-september-%E2%80%94-october-2015,https://dtm.iom.int/sites/g/files/tmzbdl1461/files/reports/02a%20Round%20VI%20Dashboard%20of%20Baseline%20Assessment%20Nigeria.pdf,title:displacement dashboard
1838,2015,2015-10-31,Mobility Tracking – IDP & Returnee Atlas,North East; North Central; North West,Adamawa; Borno; Yobe; Gombe; Taraba; Bauchi; Nasarawa; Plateau; Kaduna,Nigeria — Displacement Report 6 (1 September — 31 October 2015),https://dtm.iom.int/reports/nigeria-%E2%80%94-displacement-report-6-1-september-%E2%80%94-31-october-2015,https://dtm.iom.int/sites/g/files/tmzbdl1461/files/reports/01_IOM%20DTM%20Nigeria_Round%20VI%20Report_20151031.pdf,title:displacement report
1839,2015,2015-10-15,Mobility Tracking – IDP & Returnee Atlas,North East,Adamawa; Borno,Nigeria — Site Assessment Dashboard 6 (October 2015),https://dtm.iom.int/reports/nigeria-%E2%80%94-site-assessment-dashboard-6-october-2015,https://dtm.iom.int/sites/g/files/tmzbdl1461/files/reports/02a%20Round%20VI%20Dashboard%20of%20Baseline%20Assessment%20Nigeria_0.pdf,title:site assessment
1840,2015,2015-09-10,Mobility Tracking – IDP & Returnee Atlas,North East,Adamawa; Borno; Yobe,Nigeria — Site Assessment Dashboard 5 (August 2015),https://dtm.iom.int/reports/nigeria-%E2%80%94-site-assessment-dashboard-5-august-2015,https://dtm.iom.int/sites/g/files/tmzbdl1461/files/reports/02b%20Round%20V%20Dashboard%20of%20Displacement%20Sites_0.pdf,title:site assessment
1841,2015,2015-09-01,Mobility Tracking – IDP & Returnee Atlas,,,Nigeria — Displacement Dashboard 5 (July — August 2015),https://dtm.iom.int/reports/nigeria-%E2%80%94-displacement-dashboard-5-july-%E2%80%94-august-2015,https://dtm.iom.int/sites/g/files/tmzbdl1461/files/reports/02a%20Round%20V%20Dashboard%20of%20Baseline%20Assessment%20Nigeria.pdf,title:displacement dashboard
1842,2015,2015-08-31,Mobility Tracking – IDP & Returnee Atlas,North East; North Central,Adamawa; Borno; Yobe; Gombe; Taraba; Bauchi; Nasarawa,Nigeria — Displacement Report 5 (1 July — 31 August 2015),https://dtm.iom.int/reports/nigeria-%E2%80%94-displacement-report-5-1-july-%E2%80%94-31-august-2015,https://dtm.iom.int/sites/g/files/tmzbdl1461/files/reports/01_IOM%20DTM%20Nigeria_Round%20V%20Report_20150831.pdf,title:displacement report
1843,2015,2015-08-05,Mobility Tracking – IDP & Returnee Atlas,,,Nigeria — List of Wards Assessed 5 (1 July — 30 August 2015),https://dtm.iom.int/reports/nigeria-%E2%80%94-list-wards-assessed-5-1-july-%E2%80%94-30-august-2015,https://dtm.iom.int/sites/g/files/tmzbdl1461/files/reports/List%20of%20Wards%20Assessed%20Round%205.pdf,title:list of wards assessed
1844,2015,2015-07-10,Mobility Tracking – IDP & Returnee Atlas,North East,Adamawa; Borno,Nigeria — Site Assessment Dashboard 4 (June 2015),https://dtm.iom.int/reports/nigeria-%E2%80%94-site-assessment-dashboard-4-june-2015,https://dtm.iom.int/sites/g/files/tmzbdl1461/files/reports/02b%20Round%20IV%20Dashboard%20of%20Displacement%20Sites.pdf,title:site assessment
1845,2015,2015-07-05,Mobility Tracking – IDP & Returnee Atlas,,,Nigeria — Displacement Dashboard 4 (May — June 2015),https://dtm.iom.int/reports/nigeria-%E2%80%94-displacement-dashboard-4-may-%E2%80%94-june-2015,https://dtm.iom.int/sites/g/files/tmzbdl1461/files/reports/02a%20Round%20IV%20Dashboard%20of%20Baseline%20Assessment%20nigeria.pdf,title:displacement dashboard
1846,2015,2015-07-02,Mobility Tracking – IDP & Returnee Atlas,,,Nigeria — List of Wards Assessed 4 (1 May — 30 June 2015),https://dtm.iom.int/reports/nigeria-%E2%80%94-list-wards-assessed-4-1-may-%E2%80%94-30-june-2015,https://dtm.iom.int/sites/g/files/tmzbdl1461/files/reports/List%20of%20Wards%20Assessed%20Round%204.pdf,title:list of wards assessed
1847,2015,2015-05-10,Mobility Tracking – IDP & Returnee Atlas,,,Nigeria — Displacement Dashboard 3 (1 March — 29 April 2015),https://dtm.iom.int/reports/nigeria-%E2%80%94-displacement-dashboard-3-1-march-%E2%80%94-29-april-2015,https://dtm.iom.int/sites/g/files/tmzbdl1461/files/reports/02a%20Round%20III%20Dashboard%20of%20Baseline%20Assessment%20NIgeria.pdf,title:displacement dashboard
1848,2015,2015-05-01,Mobility Tracking – IDP & Returnee Atlas,,,Nigeria — Site Assessment Dashboard 3 (29 April 2015),https://dtm.iom.int/reports/nigeria-%E2%80%94-site-assessment-dashboard-3-29-april-2015,https://dtm.iom.int/sites/g/files/tmzbdl1461/files/reports/02b%20Round%20III%20Dashboard%20of%20Displacement%20Sites_0.pdf,title:site assessment
1849,2015,2015-04-30,Mobility Tracking – IDP & Returnee Atlas,,,Nigeria — List of Wards Assessed 3 (1 March — 30 April 2015),https://dtm.iom.int/reports/nigeria-%E2%80%94-list-wards-assessed-3-1-march-%E2%80%94-30-april-2015,https://dtm.iom.int/sites/g/files/tmzbdl1461/files/reports/08_IOM%20DTM%20Nigeria_Ward%20List_Round%20III%20Report_20150429.pdf,title:list of wards assessed
1850,2015,2015-04-30,Mobility Tracking – IDP & Returnee Atlas,,,Nigeria — List of Displacement Sites Assessed 3 (1 March — 30 April 2015),https://dtm.iom.int/reports/nigeria-%E2%80%94-list-displacement-sites-assessed-3-1-march-%E2%80%94-30-april-2015,https://dtm.iom.int/sites/g/files/tmzbdl1461/files/reports/07_IOM%20DTM%20Nigeria_Site%20List_Round%20III%20Report_20150429.pdf,title:list of displacement sites
1851,2015,2015-04-30,Mobility Tracking – IDP & Returnee Atlas,North East,Adamawa; Borno; Yobe; Gombe; Taraba; Bauchi,Nigeria — Displacement Report 3 (1 March — 30 April 2015),https://dtm.iom.int/reports/nigeria-%E2%80%94-displacement-report-3-1-march-%E2%80%94-30-april-2015,https://dtm.iom.int/sites/g/files/tmzbdl1461/files/reports/01_IOM%20DTM%20Nigeria_Round%20III%20Report_20150429.pdf,title:displacement report
1852,2015,2015-02-28,Mobility Tracking – IDP & Returnee Atlas,North East,Adamawa; Borno; Taraba,Nigeria — Site Assessment Dashboard 2 (1 January — 28 February 2015),https://dtm.iom.int/reports/nigeria-%E2%80%94-site-assessment-dashboard-2-1-january-%E2%80%94-28-february-2015,https://dtm.iom.int/sites/g/files/tmzbdl1461/files/reports/02_IOM_DTM_Nigeria_Dashboard_Displacement_Sites_R2.pdf,title:site assessment
1853,2015,2015-02-28,Mobility Tracking – IDP & Returnee Atlas,,,Nigeria — List of Wards Assessed 2 (1 January — 28 February 2015),https://dtm.iom.int/reports/nigeria-%E2%80%94-list-wards-assessed-2-1-january-%E2%80%94-28-february-2015,https://dtm.iom.int/sites/g/files/tmzbdl1461/files/reports/04_IOM_DTM_Assessed_Nigeria_Wards_List_R2.pdf,title:list of wards assessed
1854,2015,2015-02-28,Mobility Tracking – IDP & Returnee Atlas,,,Nigeria — List of Displacement Sites Assessed 2 (1 January — 28 February 2015),https://dtm.iom.int/reports/nigeria-%E2%80%94-list-displacement-sites-assessed-2-1-january-%E2%80%94-28-february-2015,https://dtm.iom.int/sites/g/files/tmzbdl1461/files/reports/03_IOM_DTM_Nigeria_Assessed_Sites_List_R2.pdf,title:list of displacement sites
1855,2015,2015-02-28,Mobility Tracking – IDP & Returnee Atlas,North East; North Central; North West,Adamawa; Borno; Yobe; Gombe; Taraba; Bauchi; Nasarawa; Plateau; Kano; Kaduna,Nigeria — Displacement Report 2 (1 January — 28 February 2015),https://dtm.iom.int/reports/nigeria-%E2%80%94-displacement-report-2-1-january-%E2%80%94-28-february-2015,https://dtm.iom.int/sites/g/files/tmzbdl1461/files/reports/IOM%20DTM%20Nigeria%20II%20Round%20Report_Feb_2015.pdf,title:displacement report
1856,2015,2015-02-28,Mobility Tracking – IDP & Returnee Atlas,,,Nigeria — Displacement Dashboard 2 (1 January — 28 February 2015),https://dtm.iom.int/reports/nigeria-%E2%80%94-displacement-dashboard-2-1-january-%E2%80%94-28-february-2015,https://dtm.iom.int/sites/g/files/tmzbdl1461/files/reports/01_IOM_DTM_Nigeria_Dashboard_Baseline_Assessment_R2.pdf,title:displacement dashboard
1857,2015,2015-02-28,Mobility Tracking – IDP & Returnee Atlas,North East,Borno,Nigeria — Borno Site Profiles 2 (1 January — 28 February 2015),https://dtm.iom.int/reports/nigeria-%E2%80%94-borno-site-profiles-2-1-january-%E2%80%94-28-february-2015,https://dtm.iom.int/sites/g/files/tmzbdl1461/files/reports/Nigeria%20Round%202%20Borno%20site%20profiles%20combined.pdf,title:site profile
1858,2015,2015-02-28,Mobility Tracking – IDP & Returnee Atlas,North East,Adamawa,Nigeria — Adamawa Site Profiles 2 (1 January — 28 February 2015),https://dtm.iom.int/reports/nigeria-%E2%80%94-adamawa-site-profiles-2-1-january-%E2%80%94-28-february-2015,https://dtm.iom.int/sites/g/files/tmzbdl1461/files/reports/Nigeria%20Round%202%20Adamawa%20site%20profiles%20combined.pdf,title:site profile
1859,2015,2015-01-10,Mobility Tracking – IDP & Returnee Atlas,,,Nigeria — List of Wards Assessed 1 (October — December 2014),https://dtm.iom.int/reports/nigeria-%E2%80%94-list-wards-assessed-1-october-%E2%80%94-december-2014,https://dtm.iom.int/sites/g/files/tmzbdl1461/files/reports/List%20of%20Wards%20Assessed%20Round%201.pdf,title:list of wards assessed
1860,2015,2015-01-05,Emergency Tracking Tool (ETT),North East,Adamawa; Yobe; Gombe; Taraba; Bauchi,Nigeria — Emergency Tracking Tool Report 1 (December 2014),https://dtm.iom.int/reports/nigeria-%E2%80%94-emergency-tracking-tool-report-1-december-2014,https://dtm.iom.int/sites/g/files/tmzbdl1461/files/reports/01%20DTM%20Round%20I%20Report%20December%202014.pdf,title:emergency tracking tool
1861,2014,2014-12-20,Mobility Tracking – IDP & Returnee Atlas,North East,Adamawa; Borno,Nigeria — Displacement Dashboard 1 (December 2014),https://dtm.iom.int/reports/nigeria-%E2%80%94-displacement-dashboard-1-december-2014,https://dtm.iom.int/sites/g/files/tmzbdl1461/files/reports/02%20Round%20I%20Dashboard%20of%20Baseline%20AssessmenNigeria%20t.pdf,title:displacement dashboard
